etiket,ders_konu_sinif,isaret,kural_sart,eksik,hamle,neden,karisan_durum,mini_ornek,kaynak,yontem,secim_ipucu
onermeden_2_ussu_satir_bul,Matematik · Mantık · 9. Sınıf,"Kaç farklı basit önerme olduğu verilmiş, doğruluk tablosunun satır sayısı soruluyor","n farklı basit önerme için doğruluk tablosunda 2ⁿ satır vardır, çünkü her önerme yalnız 1 ya da 0 değerini alır",Öğrenci önerme sayısını 2 ile çarpar ya da sütun sayısını satır sayısı sanır,Farklı basit önermeleri say. 2'yi bu sayı kadar kuvvete yükselt.,Her önerme iki değer alır; çarpma ilkesiyle bütün değer birleşimleri 2·2·…·2 tane olur.,"Alt küme sayısı da 2ⁿ ile bulunur (alt_kume_sayisi_2_ussu_n); ama tablonun sütun sayısı 2ⁿ değildir, yazılan ifade sayısına bağlıdır","6 farklı önerme (p, q, r, s, t, u) varsa tablo 2⁶ = 64 satırdır","MEB 3 Adım TYT Matematik hamle verisi (1 soru: Mantık); ajan yazdı, 7 Ekim 2026; az veri",Mantık · doğruluk tablosu satır sayısı,Önerme sayısı verilip tablonun kaç satır olduğu soruluyorsa doğrudan 2 üssü önerme sayısını yaz.
kesin_hukum_var_mi_bak,Matematik · Mantık · 9. Sınıf,"Birkaç cümle sıralanmış, hangilerinin önerme olduğu soruluyor","Doğru ya da yanlış olduğu kesin söylenebilen hüküm cümlesi önermedir; emir, soru, ünlem ve kişisel görüş önerme değildir",Öğrenci yanlış hüküm bildiren cümleyi önerme saymaz; görüş ya da emir cümlesini önerme sanır,Her cümleye 'Bu kesin doğru ya da kesin yanlış mı?' diye sor. Cevap evetse önerme say; doğru mu yanlış mı olduğuna bakma.,"Önerme olmanın şartı doğru olmak değil, doğruluk değerinin kesin belli olmasıdır.",Önermenin doğruluk değerini bulmak (once_basit_onermeleri_degerle) ile önerme olup olmadığına karar vermek ayrı işlerdir,'7 bir çift sayıdır' yanlış ama önermedir; 'Kapıyı kapat' ve 'Matematik çok zevkli' önerme değildir → 1 önerme,"MEB 3 Adım TYT Matematik hamle verisi (1 soru: Mantık); ajan yazdı, 7 Ekim 2026; az veri",Mantık · önerme tanımı,"'Hangileri önermedir' soruluyorsa cümlenin doğruluğuna değil, kesin hüküm bildirip bildirmediğine bak."
ise_ile_hipotez_ve_hukmu_ayir,Matematik · Mantık · 9. Sınıf,"Bir teorem cümlesi verilmiş, hipotezi ya da hükmü soruluyor","Teorem 'p ise q' (p ⇒ q) biçiminde yazılır; p hipotez (verilen), q hüküm (ispatlanacak olan) olur",Öğrenci hükmü hipotez sanır ya da hipotezdeki 've'yi 'veya'ya çevirir,"Cümleyi '… ise …' kalıbına sok. 'ise'den önceki kısmı aynen hipotez, sonraki kısmı hüküm olarak yaz.","Koşullu önermede verilen koşul solda, ondan çıkan sonuç sağda durur; kalıba sokunca roller karışmaz.",Karşıt ya da karşıt terste hipotez ile hüküm yer değiştirir (karsit_ters_cevir_ve_degille); teoremin kendisinde değiştirilmez,'6'ya bölünen bir sayı 3'e de bölünür' → hipotez: sayı 6'ya bölünür; hüküm: sayı 3'e bölünür,"MEB 3 Adım TYT Matematik hamle verisi (1 soru: Mantık); ajan yazdı, 7 Ekim 2026; az veri",Mantık · teoremde hipotez ve hüküm,Teoremin hipotezi ya da hükmü soruluyorsa önce cümleyi '… ise …' biçimine çevir.
ise_yi_veya_ile_yaz,Matematik · Mantık · 9. Sınıf,"İçinde ⇒ olan bileşik önerme (ya da onun değili, karşıtı) verilmiş; en sade denki ya da sadeleştirmedeki hatalı adım soruluyor","p ⇒ q ≡ p' ∨ q ve (p ⇒ q)' ≡ p ∧ q'; sonra p ∨ p' ≡ 1, p ∧ p' ≡ 0 gibi kurallarla sadeleştirilir",Öğrenci (p ⇒ q)' ifadesini p' ∧ q' sanır ya da De Morgan'da bağlacı çevirmeyi unutur,Her ⇒'yi 'öndekinin değili veya arkadaki' diye yaz. Sonra De Morgan ve ortak paranteze alma ile sadeleştir.,⇒ için doğrudan sadeleştirme kuralı yoktur; ∨ ve ∧'ye çevirince bilinen kurallar kullanılabilir.,Karşıt (q ⇒ p) ile karşıt ters (q' ⇒ p') karışır; ⇒'yi çevirmeden önce hangisinin istendiğine bak (karsit_ters_cevir_ve_degille),(p ⇒ q) ∧ p ≡ (p' ∨ q) ∧ p ≡ (p' ∧ p) ∨ (q ∧ p) ≡ p ∧ q,"MEB 3 Adım TYT Matematik hamle verisi (3 soru: Mantık); ajan yazdı, 7 Ekim 2026",Mantık · koşulluyu veya ile yazma,⇒ içeren bir ifadenin sade denki isteniyorsa önce her ⇒'yi p' ∨ q biçimine çevir.
ortak_carpan_paranteze_al,Matematik · Üslü ve Köklü İfadeler · 9. Sınıf,"Birden çok terimde aynı çarpan (sayı, faktöriyel, harf ya da önerme) tekrar ediyor; sadeleştirme, işaret ya da EBOB-EKOK soruluyor",ab + ac = a(b + c); mantıkta da (p ∧ q) ∨ (p ∧ r) ≡ p ∧ (q ∨ r),Öğrenci büyük sayıları (faktöriyelleri) tek tek açıp hesaplar ya da ortak çarpanı görmediği için işaret yorumunu kaçırır,Bütün terimlerde ortak olan çarpanı bul ve dışarı al. Parantezde kalan küçük ifadeyi sadeleştir ya da işaretine bak.,"Ortak çarpan dışarı alınınca toplam bir çarpıma dönüşür; işaret, bölen ve EBOB-EKOK çarpanlardan kolayca okunur.",Ortak çarpan yalnız her terimde varsa dışarı alınır; tek bir terimdeki çarpanı paranteze almak ifadeyi değiştirir,6! + 7! = 6!·(1 + 7) = 8·6! = 5760,"MEB 3 Adım TYT Matematik hamle verisi (19 soru: Üslü ve Köklü İfadeler, Polinomlar ve Çarpanlara Ayırma, İkinci Dereceden Denklemler, Karmaşık Sayılar, EBOB - EKOK, Periyodik Olarak Tekrar Eden Durumlar, Mantık, Temel Kavramlar, Sayı Basamakları, Sayı Kümeleri); ajan yazdı, 7 Ekim 2026",Cebir · ortak çarpan parantezi,"Aynı çarpan (n!, x, p gibi) birden çok terimde görünüyorsa hesaplamadan önce onu paranteze al."
once_basit_onermeleri_degerle,Matematik · Mantık · 9. Sınıf,"p, q, r gibi basit önermeler (sayısal ya da sözel cümleler) ya da tablodaki p, q değerleri verilmiş; bileşik önermelerin doğruluk değeri soruluyor",Bileşik önermenin değeri yalnız basit önermelerin değerine bağlıdır: ∧ ikisi 1 ise 1; ∨ biri 1 ise 1; ⇒ yalnız 1 ⇒ 0 iken 0; ⇔ değerler aynıysa 1; ⊻ değerler farklıysa 1,"Öğrenci basit önermenin değerini yanlış bulur (ör. √a + √b = √(a + b) sanır) ya da q' yerine q'yu, ⊻ yerine ∨ kuralını kullanır",Her basit önermeyi tek tek 1 ya da 0 diye işaretle; değil (') olanları çevir. Sonra bağlaçları içten dışa uygula.,"Basit önermelerin değerleri kesinleşince bileşik önerme mekanik bir hesaba döner, hata yeri azalır.",Bileşik önermenin değeri verilip basit önermeler soruluyorsa ters yönde gidilir (kesin_deger_veren_baglactan_basla),"p: 2³ = 8 (1), q: 15 asaldır (0) → p ⇒ q = 0, p ⊻ q = 1, p' ∨ q = 0","MEB 3 Adım TYT Matematik hamle verisi (9 soru: Mantık); ajan yazdı, 7 Ekim 2026",Mantık · basit önerme değerleri,Basit önermeler sayılarla ya da cümlelerle verilmişse bileşiğe geçmeden önce her birine 1 ya da 0 yaz.
kesin_deger_veren_baglactan_basla,Matematik · Mantık · 9. Sınıf,"Bir bileşik önermenin doğruluk değeri verilmiş (ör. p ∧ q doğru, p ⇒ (q ∨ r) yanlış); basit önermelerin ya da başka bileşiklerin değeri soruluyor","Tek durumda gerçekleşen bağlaçlar değerleri kesinleştirir: p ∧ q = 1 ise p = q = 1; p ∨ q = 0 ise p = q = 0; p ⇒ q = 0 ise p = 1, q = 0. Ayrıca öndeki 0 ise p ⇒ q her zaman 1'dir",Öğrenci yanlış koşulluda sonuç kısmındaki bileşenlerden birini doğru bırakır ya da koşul gerçekleşmediğinde sözün bozulduğunu sanır,"Verilen bağlacın tek durumunu yaz (⇒ yanlışsa öncesi 1, sonrası 0). İçteki bağlaçlara aynı kuralla in ve bulunan değerleri istenen ifadeye yerleştir.",Bu bağlaçlar o değeri yalnız tek bir şekilde alır; böylece deneme yapmadan basit önermeler kesinleşir.,"p ∨ q = 1 ya da p ∧ q = 0 tek durum vermez, birden çok olasılık bırakır; oradan başlama","p ⇒ (q ∧ r') yanlış ve q doğru → p = 1, q ∧ r' = 0; q = 1 olduğundan r' = 0, yani r = 1","MEB 3 Adım TYT Matematik hamle verisi (14 soru: Mantık, Fonksiyon Kavramı ve Özellikleri, Üçgende Temel Kavramlar, Üçgen Eşitsizliği, Üçgenin Yardımcı Elemanları); ajan yazdı, 7 Ekim 2026",Mantık · değeri verilen bileşikten geri gitme,"Bileşik önermenin değeri verilmişse önce 've doğru', 'veya yanlış' ya da 'ise yanlış' durumunu ara ve oradan başla."
soz_ile_sembolu_cevir,Matematik · Mantık · 9. Sınıf,Günlük dilde ya da sembolle yazılmış önerme verilmiş; öbür biçimdeki karşılığı ya da hangi durumun buna uyduğu soruluyor,"ve = ∧, veya = ∨ (en az biri), ya da = ⊻ (yalnız biri), ise = ⇒, her = ∀, bazı/en az bir = ∃; ℕ doğal sayılar, ℤ tam sayılar, ≥ büyük veya eşit","Öğrenci 'ya da'yı ikisine birden izin veren 'veya' gibi okur; ℕ'yi ℤ, ≥'yi > sanır",Cümleyi bağlaç ve niceleyicilerine ayır. Her parçayı karşılığıyla birebir çevir; 'ya da'da ikisinin birden olamayacağını not et.,"Küçük söz farkları (veya / ya da, ≥ / >) önermenin doğru olduğu durumları değiştirir; birebir çeviri bunu korur.","'Ya da' (⊻) ile 'veya' (∨) karışır: veya ikisinin birden doğru olmasına izin verir, ya da vermez","'∃x ∈ ℤ, x² = 4' → 'Karesi 4 olan en az bir tam sayı vardır' (doğru: x = 2 ya da x = −2)","MEB 3 Adım TYT Matematik hamle verisi (4 soru: Mantık); ajan yazdı, 7 Ekim 2026",Mantık · sözel–sembolik çeviri,"Soruda 'ya da, veya, her, bazı' sözleri ya da ∀, ∃, ⊻ sembolleri varsa önce birebir çeviri yap, sonra yorumla."
her_icin_karsi_ornek_ara,Matematik · Mantık · 9. Sınıf,"'Her', 'bazı' (∀, ∃) ya da 'her zaman', 'kesinlikle' içeren yargılar verilmiş; hangilerinin doğru olduğu soruluyor",∀ önermesini çürütmek için tek karşı örnek yeter; ∃ önermesini doğrulamak için tek örnek yeter. ∀'yi doğrulamak ise bütün durumları gerektirir,"Öğrenci yalnız pozitif ya da akla ilk gelen sayıları dener; 0'ı, 1'i, 2'yi (çift asal), negatifleri ya da 0 üssünü unutur","'Her' yargısında onu bozacak bir örnek ara: 0, 1, 2, negatif sayı ve uç değerleri dene. 'Bazı' yargısında tek uygun örnek bulman yeterli.","Her elemanı tek tek denemek olanaksızdır; tek bozucu örnek ∀'yi düşürür, tek uyan örnek ∃'yi kanıtlar.",Niceleyicili önermenin değilini almak (niceleyiciyi_ve_ici_degille) ayrı bir iştir; burada önermenin değeri aranır,"'∀n ∈ ℕ, n² > n' önermesi n = 1 için 1 > 1 sağlanmadığından yanlıştır; '∃n ∈ ℕ, n² = n' ise n = 0 ile doğrudur","MEB 3 Adım TYT Matematik hamle verisi (6 soru: Mantık, Temel Kavramlar, Sayı Basamakları, Sayı Kümeleri, Birinci Dereceden Denklem ve Eşitsizlikler); ajan yazdı, 7 Ekim 2026",Mantık · karşı örnekle niceleyici,"'Her zaman doğru mu' sorusu ya da ∀ görüyorsan ispata uğraşmadan önce 0, 1, negatif gibi bozucu bir örnek dene."
niceleyiciyi_ve_ici_degille,Matematik · Mantık · 9. Sınıf,∀ ya da ∃ içeren bir önermenin değili (olumsuzu) soruluyor,"(∀x, p(x))' ≡ ∃x, p(x)' ve (∃x, p(x))' ≡ ∀x, p(x)'; içteki koşulda = ↔ ≠, < ↔ ≥, > ↔ ≤ olur, sayı kümesi aynı kalır",Öğrenci yalnız niceleyiciyi çevirip içteki eşitliği ya da eşitsizliği değiştirmeyi unutur,"∀'yi ∃'ye, ∃'yi ∀'ye çevir. Sonra içteki koşulun da değilini al; sayı kümesine dokunma.",'Her eleman sağlar' yanlışsa 'sağlamayan en az bir eleman vardır'; bu yüzden hem niceleyici hem koşul değişir.,"Kümeyi değiştirmek (ℕ yerine ℕ dışı) yanlıştır; ayrıca ≥'nin değili > değil, <'dür","(∀x ∈ ℤ, x² ≥ 0)' ≡ ∃x ∈ ℤ, x² < 0","MEB 3 Adım TYT Matematik hamle verisi (1 soru: Mantık); ajan yazdı, 7 Ekim 2026; az veri",Mantık · niceleyicili önermenin değili,Niceleyicili önermenin değili isteniyorsa iki şeyi birlikte değiştir: niceleyiciyi ve içteki koşulu.
aksiyomla_teoremi_ayir,Matematik · Mantık · 9. Sınıf,İspatsız doğru kabul edilen ya da ispatlanan önermenin adı soruluyor,Aksiyom ispatsız doğru kabul edilen önermedir; teorem aksiyom ve tanımlar kullanılarak ispatlanan önermedir,Öğrenci aksiyom ile teoremi ters eşleştirir,"'İspat gerekiyor mu?' diye sor: gerekmiyorsa aksiyom, ispatlanıyorsa teorem de.",İki kavramı ayıran tek ölçüt ispattır.,Teoremin hipotez ve hüküm kısımlarını ayırmak (ise_ile_hipotez_ve_hukmu_ayir) ayrı bir sorudur,'İki farklı noktadan tek doğru geçer' ispatsız kabul edilir → aksiyom; 'Üçgenin iç açıları toplamı 180°'dir' ispatlanır → teorem,"MEB 3 Adım TYT Matematik hamle verisi (1 soru: Mantık); ajan yazdı, 7 Ekim 2026; az veri",Mantık · aksiyom ve teorem,Soruda 'ispatsız kabul' ya da 'ispatlanan' sözü geçiyorsa aksiyom–teorem ayrımını yap.
islem_sirasini_sozden_cikar,Matematik · Mantık · 9. Sınıf,Sözle anlatılmış işlem ('bir sayının 3 eksiğinin 2 katı') ile cebirsel yazılışın uyup uymadığı soruluyor,"Sözde önce söylenen işlem önce yapılır: 'x'in 3 eksiğinin 2 katı' = 2(x − 3), 'x'in 2 katının 3 eksiği' = 2x − 3",Öğrenci '3 eksiğinin 2 katı'nı 2x − 3 gibi parantezsiz yazar,Sözü baştan oku ve ilk yapılan işlemi parantez içine al. Sonraki işlemi bu parantezin tamamına uygula.,Parantez işlem sırasını belirler; sözdeki sıra parantezle korunmazsa başka bir sayı elde edilir.,'Karesinin 4 eksiği' (x² − 4) ile '4 eksiğinin karesi' ((x − 4)²) farklıdır,"'Bir sayının 5 fazlasının yarısı' = (x + 5)/2; x = 7 için 6 çıkar, yanlış yazılan x/2 + 5 ise 8,5 verir","MEB 3 Adım TYT Matematik hamle verisi (1 soru: Mantık); ajan yazdı, 7 Ekim 2026; az veri",Cebir · sözel ifadeyi cebire çevirme,"Sözde 'eksiğinin, fazlasının, katının' zinciri varsa önce hangisinin ilk yapıldığını bulup paranteze al."
karsit_ters_cevir_ve_degille,Matematik · Mantık · 9. Sınıf,"Koşullu önermenin (p ⇒ q) karşıtı, tersi ya da karşıt tersi ya da hangi önermelerin denk olduğu soruluyor",Karşıt: q ⇒ p; ters: p' ⇒ q'; karşıt ters: q' ⇒ p'. Yalnız karşıt ters p ⇒ q'ya denktir,Öğrenci yalnız yer değiştirir ya da yalnız değil alır; 've'li bileşenin değilinde 'veya'ya geçmeyi unutur,Karşıt ters için p ile q'nun yerini değiştir ve ikisinin de değilini al. Bileşen bileşikse değilini De Morgan ile yaz.,"p ⇒ q yalnız p = 1, q = 0 iken yanlıştır; q' ⇒ p' de tam bu durumda yanlış olur, bu yüzden denktir.","Karşıt (q ⇒ p) ve ters (p' ⇒ q') asıl önermeye denk değildir, yalnız birbirlerine denktir",'x = 2 ise x² = 4'ün karşıt tersi 'x² ≠ 4 ise x ≠ 2' (doğru); karşıtı 'x² = 4 ise x = 2' ise x = −2 ile yanlış,"MEB 3 Adım TYT Matematik hamle verisi (4 soru: Mantık); ajan yazdı, 7 Ekim 2026","Mantık · karşıt, ters, karşıt ters",'Karşıt ters' ya da 'denk olan' soruluyorsa hem yer değiştir hem değil al; yalnız birini yaparsan karşıt ya da ters çıkar.
de_morgan_ile_degil_dagit,Matematik · Mantık · 9. Sınıf,"Parantezli bileşik ifadenin değili ((p ∧ q)', (a = 0 ve b = 0)'ın değili gibi) alınacak",(p ∧ q)' ≡ p' ∨ q' ve (p ∨ q)' ≡ p' ∧ q',Öğrenci değili parçalara dağıtırken ∧'yi ∨'ye (ya da tersini) çevirmeyi unutur,Parantezdeki her önermenin değilini al. Aradaki bağlacı ters çevir (ve ↔ veya).,'İkisi birden doğru' değilse en az biri yanlıştır; 'en az biri doğru' değilse ikisi de yanlıştır.,Değili yalnız parçalara dağıtıp bağlacı korumak (p' ∧ q') yaygın hatadır; niceleyicili cümlede niceleyici de döner (niceleyiciyi_ve_ici_degille),(x > 3 veya y = 1)' ≡ x ≤ 3 ve y ≠ 1,"MEB 3 Adım TYT Matematik hamle verisi (3 soru: Mantık); ajan yazdı, 7 Ekim 2026",Mantık · De Morgan kuralı,Parantezin dışında değil işareti görüyorsan her parçayı değille ve bağlacı ters çevir.
bulunan_degerlerle_yerlestir,Matematik · Mantık · 9. Sınıf,"Kişiler ya da nesneler hakkında önermeler ve bir bileşik önermenin değeri verilmiş; sıralama, dağılım ya da yerleştirme soruluyor","Bağlaç kurallarıyla her basit önermenin değeri bulunur; doğru önerme olduğu gibi, yanlış önerme değiliyle kısıt olur","Öğrenci p' = 1'i 'p doğru' diye okur, yanlış önermeyi kısıt olarak kullanmaz ya da değerleri bulmadan yerleştirmeye başlar",Bileşik önermeden her basit önermenin değerini çıkar. Her birini 'X şurada / şurada değil' kısıtına çevir ve tabloyla eleyerek yerleştir.,Doğruluk değerleri bulmacanın ipuçlarıdır; hepsi kısıt olarak yazılınca tek uygun dağılım kalır.,"Ters yönde önce durum (sıra, dolma düzeni) bulunup önermelerin değeri istenebilir; o zaman önce durumu kur, sonra once_basit_onermeleri_degerle","Ece, Ali, Can sıraya giriyor; p: 'Can ilk', q: 'Ali son', r: 'Ece ilk'. (p ∨ q)' ∧ r doğru → p = 0, q = 0, r = 1 → sıra Ece, Ali, Can","MEB 3 Adım TYT Matematik hamle verisi (6 soru: Mantık); ajan yazdı, 7 Ekim 2026",Mantık · önerme değerleriyle sıralama,Bulmaca önermelerle kurulmuşsa yerleştirmeye geçmeden önce her önermenin doğru mu yanlış mı olduğunu bul.
boyali_bolgeyi_islemle_yaz,Matematik · Kümeler · 9. Sınıf,"Venn şemasında boyalı (taralı) bölge verilmiş ya da bir küme işlemi istenmiş; bölgenin elemanları, eleman sayısı ya da şemadaki karşılığı soruluyor","Her bölge kesişim, fark ve tümleyenle yazılabilir: yalnız A = A ∖ B, ortak kısım = A ∩ B; s(A ∖ B) = s(A ∪ B) − s(B)","Öğrenci boyalı bölgeyi kümenin tamamı sanır, fark ya da tümleyen kısmını atlar ya da kümenin elemanının ne olduğunu (ör. film–saat çifti) yanlış belirler","Boyalı bölgenin hangi kümelerin içinde, hangilerinin dışında olduğunu oku ve bunu ∩, ∖, ' ile yaz. Sonra bu işlemi elemanlara ya da sayılara uygula.",Şekil yerine işlem yazınca hangi elemanın girip girmediği kesinleşir ve eleman sayısı formülle bulunur.,Birleşimin eleman sayısında ortak bölge bir kez çıkarılır (ortak_sayilani_bir_kez_cikar); boyalı bölge sorusunda ise önce bölgenin adı konur,s(A ∪ B) = 42 ve s(A) = 25 ise yalnız B'de olanlar: s(B ∖ A) = 42 − 25 = 17,"MEB 3 Adım TYT Matematik hamle verisi (8 soru: Kümeler); ajan yazdı, 7 Ekim 2026",Kümeler · boyalı bölgeyi işlemle yazma,"Şemada taralı bölge görüyorsan saymaya başlamadan önce o bölgeyi A ∩ B', A ∩ B ∩ C gibi bir işlemle adlandır."
ortak_sayilani_bir_kez_cikar,Matematik · Kümeler · 9. Sınıf,"İki grubun ayrı ayrı sayıları ve her ikisinde birden olanların sayısı (ya da iki kez sayılan köşe, ortak sonuç) verilmiş; toplam soruluyor",s(A ∪ B) = s(A) + s(B) − s(A ∩ B); iki kez sayılan her eleman bir kez çıkarılır,"Öğrenci iki sayıyı doğrudan toplar, ortak olanların iki kez sayıldığını görmez","İki grubun sayılarını topla, ortak olanların sayısını bir kez çıkar. Yüzdeli sorularda 'hiçbiri' payını önce %100'den düş.",Ortak elemanlar hem birinci hem ikinci grubun içinde sayıldığından toplamda fazladan bir kez yer alır.,"Yalnız bir kümede olanlar soruluyorsa ortak kısım o kümeden çıkarılır, birleşim hesaplanmaz (boyali_bolgeyi_islemle_yaz)","18 kişi satranç, 14 kişi yüzme seçmiş, 5 kişi ikisini birden seçmişse en az birini seçen 18 + 14 − 5 = 27 kişidir","MEB 3 Adım TYT Matematik hamle verisi (11 soru: Kümeler, Bölme - Bölünebilme Kuralları, EBOB - EKOK, Periyodik Olarak Tekrar Eden Durumlar, Temel Kavramlar, Sayı Basamakları, Sayı Kümeleri, Sayı, Kesir, Yaş, İşçi Problemleri, Kar - Zarar, Yüzde, Karışım, Hareket Problemleri, Permütasyon, Kombinasyon, Binom); ajan yazdı, 7 Ekim 2026",Kümeler · birleşimin eleman sayısı,İki grubun toplamı istenip 'ikisi birden' sayısı verilmişse ortak sayıyı bir kez çıkar.
elemanlari_tek_tek_listele,Matematik · Kümeler · 9. Sınıf,"Küme ortak özellikle (koşul, mutlak değer, aralık) ya da tabloyla verilmiş; eleman sayısı, alt küme sayısı ya da işlem sonucu soruluyor","Ortak özellikle verilen küme, koşulu sağlayan elemanlar yazılarak liste yöntemiyle açılır; küme işlemleri bu liste üzerinde yapılır","Öğrenci 0'ı doğal sayı saymaz, uç değerin dahil olup olmadığını karıştırır ya da mutlak değerli koşulun bir yarısını unutur",Koşulu çöz ve uygun elemanları tek tek yaz. Uçları ve 0'ı ayrıca kontrol et; sonra istenen işlemi listede yap.,"Elemanlar açıkça görülünce kesişim, fark ve eleman sayısı sayılarak bulunur; formül hatası olmaz.",Eleman sayısı belli olunca alt küme sayısı listelemeden formülle bulunur (serbest_elemanlari_say_2_ussu_bul),"A = {x ∈ ℤ : |x − 1| ≤ 2} = {−1, 0, 1, 2, 3} → 5 eleman, 2⁵ = 32 alt küme","MEB 3 Adım TYT Matematik hamle verisi (35 soru: Kümeler, Temel Kavramlar, Sayı Basamakları, Sayı Kümeleri, Bölme - Bölünebilme Kuralları, Olasılık, EBOB - EKOK, Periyodik Olarak Tekrar Eden Durumlar, Oran ve Orantı, Birinci Dereceden Denklem ve Eşitsizlikler, Mutlak Değer, Üslü ve Köklü İfadeler, Sayı, Kesir, Yaş, İşçi Problemleri, Veri, Fonksiyon Kavramı ve Özellikleri); ajan yazdı, 7 Ekim 2026",Kümeler · liste yöntemiyle açma,Küme bir koşulla verilmişse işleme geçmeden önce elemanlarını açıkça yaz.
eleman_mi_alt_kume_mi_ayir,Matematik · Kümeler · 9. Sınıf,"İç içe parantezli elemanları olan bir küme verilmiş; ∈, ⊂ ilişkisi ya da alt küme olmayan ifade soruluyor","x ∈ A ise x, A'nın elemanıdır; B ⊂ A ise B'nin her elemanı A'nın elemanıdır. {a} ∈ A ise {{a}} ⊂ A olur","Öğrenci küme içindeki kümeyi ({b}) alt küme sanır, parantez seviyelerini saymaz",A'nın elemanlarını en dış parantezi kaldırarak tek tek yaz. ⊂ için sorulan kümenin her elemanı bu listede var mı bak.,Eleman ve alt küme farklı seviyelerdedir; bir parantez fazla ya da eksik olunca ilişki değişir.,"Boş küme her kümenin alt kümesidir, ama eleman olması için listede ∅ yazılı olmalıdır","A = {1, {2}, 3} ise {2} ∈ A ve {{2}} ⊂ A doğru; {2} ⊂ A yanlış, çünkü 2 A'nın elemanı değil","MEB 3 Adım TYT Matematik hamle verisi (1 soru: Kümeler); ajan yazdı, 7 Ekim 2026; az veri",Kümeler · eleman ve alt küme,Kümede iç içe parantez görüyorsan önce elemanları listele ve her parantezli ifadeyi tek bir eleman say.
istenmeyeni_tumden_cikar,"Matematik · Permütasyon, Kombinasyon, Binom · 10. Sınıf","'En az biri', 'a veya b içeren', 'şunlardan biriyle' gibi birden çok yoldan sağlanabilen bir koşulla sayma soruluyor",İstenen durum sayısı = tüm durumlar − koşulun hiç sağlanmadığı durumlar (tümleyen ilkesi),"Öğrenci koşulları ayrı ayrı sayıp toplar, ikisini birden sağlayanları iki kez sayar",Tüm durumları say. Koşulun hiç sağlanmadığı durumları say ve tümden çıkar.,'Hiçbiri' tek bir koşuldur ve kolay sayılır; 'en az biri' durumlarını ayrı ayrı toplamak çakışma yaratır.,İki küme için birleşim formülü de aynı sonucu verir (ortak_sayilani_bir_kez_cikar); ama koşul sayısı arttıkça tümleyen daha kısadır,"{1, 2, 3, 4, 5, 6} kümesinin 1'i ya da 2'yi içeren alt kümeleri: 2⁶ − 2⁴ = 64 − 16 = 48","MEB 3 Adım TYT Matematik hamle verisi (12 soru: Permütasyon, Kombinasyon, Binom, Kümeler, Temel Kavramlar, Sayı Basamakları, Sayı Kümeleri, Bölme - Bölünebilme Kuralları, Birinci Dereceden Denklem ve Eşitsizlikler); ajan yazdı, 7 Ekim 2026",Sayma · tümleyenle sayma,'En az bir' ya da 'veya içeren' görüyorsan doğrudan sayma; tümünden hiç içermeyenleri çıkar.
serbest_elemanlari_say_2_ussu_bul,Matematik · Kümeler · 9. Sınıf,Alt kümelerde bazı elemanların bulunması ya da bulunmaması zorunlu (ya da A ⊂ K ⊂ B); bu koşullu alt kümelerin sayısı soruluyor,n elemanlı kümede k eleman kesin alınıp m eleman kesin dışarıda bırakılırsa koşullu alt küme sayısı 2^(n − k − m) olur,Öğrenci içermemesi istenen elemanı serbest sayar ya da A ⊂ K ⊂ B'de 'eşit değil' koşulu varken K = A ve K = B'yi çıkarmayı unutur,Kesin alınan ve kesin dışarıda kalan elemanları ayır. Kalan serbest eleman sayısı k ise 2^k yaz; 'eşit değil' koşulu varsa o durumları çıkar.,Zorunlu elemanların seçeneği yoktur; yalnız serbest elemanlar 'girsin–girmesin' diye iki seçenek verir.,Koşul 'en az biri' biçimindeyse tümleyenle saymak daha kolaydır (istenmeyeni_tumden_cikar),"{a, b, c, d, e, f, g} kümesinin a'yı içeren, b ve c'yi içermeyen alt küme sayısı: 7 − 3 = 4 serbest eleman → 2⁴ = 16","MEB 3 Adım TYT Matematik hamle verisi (5 soru: Kümeler, Olasılık); ajan yazdı, 7 Ekim 2026",Kümeler · koşullu alt küme sayısı,Alt kümede 'kesin olsun / kesin olmasın' denen elemanlar varsa onları ayır ve 2 üssü serbest eleman sayısını yaz.
venn_bolgelerine_degisken_yaz,Matematik · Kümeler · 9. Sınıf,"Kümelerin, fark kümelerinin, kesişimin ya da birleşimin eleman sayıları arasında ilişkiler (oran, kapsama, ayrıklık) verilmiş","Venn şemasının ayrık bölgeleri birbirini kesmez; her kümenin eleman sayısı, içindeki bölgelerin toplamıdır",Öğrenci s(A − B)'yi s(A) sanır ya da kapsama ve ayrıklık bilgisini şemaya işlemez,"Şemayı çiz; boş kalması gereken bölgelere 0, diğerlerine x, y, k gibi bilinmeyenler yaz. Verilenleri bu bilinmeyenlerle denklem olarak kur ve çöz.",Ayrık bölgelerle çalışınca hiçbir eleman iki kez sayılmaz; her bilgi tek bir denkleme dönüşür.,İstenen yalnız bir grup toplamıysa bölgeleri tek tek bulmadan denklemleri_taraf_tarafa_topla daha hızlıdır,"s(A − B) = 7, s(B − A) = 3 ve s(A) = 2·s(B) ise kesişim k: 7 + k = 2(3 + k) → k = 1, s(A ∪ B) = 11","MEB 3 Adım TYT Matematik hamle verisi (15 soru: Kümeler, Sayı, Kesir, Yaş, İşçi Problemleri); ajan yazdı, 7 Ekim 2026",Kümeler · Venn bölgelerine bilinmeyen,Kümeler arasında birden çok sayı ilişkisi verilmişse şemanın her ayrık bölgesine bir bilinmeyen yazarak başla.
sirali_ikili_bilesenleri_esitle,Matematik · Kümeler · 9. Sınıf,İki sıralı ikili birbirine eşit verilmiş; bileşenlerdeki bilinmeyenler soruluyor,"(a, b) = (c, d) ancak a = c ve b = d ise sağlanır",Öğrenci bileşenleri çapraz eşitler (a = d gibi),"Birinci bileşeni birinciye, ikinci bileşeni ikinciye eşitle. İki denklemi ayrı ayrı çöz.",Sıralı ikilide sıra önemlidir; eşitlik yalnız aynı sıradaki bileşenler eşitse olur.,"Kümelerde sıra önemsizdir: {a, b} = {c, d} eşitliği çapraz eşleşmeye de izin verir","(3x − 1, 9) = (8, 3^y) → x = 3, y = 2 → x + y = 5","MEB 3 Adım TYT Matematik hamle verisi (1 soru: Kümeler); ajan yazdı, 7 Ekim 2026; az veri",Kümeler · sıralı ikili eşitliği,İki sıralı ikili eşitse bileşenleri sırasıyla eşitleyip iki ayrı denklem kur.
kartezyen_kesisimi_dagit,Matematik · Kümeler · 9. Sınıf,Ortak bir kümeyle kurulmuş kartezyen çarpımların kesişimi ((A × C) ∩ (B × C)) ya da eleman sayısı soruluyor,(A × C) ∩ (B × C) = (A ∩ B) × C ve s(A × B) = s(A)·s(B),Öğrenci kesişimi doğrudan tahmin eder ya da s(A ∩ B) üzerindeki kısıtı (A ⊄ B gibi) kullanmaz,Ortak kümeyi ayırarak ifadeyi (A ∩ B) × C biçimine getir. Sonra s(A ∩ B) ile s(C)'yi çarp.,"Bir ikili iki çarpımda birden varsa ilk bileşeni hem A'da hem B'de, ikinci bileşeni C'dedir.",Birleşimde de benzer kural vardır: (A × C) ∪ (B × C) = (A ∪ B) × C,s(A ∩ B) = 3 ve s(C) = 4 ise s((A × C) ∩ (B × C)) = 3·4 = 12,"MEB 3 Adım TYT Matematik hamle verisi (1 soru: Kümeler); ajan yazdı, 7 Ekim 2026; az veri",Kümeler · kartezyen çarpımda kesişim,Kartezyen çarpımların kesişimi soruluyorsa ortak kümeyi ayırıp kesişimi tek kümeye indir.
en_cok_icin_kesisimi_buyut,Matematik · Kümeler · 9. Sınıf,Kesişimin ya da ona bağlı bir sayının en çok değeri soruluyor; kapsama durumu kısıtlanmış (A ⊄ B gibi),"s(A ∩ B) ≤ min(s(A), s(B)); A ⊄ B ise A'nın en az bir elemanı dışarıda kalır, s(A ∩ B) ≤ s(A) − 1",Öğrenci kısıtı kullanmadan s(A ∩ B)'yi küçük kümenin tamamı alır,Kesişimin olabilecek en büyük değerini küçük kümenin eleman sayısı olarak yaz; 'alt küme değil' kısıtı varsa 1 azalt. Bu değeri istenen ifadede kullan.,İstenen sayı kesişim büyüdükçe büyür; ama yalnız kısıtlara aykırı olmayan en büyük kesişim seçilebilir.,Birleşimin en az değeri de en büyük kesişimle bulunur; kesişimin en az değeri ise toplam eleman sınırından gelir,"s(A) = 4, s(B) = 7 ve A ⊄ B ise s(A ∩ B) en çok 3, s(A ∪ B) en az 4 + 7 − 3 = 8","MEB 3 Adım TYT Matematik hamle verisi (1 soru: Kümeler); ajan yazdı, 7 Ekim 2026; az veri",Kümeler · en çok için kesişimi büyütme,Kesişime bağlı bir 'en çok' sorusunda kesişimi kısıtların izin verdiği en büyük değere götür.
boleni_2_ussu_olarak_yaz,Matematik · Kümeler · 9. Sınıf,Alt küme sayısı (2ⁿ) başka bir sayıya (ör. eleman sayısına) bölünüyor; uygun n değerleri soruluyor,"2ⁿ'nin pozitif bölenleri yalnız 1, 2, 4, …, 2ⁿ'dir; 2ⁿ'yi bölen pozitif tam sayı 2'nin bir kuvveti olmak zorundadır",Öğrenci her n için bölünmeyi tek tek dener ya da 0'ı ve aralığın uçlarını yanlış sayar,Bölen sayıyı 2'nin kuvveti olarak yaz. Verilen aralıktaki 2'nin kuvvetlerini say; koşula uymayanları (0 gibi) çıkar.,"2ⁿ'nin tek asal çarpanı 2'dir; içinde 3, 5 gibi başka bir asal olan sayı onu bölemez.",Yalnız alt küme sayısı soruluyorsa doğrudan 2ⁿ yazılır (alt_kume_sayisi_2_ussu_n),"1 ≤ n ≤ 100 ve n, 2ⁿ'yi bölüyorsa n ∈ {1, 2, 4, 8, 16, 32, 64} → 7 değer","MEB 3 Adım TYT Matematik hamle verisi (1 soru: Kümeler); ajan yazdı, 7 Ekim 2026; az veri",Bölünebilme · 2'nin kuvvetinin bölenleri,Bir sayı 2ⁿ'yi bölüyorsa denemeye başlamadan o sayının 2'nin kuvveti olması gerektiğini kullan.
alt_kume_sayisi_2_ussu_n,Matematik · Kümeler · 9. Sınıf,Eleman sayısı bulunan ya da bulunabilen bir kümenin alt küme sayısı (ya da belli büyüklükteki alt kümelerin oranı) soruluyor,"n elemanlı kümenin 2ⁿ alt kümesi vardır (boş küme ve kendisi dahil); r elemanlı alt kümelerin sayısı C(n, r)'dir",Öğrenci boş kümeyi saymaz ya da kümenin eleman sayısını yanlış bulur,"Önce kümenin eleman sayısını kesinleştir. Tüm alt kümeler için 2ⁿ, belli büyüklüktekiler için C(n, r) kullan.",Her eleman alt kümede ya vardır ya yoktur; n bağımsız iki seçenek 2ⁿ eder.,"Öz alt küme sayısı 2ⁿ − 1'dir, çünkü kümenin kendisi çıkarılır",5 elemanlı bir kümede en çok 1 elemanlı alt kümelerin oranı: (1 + 5)/2⁵ = 6/32 = 3/16,"MEB 3 Adım TYT Matematik hamle verisi (3 soru: Kümeler, Olasılık); ajan yazdı, 7 Ekim 2026",Kümeler · alt küme sayısı,Eleman sayısı belli olunca alt küme sayısı için doğrudan 2ⁿ yaz; boş kümeyi unutma.
kume_islemini_once_sadelestir,Matematik · Kümeler · 9. Sınıf,"Uzun, çok işlemli bir küme ifadesi (tümleyen, kesişim, birleşim) ve kümeleri oluşturan tablo ya da liste verilmiş","(A ∩ B) ∪ (A ∩ B') = A, (A')' = A, A ∩ A' = ∅, A ∪ A' = E ve A ∩ (B ∪ C) = (A ∩ B) ∪ (A ∩ C)",Öğrenci tabloya hemen gidip her parçayı ayrı ayrı bulur; işlem uzar ve hata yapar,Önce ifadeyi kurallarla en sade hâline getir. Ancak sonra tabloya bakıp sade ifadenin elemanlarını bul.,Sadeleşen ifade çoğu zaman tek bir kümeye ya da iki kümenin farkına iner; tabloda yalnız onu okumak yeter.,Mantıktaki ortak paranteze alma (ortak_carpan_paranteze_al) aynı kuraldır: (p ∧ q) ∨ (p ∧ q') ≡ p,(A ∪ B) ∩ (A ∪ B') = A ∪ (B ∩ B') = A ∪ ∅ = A,"MEB 3 Adım TYT Matematik hamle verisi (1 soru: Kümeler); ajan yazdı, 7 Ekim 2026; az veri",Kümeler · işlem kurallarıyla sadeleştirme,Küme ifadesinde üç-dört işlem varsa tabloya bakmadan önce ifadeyi sadeleştir.
denklemleri_taraf_tarafa_topla,Matematik · Kümeler · 9. Sınıf,"Birden çok grup arasında toplam ya da fark ilişkileri verilmiş; tek tek gruplar değil, bir grup toplamı ya da farkı soruluyor",Eşitlikler taraf tarafa toplanıp çıkarılabilir: a = b ve c = d ise a ± c = b ± d,Öğrenci her bilinmeyeni ayrı ayrı bulmaya çalışır ya da hangi grupların birlikte sayıldığını karıştırır,İstenen ifadeyi yaz. Verilen eşitliklerden hangilerini toplayıp çıkarınca bu ifadenin kaldığını bul ve sayılarla aynı işlemi yap.,Bilinmeyenler tek tek belli olmasa da istenen toplam kesin olabilir; taraf tarafa işlem gereksiz bilinmeyenleri götürür.,Her bölge ayrı ayrı isteniyorsa venn_bolgelerine_degisken_yaz ile bütün bilinmeyenleri çözmek gerekir,"a + b = 17, b + c = 12, a + c = 15 → taraf tarafa topla: 2(a + b + c) = 44 → a + b + c = 22","MEB 3 Adım TYT Matematik hamle verisi (21 soru: Kümeler, Birinci Dereceden Denklem ve Eşitsizlikler, Sayı, Kesir, Yaş, İşçi Problemleri, Katı Cisimler - Prizmalar, Temel Kavramlar, Sayı Basamakları, Sayı Kümeleri, Üslü ve Köklü İfadeler, Fonksiyon Kavramı ve Özellikleri, Polinomlar ve Çarpanlara Ayırma); ajan yazdı, 7 Ekim 2026",Denklem · taraf tarafa toplama,Soru bir grup toplamını istiyorsa bilinmeyenleri tek tek bulmadan eşitlikleri toplayıp çıkarmayı dene.
kalan_bos_yeri_say,Matematik · Kümeler · 9. Sınıf,"Eleman sayısı belli kümeler ve içlerinde kesin bulunan elemanlar verilmiş; bir durumun (kelime yazılması, eleman eklenmesi) olup olamayacağı soruluyor",Eleman sayısı n olan kümede k eleman kesin biliniyorsa yalnız n − k boş yer kalır; tekrarlanan eleman bir kez sayılır,Öğrenci tekrarlanan harfi ya da rakamı iki kez sayar veya kesin elemanları yerleştirmeden seçenekleri dener,Her kümeye kesin olan elemanları yerleştir ve kalan boş yer sayısını yaz. Her seçenek için gereken yeni eleman sayısını boş yerle karşılaştır.,"Eleman sayısı sabit olduğundan boş yer sayısı, kümeye girebilecek yeni elemanların üst sınırıdır.",Kesişimin en çok ya da en az değeri sorulduğunda en_cok_icin_kesisimi_buyut kullanılır,"s(A) = 5 ve A'da 'kale' sözcüğünün harfleri {k, a, l, e} var → 1 boş yer; 'kalem' yazılabilir (yalnız m gerekir), 'kalın' yazılamaz (ı ve n gerekir)","MEB 3 Adım TYT Matematik hamle verisi (3 soru: Kümeler); ajan yazdı, 7 Ekim 2026",Kümeler · eleman sayısı sınırıyla eleme,Eleman sayısı sabit bir kümeye yeni eleman girip giremeyeceği soruluyorsa önce kalan boş yeri say.
paydayi_bolenlere_esitle,"Matematik · Temel Kavramlar, Sayı Basamakları, Sayı Kümeleri · 9. Sınıf","Payı sabit, paydası değişken bir kesrin tam sayı olduğu verilmiş; değişkenin değerleri, sayısı ya da toplamı soruluyor","a/(x − k) tam sayı ise x − k, a'nın bir tam bölenidir (pozitif ya da negatif); payda 0 olamaz","Öğrenci yalnız pozitif bölenleri alır, negatif bölenleri unutur",Payın pozitif ve negatif bütün bölenlerini yaz. Paydayı her birine eşitleyip değişkeni bul.,Kesir ancak payda payı tam bölüyorsa tam sayıdır; tam bölenler hem pozitif hem negatiftir.,Kesrin doğal sayı olması istenirse yalnız pozitif bölenler alınır,"8/(x + 1) tam sayı ise x + 1 ∈ {±1, ±2, ±4, ±8} → 8 değer; x'lerin toplamı 0 − 8 = −8","MEB 3 Adım TYT Matematik hamle verisi (1 soru: Temel Kavramlar, Sayı Basamakları, Sayı Kümeleri); ajan yazdı, 7 Ekim 2026; az veri",Bölünebilme · kesrin tam sayı olması,Kesrin tam sayı olduğu verilmişse paydayı payın bütün tam bölenlerine (± ile) eşitle.
esit_toplamli_ciftleri_eslestir,"Matematik · Temel Kavramlar, Sayı Basamakları, Sayı Kümeleri · 9. Sınıf",Farklı rakamlarla kurulan sayıda iki basamak çiftinin toplamı eşit isteniyor; kaç sayı yazılabileceği soruluyor,"Önce aynı toplamı veren ayrık rakam çiftleri bulunur; çiftler iki konuma, her çiftin içi iki sıraya yerleşir (çarpma ilkesi)",Öğrenci çiftlerin hangi konuma gideceğini ya da çift içindeki sırayı saymayı unutur,"Eşit toplamlı ayrık çiftleri listele. Her eşleşme için çiftlerin yer değişimi (2) ile çift içi sıraları (2·2) çarp, sonra topla.",Sayma iki aşamaya ayrılınca hiçbir dizilim kaçmaz ve iki kez sayılmaz.,Yalnız rakam seçimi soruluyorsa (sıra önemsiz) kombinasyon yeter; burada sayı yazıldığı için sıra önemlidir,"1, 2, 3, 4 rakamlarıyla ABCD yazılıyor ve A + B = C + D → tek eşleşme (1, 4)(2, 3): 2·2·2 = 8 sayı","MEB 3 Adım TYT Matematik hamle verisi (1 soru: Temel Kavramlar, Sayı Basamakları, Sayı Kümeleri); ajan yazdı, 7 Ekim 2026; az veri",Sayma · eşit toplamlı çiftler,"İki rakam çiftinin toplamı eşit isteniyorsa önce çiftleri bul, sonra yerleşimleri çarparak say."
ortak_degiskene_gore_yaz_dene,"Matematik · Temel Kavramlar, Sayı Basamakları, Sayı Kümeleri · 9. Sınıf","Aynı harfi içeren iki eşitlik (çarpım, bölme ya da kesirli eşitlik) verilmiş; toplamın en büyük/en küçük değeri ya da harfler arası ilişki soruluyor","Ortak harf b ise ab = m ve bc = n'den a = m/b, c = n/b yazılır; tam sayılarda b, m ile n'nin ortak tam böleni (negatif dahil) olmalıdır",Öğrenci ortak harfi seçmeden rastgele dener ya da negatif tam sayı değerlerini unutur,İki eşitlikte ortak olan harfi seç ve diğerlerini onun cinsinden yaz. Ortak harfin alabileceği değerleri (negatifler dahil) dene ya da onu yok ederek diğer harfleri birbirine bağla.,Tek bir harfe bağlanınca ifade tek değişkenli olur; olası değerler az olduğundan denemek kolaydır.,En büyük/en küçük değerde hangi uca gidileceğini seçmek için en_buyuk_icin_uclari_dene ile birlikte kullanılır,"a·b = 8 ve b·c = 4 (tam sayılar) → a + b + c = 12/b + b; b = 1 için en büyük 13, b = −1 için en küçük −13","MEB 3 Adım TYT Matematik hamle verisi (4 soru: Temel Kavramlar, Sayı Basamakları, Sayı Kümeleri, Bölme - Bölünebilme Kuralları); ajan yazdı, 7 Ekim 2026",Cebir · ortak değişkene göre yazma,"İki eşitlikte aynı harf varsa önce diğer harfleri onun cinsinden yaz, sonra o harfin değerlerini dene."
en_buyuk_icin_uclari_dene,Matematik · Bölme - Bölünebilme Kuralları · 9. Sınıf,Tam sayı ya da rakam koşulları altında bir ifadenin en büyük veya en küçük değeri soruluyor,"Toplam, terimler büyüdükçe büyür; çıkarılan terim en küçük (negatifse mutlak değerce en büyük) seçilmelidir; çarpımda işaretler uygun seçilip mutlak değer büyütülür. İşlem önceliği korunur","Öğrenci negatif değerleri denemez, işlem önceliğini unutur ya da yalnız en büyük pozitif sayıya yönelir","İfadeyi parçalara ayır ve her parçanın büyümesi için hangi uca gitmesi gerektiğini yaz. Uç değerleri (en büyük pozitif, en küçük negatif) yerleştirip sonuçları karşılaştır.","Sınırlı değerler arasında en büyük ya da en küçük sonuç, izin verilen uç değerlerde ortaya çıkar.","Toplamı sabit iki sayının çarpımında ise uçlar değil, birbirine yakın değerler en büyük sonucu verir (toplam_sabitse_esit_yap)","a, b, c farklı olmak üzere {−3, 2, 5} kümesinden seçilirse a − b·c en çok: b·c = −15 yap → 2 − (−15) = 17","MEB 3 Adım TYT Matematik hamle verisi (31 soru: Bölme - Bölünebilme Kuralları, Temel Kavramlar, Sayı Basamakları, Sayı Kümeleri, EBOB - EKOK, Periyodik Olarak Tekrar Eden Durumlar, Birinci Dereceden Denklem ve Eşitsizlikler, Sayı, Kesir, Yaş, İşçi Problemleri, Oran ve Orantı, Kar - Zarar, Yüzde, Karışım, Hareket Problemleri, Olasılık, Katı Cisimler - Prizmalar); ajan yazdı, 7 Ekim 2026",Sayılar · uç değerlerle en büyük/en küçük,'En büyük/en küçük değer' soruluyorsa her terimin hangi yöne gitmesi gerektiğini yaz ve negatif uçları da dene.
koordinati_eksenden_say,"Matematik · Temel Kavramlar, Sayı Basamakları, Sayı Kümeleri · 9. Sınıf","Koordinat sisteminde (ya da kareli plan, harita üzerinde) noktalar işaretli; koordinat, eksene uzaklık ya da eksen üzerinde olma soruluyor","(x, y)'de x yatay, y dikey konumdur; x = 0 olan nokta y ekseninde, y = 0 olan nokta x ekseninde durur. Noktanın x eksenine uzaklığı |y|, y eksenine uzaklığı |x|'tir","Öğrenci koordinatların sırasını karıştırır ((0, −3)'ü x ekseninde arar) ya da uzaklığı yanlış eksene göre ölçer","Önce yatayda x kadar, sonra dikeyde y kadar say. Eksen üzerinde olma ya da eksene uzaklık soruluyorsa sıfır olan ya da ölçülen koordinatı belirle.","Sıralı ikilide ilk sayı her zaman yatay, ikincisi dikey konumu verir; bir eksene uzaklık öbür koordinatın mutlak değeridir.",Sıralı ikili eşitliğiyle (sirali_ikili_bilesenleri_esitle) karışır; burada sıra noktanın yerini belirler,"P(a − 3, 2a + 4) y ekseni üzerindeyse a = 3 → P(0, 10); x eksenine uzaklığı 10","MEB 3 Adım TYT Matematik hamle verisi (5 soru: Temel Kavramlar, Sayı Basamakları, Sayı Kümeleri, Bölme - Bölünebilme Kuralları, Birinci Dereceden Denklem ve Eşitsizlikler, Üslü ve Köklü İfadeler); ajan yazdı, 7 Ekim 2026",Koordinat · noktanın yeri ve eksene uzaklık,"Nokta, eksen ya da eksene uzaklık soruluyorsa önce hangi koordinatın yatay, hangisinin dikey olduğunu yaz."
tek_cift_tablosuyla_dene,"Matematik · Temel Kavramlar, Sayı Basamakları, Sayı Kümeleri · 9. Sınıf",Harflerin tek/çift olduğu ya da bir ifadenin tek/çift olduğu verilmiş; hangi ifadenin her zaman tek ya da çift olduğu soruluyor,"tek ± tek = çift, tek ± çift = tek; çarpımda bir çarpan çiftse sonuç çifttir. n ≥ 1 için aⁿ, a ile aynı paritededir; a⁰ = 1 tektir","Öğrenci üssün 0 olabileceğini, negatif üssün tam sayı vermeyebileceğini ya da 0'ın çift olduğunu unutur","Harflere parite yaz; gerekirse ifadeyi bir harf yalnız kalacak biçimde düzenle. 'Her zaman' yargısını 0, negatif ve farklı paritelerle karşı örnek arayarak sına.",Toplam ve çarpımın paritesi yalnız terimlerin paritesine bağlıdır; tek karşı örnek yanlış yargıyı eler.,Tek–çift ile pozitif–negatif karışır; işaret için kuvvetin_tek_ciftligine_gore_isaret_bul kullanılır,"a tek, b çift ise a² + 3b tek, a·b + b çift olur","MEB 3 Adım TYT Matematik hamle verisi (10 soru: Temel Kavramlar, Sayı Basamakları, Sayı Kümeleri, Polinomlar ve Çarpanlara Ayırma); ajan yazdı, 7 Ekim 2026",Sayılar · tek-çift kuralları,Tek/çift yargısı soruluyorsa harflere parite yaz ve 'her zaman' denen yargıyı bir karşı örnekle sına.
carpim_sifirsa_bir_carpan_sifir,"Matematik · Temel Kavramlar, Sayı Basamakları, Sayı Kümeleri · 9. Sınıf",Çarpımı sıfır olan bir ifade ile sayılar arasında sıralama ya da işaret bilgisi verilmiş; kesin doğru yargı soruluyor,a·b = 0 ancak a = 0 veya b = 0 ise olur; sıralamadan (A > B gibi) sıfır olamayacağı bilinen çarpan elenir,Öğrenci eşit olamayacak sayıları eşit sayar ya da kare veya kuvvet içeren çarpanın sıfır olabileceğini kaçırır,Her çarpanın sıfır olup olamayacağını verilen bilgiye göre kontrol et. Sıfır olabilen tek çarpanı 0'a eşitle ve sonucu diğer bilgilerle birleştir.,Sıfır çarpan tek kalınca bilinmeyenler arasında kesin bir eşitlik çıkar.,Çarpım sıfırdan farklı bir işaretle verilmişse işaret yorumu yapılır (isaret_tablosuyla_karar_ver),"x > y ve (x − y)(y + 4) = 0 ise x − y ≠ 0, öyleyse y = −4","MEB 3 Adım TYT Matematik hamle verisi (2 soru: Temel Kavramlar, Sayı Basamakları, Sayı Kümeleri, Birinci Dereceden Denklem ve Eşitsizlikler); ajan yazdı, 7 Ekim 2026",Cebir · sıfır çarpım,Çarpım sıfıra eşitse önce hangi çarpanın sıfır olamayacağını verilen sıralamadan bul.
ardisik_toplami_n_n1_bolu_2,"Matematik · Temel Kavramlar, Sayı Basamakları, Sayı Kümeleri · 9. Sınıf","Ardışık sayıların toplamı, iki ardışık toplamın farkı ya da tekrar eden bir toplam soruluyor",1 + 2 + … + n = n(n + 1)/2; ortak terimleri olan iki ardışık toplamın farkında ortak terimler sadeleşir,Öğrenci terimleri tek tek toplar ya da iki toplamı ayrı ayrı hesaplayıp uzun yoldan gider,Toplamı 1'den n'ye kalıbına getir ve n(n + 1)/2 ile hesapla. İki toplamın farkı istenirse önce ortak terimleri sadeleştir.,Baştan ve sondan eşleşen terimlerin toplamı hep n + 1'dir ve n/2 tane böyle çift vardır.,"Ardışık çift sayıların toplamı (2 + 4 + … + 2n) n(n + 1), ardışık tek sayıların toplamı (1 + 3 + … + (2n − 1)) n²'dir",1 + 2 + … + 30 = 30·31/2 = 465; (1 + … + 30) − (1 + … + 27) = 28 + 29 + 30 = 87,"MEB 3 Adım TYT Matematik hamle verisi (5 soru: Temel Kavramlar, Sayı Basamakları, Sayı Kümeleri, Polinomlar ve Çarpanlara Ayırma, Çokgenlerin ve Dörtgenlerin Özellikleri); ajan yazdı, 7 Ekim 2026",Sayılar · ardışık sayı toplamı,Ardışık sayıların toplamını görüyorsan tek tek toplama; n(n + 1)/2 ve ortak terim sadeleştirmesini kullan.
bilinen_parcalari_cikar,Matematik · Birinci Dereceden Denklem ve Eşitsizlikler · 9. Sınıf,"Bir toplam (süre, para, kibrit sayısı, sayı) ve bu toplamın bazı parçaları verilmiş; kalan parça ya da parçalar soruluyor",Bilinmeyen parçaların toplamı = toplam − bilinen parçaların toplamı,"Öğrenci parçaları karıştırır ya da birim ve işaret hatası yapar (5⁻¹'i −5 sanar, ondalıkta virgülü kaydırır)",Kesin bilinen parçaları topla ve toplamdan çıkar. Kalan miktarı bilinmeyenler arasında koşullara göre paylaştır.,Bilinenler çıkınca problem yalnız bilinmeyenleri içeren küçük bir eşitliğe iner.,İki grubun ortak kısmı varsa çıkarılan şey ortak kısımdır (ortak_sayilani_bir_kez_cikar),"45 TL'lik alışverişte 12,50 TL'lik ekmek ve 18,75 TL'lik peynir var → kalan iki ürünün toplamı 45 − 31,25 = 13,75 TL","MEB 3 Adım TYT Matematik hamle verisi (39 soru: Birinci Dereceden Denklem ve Eşitsizlikler, Dik Üçgen ve Trigonometri, Temel Kavramlar, Sayı Basamakları, Sayı Kümeleri, Mutlak Değer, Sayı, Kesir, Yaş, İşçi Problemleri, Permütasyon, Kombinasyon, Binom, Fonksiyon Kavramı ve Özellikleri, Üçgende Temel Kavramlar, Üçgen Eşitsizliği, Üçgenin Yardımcı Elemanları, Üçgenler, Dörtgenler, EBOB - EKOK, Periyodik Olarak Tekrar Eden Durumlar, Üslü ve Köklü İfadeler, Kar - Zarar, Yüzde, Karışım, Hareket Problemleri, Veri, Olasılık, Çokgenlerin ve Dörtgenlerin Özellikleri, Eşkenar Dörtgen, Dikdörtgen, Kare, Deltoid, Katı Cisimler - Prizmalar); ajan yazdı, 7 Ekim 2026",Problemler · bilinen parçaları çıkarma,"Toplam ve bazı parçalar verilmişse önce bilinenleri çıkar, sonra yalnız kalanla uğraş."
yeni_islemi_kuralina_gore_uygula,Matematik · Üslü ve Köklü İfadeler · 9. Sınıf,"Sembol, şekil ya da sözle yeni bir işlem tanımlanmış; bu işlemle bir sonuç ya da bilinmeyen soruluyor",Tanımlanan kural harfi harfine uygulanır; iç içe işlemlerde önce en içteki hesaplanır,Öğrenci iki işlemin kuralını karıştırır ya da kuralı eksik uygular (n·aⁿ yerine aⁿ alır gibi),Kuralı harflerle yaz ve verilen sayıları yerine koy. İç içe işlemlerde içten dışa ilerle; bilinmeyen varsa çıkan eşitliği çöz.,Yeni işlemin bilinen bir karşılığı yoktur; doğru sonucu yalnız tanım verir.,Tanımdaki sıra alışılmış işlem önceliğinden farklı olabilir; her zaman tanıma uy,a ⊕ b = 2a − b ise (3 ⊕ 1) ⊕ 4 = 5 ⊕ 4 = 6,"MEB 3 Adım TYT Matematik hamle verisi (23 soru: Üslü ve Köklü İfadeler, Temel Kavramlar, Sayı Basamakları, Sayı Kümeleri, Bölme - Bölünebilme Kuralları, Birinci Dereceden Denklem ve Eşitsizlikler, Mutlak Değer, Sayı, Kesir, Yaş, İşçi Problemleri, Veri, İkinci Dereceden Denklemler, Karmaşık Sayılar); ajan yazdı, 7 Ekim 2026",İşlem · tanımlı işlem uygulama,Soruda yeni bir sembol ya da şekille işlem tanımlanmışsa kuralı harflerle yazıp içten dışa uygula.
olcek_araligini_bulup_cizgi_say,"Matematik · Temel Kavramlar, Sayı Basamakları, Sayı Kümeleri · 9. Sınıf","Sayı doğrusu, cetvel, ölçekli kap ya da gösterge üzerinde eşit aralıklı çizgiler ve bir işaretli nokta ya da ibre verilmiş",Bir aralığın değeri = iki bilinen çizgi arasındaki fark ÷ aradaki aralık (parça) sayısı,Öğrenci aralık sayısı yerine çizgi sayısını kullanır ya da ölçeğin 0'dan başladığını varsayar,"İki bilinen değer arasındaki aralık sayısını say ve bir aralığın değerini bul. Başlangıç değerine, işaretli noktaya kadar olan aralık sayısı kadar ekle.",Çizgiler eşit aralıklıdır; bir aralığın değeri bilinince her nokta sayarak bulunur.,n çizgi n − 1 aralık oluşturur; çizgi sayısıyla aralık sayısını karıştırma,"3 ile 4 arası 5 eşit parçaya bölünmüş, nokta 3'ten 2 parça sonra → 3 + 2·(1/5) = 3,4","MEB 3 Adım TYT Matematik hamle verisi (10 soru: Temel Kavramlar, Sayı Basamakları, Sayı Kümeleri, EBOB - EKOK, Periyodik Olarak Tekrar Eden Durumlar, Birinci Dereceden Denklem ve Eşitsizlikler, Mutlak Değer, Üslü ve Köklü İfadeler, Oran ve Orantı); ajan yazdı, 7 Ekim 2026",Ölçme · ölçek aralığı ve çizgi sayma,"Ölçekli bir çizim görüyorsan önce bir küçük aralığın değerini bul, sonra çizgileri say."
sayiyi_basamak_degerlerine_ayir,"Matematik · Temel Kavramlar, Sayı Basamakları, Sayı Kümeleri · 9. Sınıf","Rakamları harfle verilmiş sayılar (ab, abc, rakamları yer değiştirmiş sayılar, ondalık sayılar) ve aralarında toplam ya da fark ilişkisi verilmiş","ab = 10a + b, abc = 100a + 10b + c; ab − ba = 9(a − b), ab + ba = 11(a + b); rakamlar 0–9 arasındadır",Öğrenci ab'yi a·b ya da a + b gibi yazar ya da iki sayının farkını rakamların farkı sanır,"Her sayıyı basamak değerleriyle aç (ondalıklarda 0,1 ve 0,01 ile). Eşitliği kur, sadeleştir ve rakamların 0–9 olduğunu kullanarak çöz.",Basamak değerleriyle yazınca sayılar arasındaki ilişki rakamlar arasında basit bir denkleme döner.,Rakamların farklı olması ya da ilk rakamın 0 olamaması gibi koşullar unutulursa geçersiz çözüm çıkar,"ab − ba = 54 ve a + b = 10 → 9(a − b) = 54 → a − b = 6 → a = 8, b = 2 → ab = 82","MEB 3 Adım TYT Matematik hamle verisi (8 soru: Temel Kavramlar, Sayı Basamakları, Sayı Kümeleri, Bölme - Bölünebilme Kuralları); ajan yazdı, 7 Ekim 2026",Sayı basamakları · çözümleme,Rakamları harfle verilmiş sayılar arasında ilişki varsa önce her sayıyı 10a + b biçiminde aç.
toplam_sabitse_esit_yap,"Matematik · Temel Kavramlar, Sayı Basamakları, Sayı Kümeleri · 9. Sınıf",İki sayının toplamı sabit verilmiş; çarpımlarının en büyük değeri soruluyor,a + b = S sabitse a·b en büyük değerini a = b = S/2'de alır; tam sayılarda sayılar birbirine en yakın seçilir,Öğrenci uç değerleri dener ya da sayılar birbirinden uzaklaştıkça çarpımın küçüldüğünü görmez,Toplamı ikiye böl. Tam sayı gerekiyorsa ve toplam tekse sayıları ortadaki iki komşu tam sayı olarak al.,a·b = (S/2)² − (a − S/2)²'dir; sayılar ortadan uzaklaştıkça çıkarılan kare büyür.,Başka en büyük/en küçük sorularında uç değerler denenir (en_buyuk_icin_uclari_dene); sabit toplamlı çarpımda ise tersi geçerlidir,x + y = 15 (pozitif tam sayılar) → x·y en çok 7·8 = 56,"MEB 3 Adım TYT Matematik hamle verisi (1 soru: Temel Kavramlar, Sayı Basamakları, Sayı Kümeleri); ajan yazdı, 7 Ekim 2026; az veri",Sayılar · sabit toplamda en büyük çarpım,Toplamı sabit iki sayının en büyük çarpımı soruluyorsa sayıları birbirine eşit ya da en yakın seç.
0_ile_1_arasinda_kuvvet_kucultur,"Matematik · Temel Kavramlar, Sayı Basamakları, Sayı Kümeleri · 9. Sınıf","0 ile 1 ya da −1 ile 0 arasındaki sayılar ile bunların kare, küp ve kökleri sıralanıyor ya da a > a² > a³ gibi bir zincir verilmiş","0 < a < 1 ise a³ < a² < a < √a; −1 < a < 0 ise ∛a < a < 0 < a² (küp kök negatif kalır, çift kuvvet pozitif olur)",Öğrenci negatif sayının küp kökünü pozitif alır ya da 0 ile 1 arasında karenin büyüdüğünü sanır,"Sayının hangi aralıkta olduğunu belirle. Emin değilsen aralıktan kolay bir değer (1/4, −1/8 gibi) seçip hesapla ve sırala.",1'den küçük pozitif sayı kendisiyle çarpılınca küçülür; kök almak bunun tersi olduğu için sayıyı büyütür.,1'den büyük sayılarda tersi olur: a < a² < a³; köklü sayıların kendi aralarında karşılaştırılması için koku_kaldirip_kareleri_karsilastir,"a = 1/9 için √a = 1/3, a² = 1/81 → a² < a < √a; a = −1/8 için ∛a = −1/2 < a","MEB 3 Adım TYT Matematik hamle verisi (3 soru: Temel Kavramlar, Sayı Basamakları, Sayı Kümeleri, Birinci Dereceden Denklem ve Eşitsizlikler, Üslü ve Köklü İfadeler); ajan yazdı, 7 Ekim 2026",Üslü ve köklü · 0–1 arasında kuvvet,Sayı 0 ile 1 (ya da −1 ile 0) arasındaysa kuvvet ve köklerini sıralamak için kolay bir değer seçip dene.
koku_kaldirip_kareleri_karsilastir,"Matematik · Temel Kavramlar, Sayı Basamakları, Sayı Kümeleri · 9. Sınıf",Köklü sayılar (a√b) birbiriyle ya da tam sayılarla karşılaştırılıyor; sıralaması ya da hangi aralıkta olduğu soruluyor,"a, b ≥ 0 için a√b = √(a²b); pozitif sayılarda x < y ancak x² < y² ise olur",Öğrenci katsayıyı dışarıda bırakıp yalnız kök içlerini karşılaştırır ya da kaba yaklaşık değerle yanlış karar verir,Katsayının karesini alıp kökün içine sok. Kök içlerini karşılaştır; tam sayı aralığı için komşu tam karelerle kıyasla.,Pozitif sayılarda kare alma sırayı korur; kök içindeki sayılar doğrudan karşılaştırılabilir.,Negatif sayılarda kare alma sırayı bozar; 0 ile 1 arasındaki sayıların kuvvetleri için 0_ile_1_arasinda_kuvvet_kucultur,"4√5 = √80 ve 5√3 = √75 → 5√3 < 4√5; 64 < 80 < 81 olduğundan 4√5, 8 ile 9 arasındadır","MEB 3 Adım TYT Matematik hamle verisi (2 soru: Temel Kavramlar, Sayı Basamakları, Sayı Kümeleri); ajan yazdı, 7 Ekim 2026",Köklü sayılar · karşılaştırma,Köklü sayıları sıralaman gerekiyorsa katsayıyı içeri alıp kök içlerini karşılaştır.
kuvvetin_tek_ciftligine_gore_isaret_bul,Matematik · Üslü ve Köklü İfadeler · 9. Sınıf,Negatif tabanlı ya da işareti bilinen sayıların kuvvetleri verilmiş; ifadelerin işareti ya da tek/çift olması soruluyor,"Tek kuvvet tabanın işaretini korur, çift kuvvet sıfırdan farklı her tabanı pozitif yapar; −aⁿ ile (−a)ⁿ farklıdır; n ≥ 1 için aⁿ'nin tekliği a'nın tekliğine bağlıdır","Öğrenci x⁻²'yi negatif sanır, −x⁶ ile (−x)⁶'yı karıştırır ya da 0'ın kuvvetlerini unutur",Her ifadede tabanın işaretine ve üssün tek mi çift mi olduğuna bak. Başta eksi varsa onu kuvvet alındıktan sonra uygula.,Negatif sayı çift kez çarpılınca eksiler ikişer ikişer sadeleşir; tek kez çarpılınca bir eksi kalır.,"Negatif üs işareti değil, sayıyı ters çevirmeyi getirir (negatif_ussu_tersine_cevir)","x = −2 için x³ = −8, x⁴ = 16, −x⁴ = −16, x⁻² = 1/4","MEB 3 Adım TYT Matematik hamle verisi (3 soru: Üslü ve Köklü İfadeler, Temel Kavramlar, Sayı Basamakları, Sayı Kümeleri); ajan yazdı, 7 Ekim 2026",Üslü ifadeler · işaret belirleme,Negatif bir sayının kuvveti söz konusuysa üssün tek mi çift mi olduğuna ve eksinin parantez içinde olup olmadığına bak.
tam_kismi_once_karsilastir,"Matematik · Temel Kavramlar, Sayı Basamakları, Sayı Kümeleri · 9. Sınıf",Ondalık sayılar sıralanıyor ya da hatalı bir sıralama kuralı verilip doğru sıralama soruluyor,Ondalık sayılarda önce tam kısımlar karşılaştırılır; ondalık basamaklara yalnız tam kısımlar eşitse soldan sağa bakılır,Öğrenci ondalık kısmı uzun ya da rakamları büyük olan sayıyı büyük sanır ya da verilen yanlış kuralı aynen kabul eder,Önce tam kısımları sırala. Tam kısımlar eşitse virgülden sonraki basamakları soldan başlayarak karşılaştır.,"Tam kısımdaki 1 birimlik fark, ondalık kısmın tamamından büyüktür.",Kesirleri sıralarken payda eşitlemek gerekir; ondalık sayılarda basamak sırasına bakmak yeterlidir,"2,9 < 3,05 < 3,4 (önce 2 < 3; sonra 3,05 ile 3,4'te onda birler 0 < 4)","MEB 3 Adım TYT Matematik hamle verisi (1 soru: Temel Kavramlar, Sayı Basamakları, Sayı Kümeleri); ajan yazdı, 7 Ekim 2026; az veri",Ondalık sayılar · sıralama,Ondalık sayıları sıralarken ondalık rakamlara bakmadan önce tam kısımları karşılaştır.
en_buyuk_birimden_basla,"Matematik · Temel Kavramlar, Sayı Basamakları, Sayı Kümeleri · 9. Sınıf","Bir tutarı en az sayıda banknot, madeni para ya da kutuyla oluşturmak isteniyor","TL banknotları gibi düzenli birimlerde (5, 10, 20, 50, 100, 200) en az parça sayısı, her adımda kalan tutara sığan en büyük birim alınarak bulunur",Öğrenci küçük birimlerle hesaplar ya da kalan tutarı bir sonraki birime aktarmayı unutur,Tutara sığan en büyük birimden alabildiğin kadar al. Kalan tutarla bir küçük birime geç ve parçaları say.,Büyük birim tek parçayla daha çok tutarı karşılar; bu birimlerde her adımda en büyüğü almak toplam parça sayısını en aza indirir.,"Birimler düzensizse (1, 3, 4 gibi) en büyükten başlamak her zaman en azı vermez: 6 = 3 + 3 (2 parça), 4 + 1 + 1 (3 parça)",385 TL = 3·100 + 50 + 20 + 10 + 5 → 7 banknot,"MEB 3 Adım TYT Matematik hamle verisi (1 soru: Temel Kavramlar, Sayı Basamakları, Sayı Kümeleri); ajan yazdı, 7 Ekim 2026; az veri",Problemler · en az parçayla tutar oluşturma,"'En az kaç banknot' soruluyorsa en büyük birimden başla, kalanla küçüğe in."
uc_degerleri_sabitle_ortayi_say,"Matematik · Temel Kavramlar, Sayı Basamakları, Sayı Kümeleri · 9. Sınıf","Rakamları farklı sayılarda en büyük ve en küçük rakam arasındaki fark (ya da en büyük/en küçük rakam) verilmiş, kaç sayı yazılabileceği soruluyor","Önce iki uç rakamın olası çiftleri belirlenir; aradaki rakamlar iki ucun arasından seçilir. 0 uçlardan biriyse başa gelemez, bu dizilimler çıkarılır",Öğrenci 0'ın başa gelemeyeceğini unutur ya da uç çiftlerinden birini (0'lı ya da 0'sız) atlar,Farkı sağlayan uç rakam çiftlerini yaz. Her çift için ortadaki rakamın seçeneklerini say ve dizilim sayısıyla çarp; 0'ın başa geldiği dizilimleri çıkar.,Uçlar sabitlenince ortadaki rakam yalnız iki ucun arasından seçilebilir; sayma basit bir çarpmaya döner.,En küçük sayıyı kurarken de 0 başa gelemez (en_kucuk_sayiyi_rakam_sirasiyla_kur); ama orada sayma değil sıralama yapılır,"Rakamları farklı üç basamaklı sayılarda en büyük − en küçük rakam = 9 ise uçlar 0 ve 9'dur; orta rakam 1–8 (8 seçenek), dizilim 3! − 2 = 4 → 8·4 = 32 sayı","MEB 3 Adım TYT Matematik hamle verisi (1 soru: Temel Kavramlar, Sayı Basamakları, Sayı Kümeleri); ajan yazdı, 7 Ekim 2026; az veri",Sayma · uç rakamları sabitleme,"En büyük ve en küçük rakam koşulu görüyorsan önce bu iki ucu sabitle, sonra aradakileri say."
darayi_cikar_net_bul,"Matematik · Temel Kavramlar, Sayı Basamakları, Sayı Kümeleri · 9. Sınıf","Bir kabın boş, dolu ve kısmen dolu hâlindeki tartımları verilmiş; içindekinin kesri ya da oranı soruluyor",Net miktar = brüt (kapla) tartım − boş kabın ağırlığı (dara); oranlar yalnız net miktarlarla kurulur,Öğrenci kabın ağırlığını çıkarmadan tartımları doğrudan oranlar,Her tartımdan boş kabın ağırlığını çıkar. Kalan net miktarları oranla.,Kabın ağırlığı her tartımda aynen vardır; çıkarılmazsa oran kaba göre bozulur.,Kesrin kesri sorularında bütüne göre oran alınır (kesrin_kesrini_carp); burada önce bütünün kendisi daradan arındırılmalı,"Boş kavanoz 150 g, ballı hâli 650 g, bir kısmı yenince 350 g → kalan bal 200 g, başlangıç 500 g → 200/500 = 2/5","MEB 3 Adım TYT Matematik hamle verisi (1 soru: Temel Kavramlar, Sayı Basamakları, Sayı Kümeleri); ajan yazdı, 7 Ekim 2026; az veri",Problem · dara çıkarma,Tartımlarda kap da varsa oran kurmadan önce boş kabın ağırlığını düş.
negatif_ussu_tersine_cevir,"Matematik · Temel Kavramlar, Sayı Basamakları, Sayı Kümeleri · 9. Sınıf","Negatif üslü sayılar (a⁻ⁿ) toplanıyor, çarpılıyor ya da bir ondalık sayı bunlarla yazılmak isteniyor",a ≠ 0 için a⁻ⁿ = 1/aⁿ ve (a/b)⁻ⁿ = (b/a)ⁿ; negatif üs sayının işaretini değiştirmez,Öğrenci 5⁻¹'i −5 ya da −1/5 sanır,Her negatif üslü terimi ters çevirip üssü pozitif yap. Kesirleri ortak paydada topla ya da çarp.,"aⁿ · a⁻ⁿ = a⁰ = 1 olması gerektiği için a⁻ⁿ, aⁿ'nin çarpmaya göre tersidir.","Tabanın önündeki eksi işareti ile üsteki eksi farklıdır: −2² = −4 ama 2⁻² = 1/4; ayrıca 0 ile 1 arasındaki sayının kuvvetleri küçülür (0_ile_1_arasinda_kuvvet_kucultur), negatif üs ise ters çevirir",2⁻³ + 4⁻¹ = 1/8 + 1/4 = 3/8; (2/3)⁻² = 9/4,"MEB 3 Adım TYT Matematik hamle verisi (1 soru: Temel Kavramlar, Sayı Basamakları, Sayı Kümeleri); ajan yazdı, 7 Ekim 2026; az veri",Üslü sayılar · negatif üs,"Üste eksi görüyorsan sayıyı negatif yapma; önce tabanı ters çevir, sonra üssü pozitif al."
en_kucuk_sayiyi_rakam_sirasiyla_kur,"Matematik · Temel Kavramlar, Sayı Basamakları, Sayı Kümeleri · 9. Sınıf",Verilen rakamlarla yazılabilecek en küçük sayı isteniyor ya da rakamların yer değiştirmesiyle oluşan en küçük sayı verilip rakamlar hakkında bilgi soruluyor,En küçük sayıda başa 0 olmayan en küçük rakam gelir; kalan rakamlar (0 dahil) küçükten büyüğe dizilir,Öğrenci 0'ı başa koyar ya da rakamlardan birinin 0 olabileceğini hesaba katmaz,"Başa 0 dışındaki en küçük rakamı yaz, kalanları küçükten büyüğe sırala. Sayı verilmişse bu sıradan rakamlar arasındaki büyüklük ilişkisini oku.",En soldaki basamağın değeri en büyüktür; onu en küçük tutmak sayıyı en çok küçültür.,En büyük sayıda rakamlar büyükten küçüğe dizilir ve 0 sona gider; orada başa gelme sorunu yoktur,"7, 0, 4, 2 rakamlarıyla en küçük dört basamaklı sayı 2047'dir; 0 başa yazılmaz, hemen ikinci basamağa gelir","MEB 3 Adım TYT Matematik hamle verisi (1 soru: Temel Kavramlar, Sayı Basamakları, Sayı Kümeleri); ajan yazdı, 7 Ekim 2026; az veri",Sayı basamakları · en küçük sayı kurma,"En küçük sayı soruluyor ya da veriliyorsa önce başa 0 gelemeyeceğini düşün, sonra rakamları küçükten büyüğe diz."
en_az_secenekli_kosuldan_basla,Matematik · Bölme - Bölünebilme Kuralları · 9. Sınıf,"Bilinmeyen rakamlar ya da sayılar için birçok koşul (çarpım, küp, bölünebilme, farklılık, sıralama) birlikte verilmiş","Bütün koşullar aynı anda sağlanmalı; en az olasılık bırakan koşul (çarpım, küp, tam bölme gibi) aday sayısını en hızlı daraltır","Öğrenci koşulları yazıldığı sırayla dener, bir koşulun (tam bölünme, rakamların farklı olması, 0'ın durumu) adayları elediğini görmez",Her koşulun kaç olasılık bıraktığına bak ve en dar olanı önce çöz. Bulunanı yerleştirip kalan koşullara sırayla geç; her adayı bütün koşullarla kontrol et.,Az seçenekli koşul diğer bilinmeyenleri de sabitler; böylece deneme sayısı çok azalır.,Bölünebilme kurallarını birlikte uygulamak (bolunebilme_kurallarini_birlestir) bu hamlenin bir parçası olabilir; burada asıl iş koşulların sırasını seçmektir,"A, B, C farklı rakamlar; A·B = 6, A > B, B + C = 9, C çift. Çarpımdan (A, B) = (6, 1) ya da (3, 2); B = 2 → C = 7 tek, olmaz; B = 1 → C = 8 → ABC = 618","MEB 3 Adım TYT Matematik hamle verisi (12 soru: Bölme - Bölünebilme Kuralları, Temel Kavramlar, Sayı Basamakları, Sayı Kümeleri, Sayı, Kesir, Yaş, İşçi Problemleri, Veri); ajan yazdı, 7 Ekim 2026",Bölünebilme · koşul sırası seçme,Birden çok koşul varsa en az seçenek bırakan koşulu bul ve işe ondan başla.
ondaligi_kesre_cevir,"Matematik · Temel Kavramlar, Sayı Basamakları, Sayı Kümeleri · 9. Sınıf","Ondalık sayılar bölünüyor, kesir içinde ya da kök içinde yer alıyor","0,a = a/10, 0,ab = ab/100; ondalık sayılarda bölme, pay ve paydayı aynı 10'un kuvvetiyle çarparak tam sayılara çevrilir",Öğrenci ondalık bölmeyi virgülü yanlış kaydırarak yapar ya da kökü yaklaşık hesaplar,Her ondalık sayıyı paydası 10'un kuvveti olan kesir olarak yaz. Bölmeyi kesir kurallarıyla yap; kök varsa pay ve paydanın kökünü ayrı al.,"Kesir biçiminde sadeleştirme ve kök alma tam sayılarla yapılır, virgül hatası ortadan kalkar.","Devirli ondalıklar bu yolla değil, kendi kuralıyla kesre çevrilir; ondalık sıralamada ise tam kısma bakılır (tam_kismi_once_karsilastir)","0,6 : 0,15 = 60 : 15 = 4; √0,49 = √(49/100) = 7/10","MEB 3 Adım TYT Matematik hamle verisi (2 soru: Temel Kavramlar, Sayı Basamakları, Sayı Kümeleri, Üslü ve Köklü İfadeler); ajan yazdı, 7 Ekim 2026",Ondalık sayılar · kesre çevirme,"Ondalık sayıyla bölme ya da kök görüyorsan önce sayıyı kesre çevir, sonra işlem yap."
toplamada_eldeyi_sagdan_izle,"Matematik · Temel Kavramlar, Sayı Basamakları, Sayı Kümeleri · 9. Sınıf",Bazı rakamları harfle gösterilmiş bir toplama ya da çıkarma işlemi ve sonucu verilmiş,Her basamakta rakamlar toplamı + gelen elde = sonuç rakamı + 10 · (sonraki basamağa giden elde),Öğrenci bir basamaktan diğerine geçen eldeyi unutur ya da işe soldan başlar,En sağ basamaktan başla. Her basamakta eldeyi ekleyerek eksik rakamı bul ve yeni eldeyi sola taşı.,Bir basamağın sonucu yalnız sağındaki basamaktan gelen eldeye bağlıdır; sağdan gidince her adımda tek bilinmeyen kalır.,Rakam toplamının 1 artınca değişmesi sorularında da elde önemlidir; ama orada toplama işlemi değil sayının kendisi izlenir,"1,4a + 2,b7 = 4 ise yüzde birler a + 7 = 10 → a = 3 (elde 1); onda birler 4 + b + 1 = 10 → b = 5 (elde 1); birler 1 + 2 + 1 = 4 ✓","MEB 3 Adım TYT Matematik hamle verisi (1 soru: Temel Kavramlar, Sayı Basamakları, Sayı Kümeleri); ajan yazdı, 7 Ekim 2026; az veri",Sayı basamakları · eldeli toplama,Eksik rakamlı toplama görüyorsan en sağ basamaktan başla ve her adımda eldeyi yaz.
carpanlari_kesre_cevir_sadelestir,"Matematik · Temel Kavramlar, Sayı Basamakları, Sayı Kümeleri · 9. Sınıf","(1 + 1/2)(1 + 1/3)… ya da (1 − 1/n) biçiminde art arda giden çarpanlar verilmiş, bu çarpım ya da onunla tanımlı bir işlem soruluyor",1 + 1/k = (k + 1)/k olduğundan ardışık çarpımda her pay bir sonraki paydayla sadeleşir; yalnız ilk payda ve son pay kalır,Öğrenci çarpanları tek tek çarpıp hesaplamaya çalışır ya da sadeleşmeden sonra hangi terimlerin kaldığını karıştırır,Her çarpanı tek kesir olarak yaz. Ardışık pay ve paydaları sadeleştir; kalan son payı ilk paydaya böl.,"Komşu kesirlerde aynı sayı bir payda bir paydada yer alır, bu yüzden aradaki bütün terimler gider.",Kesrin kesri sorularında da kesirler çarpılır (kesrin_kesrini_carp); ama orada sadeleşen bir zincir yoktur,(1 + 1/3)(1 + 1/4)…(1 + 1/11) = 4/3 · 5/4 · … · 12/11 = 12/3 = 4,"MEB 3 Adım TYT Matematik hamle verisi (1 soru: Temel Kavramlar, Sayı Basamakları, Sayı Kümeleri); ajan yazdı, 7 Ekim 2026; az veri",Kesirler · ardışık çarpımda sadeleştirme,"1 ± 1/k biçiminde art arda çarpanlar görüyorsan çarpma; her birini kesre çevir, sadeleşen zinciri bul."
isaret_tablosuyla_karar_ver,Matematik · Mutlak Değer · 9. Sınıf,"Sayıların işareti ya da sıralaması (x < 0 < y gibi) verilmiş; çarpım, bölüm ya da kuvvet içeren ifadelerin işareti veya hangi yargının kesin doğru olduğu soruluyor","Çarpımın işareti negatif çarpan sayısına bağlıdır (tekse negatif, çiftse pozitif); bir çarpan 0 olabiliyorsa sonuç 0 da olabilir, çift kuvvet her zaman ≥ 0'dır",Öğrenci bir çarpanın 0 olabileceğini unutur ya da negatif sayılarda kare alma ve ters çevirmenin sırayı bozduğunu görmez,"İfadeyi çarpanlara ayır ve her çarpanın işaretini yaz. Negatif çarpanları say, 0 olabilen çarpanı ayrıca kontrol et; emin olmadığın yargıyı bir örnekle bozmayı dene.",Çarpımın işareti çarpanların değerinden değil yalnız işaretlerinden belirlenir; tablo hepsini bir arada gösterir.,Mutlak değerden çıkarırken de içteki ifadenin işareti belirlenir (ic_isareti_belirle_mutlaktan_cikar); burada amaç ifadenin işaretine karar vermektir,"a < 0 < b ise a²·b > 0 ve a·b³ < 0 kesindir; a + b'nin işareti belli değildir (a = −1, b = 2 → 1; a = −3, b = 2 → −1)","MEB 3 Adım TYT Matematik hamle verisi (8 soru: Mutlak Değer, Birinci Dereceden Denklem ve Eşitsizlikler, Temel Kavramlar, Sayı Basamakları, Sayı Kümeleri, Üslü ve Köklü İfadeler); ajan yazdı, 7 Ekim 2026",İşaret inceleme · çarpan işaret tablosu,"İşaretler verilip ""kesinlikle"" sorulan yargılar görüyorsan her çarpanın işaretini yaz, 0 olasılığını unutma."
orani_en_kucuk_tam_sayilara_cevir,"Matematik · EBOB - EKOK, Periyodik Olarak Tekrar Eden Durumlar · 9. Sınıf",Birkaç bilinmeyen aynı sayıya eşit çarpımlarla (2a = 3b = 4c gibi) ya da ikişerli oranlarla bağlanmış; bu sayılar ya da toplamları soruluyor,"ka = mb = nc ise a : b : c = 1/k : 1/m : 1/n; bu oran paydaların EKOK'uyla çarpılarak en küçük tam sayılara çevrilir, sayılar t ortak çarpanıyla yazılır",Öğrenci ortak değeri (x'i) önce bulmaya çalışır ya da a : b ve b : c oranlarını ortak terimi eşitlemeden zincirler,"Oranı yaz ve en küçük tam sayılara sadeleştir. Sayıları t ile çarpılmış hâlde yaz (5t, 6t…), verilen toplam ya da alt sınır koşulundan t'yi bul.",Sayılar oranlarının katları olarak tek bilinmeyenle yazılınca problem tek denkleme iner.,Aralarında asal sayılar ve EKOK ile ortak kat bulmak (ekok_ile_ortak_kat) benzer görünür; burada oranın tam sayıya çevrilmesi istenir,"2a = 3b = 4c ise a : b : c = 1/2 : 1/3 : 1/4 = 6 : 4 : 3; a + b + c = 26 ise 13t = 26 → t = 2, a = 12","MEB 3 Adım TYT Matematik hamle verisi (6 soru: EBOB - EKOK, Periyodik Olarak Tekrar Eden Durumlar, Temel Kavramlar, Sayı Basamakları, Sayı Kümeleri, Olasılık, Çokgenlerin ve Dörtgenlerin Özellikleri, Eşkenar Dörtgen, Dikdörtgen); ajan yazdı, 7 Ekim 2026",Oran · en küçük tam sayı oranı,Bilinmeyenler eşit çarpımlarla bağlıysa ortak değeri arama; oranı en küçük tam sayılara çevir ve sayıları t ile yaz.
tam_sayi_cozumleri_listele,Matematik · Birinci Dereceden Denklem ve Eşitsizlikler · 9. Sınıf,"Bilinmeyenlerin tam sayı (kişi, adet, rakam) olduğu bir denklem ya da eşitsizlik verilmiş; çözüm sayısı, olası değerler ya da ""kesinlikle doğru"" yargılar soruluyor","Tam sayı koşulu sonsuz çözümü sayılı adaya indirir; ax + by = c'de x arttıkça y düzenli adımlarla azalır, eşitsizlikte uçların dahil olup olmadığı önemlidir","Öğrenci tek bir çözüm bulup onu kesin sanır, negatif tam sayıları denemez ya da eşitsizlik ucunu dahil/hariç karıştırır",Bir bilinmeyenin alabileceği tam sayı değerlerini aralığıyla belirle. Her değer için diğerini bul ve geçerli çözümleri listele; yargıları bütün çözümlerde kontrol et.,"Tam sayı çözümleri az sayıdadır; hepsi yazılınca ""her zaman"" ile ""bazen"" ayrımı açıkça görülür.",Eşitsizlikleri birleştirip aralık bulmak (esitsizlikleri_zincirle_aralik_bul) ilk adım olabilir; ama burada aralıktaki tam sayıları tek tek saymak gerekir,"3a + 4b = 30 (a, b pozitif tam sayı): (a, b) = (2, 6) ve (6, 3) → 2 çözüm; a her zaman çift, b bazen tek","MEB 3 Adım TYT Matematik hamle verisi (14 soru: Birinci Dereceden Denklem ve Eşitsizlikler, Katı Cisimler - Prizmalar, Temel Kavramlar, Sayı Basamakları, Sayı Kümeleri, Bölme - Bölünebilme Kuralları, Mutlak Değer, Sayı, Kesir, Yaş, İşçi Problemleri, Permütasyon, Kombinasyon, Binom, Kare, Deltoid, Dörtgenler); ajan yazdı, 7 Ekim 2026",Denklem · tam sayı çözümlerini listeleme,"Bilinmeyenler tam sayıysa ve sonuç tek değilse çözümleri tek tek listele, yargıyı hepsinde dene."
yanlisin_neyi_hesapladigini_bul,Matematik · Üslü ve Köklü İfadeler · 9. Sınıf,"Birinin hatalı yaptığı bir işlem (basamak kaydırmama, çarpma yerine bölme, yer karıştırma) ve bu hatalı sonuç verilmiş; doğru sonuç ya da fark soruluyor",Hatalı işlem de belirli bir cebirsel ifadeyi hesaplar; bu ifadeyi verilen yanlış sonuca eşitlemek bilinmeyeni verir,Öğrenci hatalı sonucu işe yaramaz sayıp atar ya da hatanın ne hesapladığını yanlış yazar,Hatalı işlemin aslında ne hesapladığını harflerle yaz. Bunu verilen yanlış sonuca eşitleyip bilinmeyeni bul; sonra doğru işlemi yap.,Hatanın türü belliyse yanlış sonuç da bilinmeyen hakkında kesin bir denklem verir.,"Yeni tanımlı bir işlemi uygulamaya benzer (yeni_islemi_kuralina_gore_uygula); fark, burada kuralın hatadan çıkarılmasıdır","Bir sayıyı 23 ile çarparken basamak kaydırmayı unutan öğrenci sayı·(2 + 3) hesaplar; 85 bulduysa sayı 17, doğru sonuç 17·23 = 391","MEB 3 Adım TYT Matematik hamle verisi (5 soru: Üslü ve Köklü İfadeler, Temel Kavramlar, Sayı Basamakları, Sayı Kümeleri, Polinomlar ve Çarpanlara Ayırma, İkinci Dereceden Denklemler, Karmaşık Sayılar); ajan yazdı, 7 Ekim 2026",İşlem · hatalı işlemden denklem kurma,Birinin yanlış yaptığı bir işlem ve sonucu verilmişse önce hatanın gerçekte neyi hesapladığını cebirle yaz.
kesrin_kesrini_carp,"Matematik · Temel Kavramlar, Sayı Basamakları, Sayı Kümeleri · 9. Sınıf","Bir bütünün bir parçasının da bir kesri alınıyor (""dilimin üçte biri"", ""kalanın yarısı"" gibi); sonucun bütüne göre kesri ya da sayısı soruluyor","Bütünün p'sinin q'su, bütünün p·q'sudur; her kesir neyin kesri olduğuna göre çarpılır",Öğrenci ikinci kesri bütüne göre alır ya da kesirleri toplar,Her kesrin neyin kesri olduğunu belirle. Zincirdeki kesirleri çarparak bütüne göre yaz; verilen sayıyı bu kesre eşitle.,"Bir parçanın kesri, o parçanın büyüklüğü kadar küçülmüş bir kesirdir; çarpma bu küçülmeyi gösterir.","""Bütünün 1/3'ü ve 1/4'ü"" denirse kesirler toplanır; ""1/3'ünün 1/4'ü"" denirse çarpılır","Sınıfın 2/5'i kız, kızların 3/4'ü gözlüklü → gözlüklü kızlar 2/5 · 3/4 = 3/10; sınıf 40 kişiyse 12 kişi","MEB 3 Adım TYT Matematik hamle verisi (7 soru: Temel Kavramlar, Sayı Basamakları, Sayı Kümeleri, Kar - Zarar, Yüzde, Karışım, Hareket Problemleri, Birinci Dereceden Denklem ve Eşitsizlikler, Sayı, Kesir, Yaş, İşçi Problemleri); ajan yazdı, 7 Ekim 2026",Kesirler · kesrin kesri,"""…'nin …'si"" diye bir parçanın parçası soruluyorsa kesirleri çarp ve sonucu bütüne göre oku."
bolunebilme_kurallarini_birlestir,Matematik · Bölme - Bölünebilme Kuralları · 9. Sınıf,"Bilinmeyen rakamlı bir sayının 12, 15, 36, 45 gibi bileşik bir sayıya bölünmesi ya da birkaç bölünebilme koşulunu birlikte sağlaması isteniyor","n = m·k ve m ile k aralarında asalsa, sayı n'ye ancak hem m'ye hem k'ye bölünürse bölünür (12 = 3·4, 15 = 3·5, 45 = 5·9)","Öğrenci bölüneni aralarında asal olmayan çarpanlara ayırır (12 = 2·6 gibi), 4 kuralını son iki basamağa uygulamaz ya da tek/farklı rakam koşulunu unutur","Böleni aralarında asal çarpanlara ayır. Önce son basamak kuralını (2, 4, 5, 10) uygulayıp son rakamları bul, sonra her durum için rakam toplamı kuralını (3, 9) ya da 11 kuralını uygula.",Aralarında asal çarpanların ikisine birden bölünen sayı çarpımlarına da bölünür; son basamak kuralı adayları hemen daraltır.,Kalanlı sorularda (rakam_toplamindan_kalan_bul) koşul 0 kalan değil belli bir kalan olur; 12'yi 2·6 diye ayırmak yanlış sonuç verir,"4A7B sayısı 45'e bölünüyor: 5'ten B ∈ {0, 5}; B = 0 → 11 + A 9'un katı → A = 7; B = 5 → 16 + A → A = 2. En büyük 4770","MEB 3 Adım TYT Matematik hamle verisi (16 soru: Bölme - Bölünebilme Kuralları, Temel Kavramlar, Sayı Basamakları, Sayı Kümeleri, Oran ve Orantı, Kar - Zarar, Yüzde, Karışım, Hareket Problemleri, Olasılık); ajan yazdı, 7 Ekim 2026",Bölünebilme · kuralları birleştirme,"Bileşik bir sayıya bölünme isteniyorsa onu aralarında asal çarpanlara ayır, önce son basamak kuralıyla başla."
secenekleri_yerine_koy,Matematik · Bölme - Bölünebilme Kuralları · 9. Sınıf,Bir koşulu sağlayan sayı ya da durum soruluyor ve doğrudan çözüm uzun; şıklar ya da birkaç aday hazır verilmiş,Doğru seçenek verilen bütün koşulları sağlar; bir koşulu bozan seçenek elenir,Öğrenci uzun bir genel çözüme girişir ya da bir seçeneği koşullardan yalnız birinde deneyip kabul eder,Şıkları sırayla koşula yerleştir. Koşulu bozanı hemen ele; kalanı bütün koşullarla kontrol et.,Çoktan seçmeli soruda doğru cevap şıklardan biridir; kontrol etmek çözmekten çoğu zaman kısadır.,Çok koşullu sorularda adayları kendin üretiyorsan en_az_secenekli_kosuldan_basla daha uygundur,"3'e bölünce 2, 5'e bölünce 3 kalanını veren sayı hangisi: 18, 23, 28, 33? 23 = 3·7 + 2 = 5·4 + 3 → 23","MEB 3 Adım TYT Matematik hamle verisi (11 soru: Bölme - Bölünebilme Kuralları, İkinci Dereceden Denklemler, Karmaşık Sayılar, Temel Kavramlar, Sayı Basamakları, Sayı Kümeleri, EBOB - EKOK, Periyodik Olarak Tekrar Eden Durumlar, Sayı, Kesir, Yaş, İşçi Problemleri, Kar - Zarar, Yüzde, Karışım, Hareket Problemleri, Veri, Katı Cisimler - Prizmalar); ajan yazdı, 7 Ekim 2026",Genel strateji · seçenek deneme,Koşul uzun bir denkleme gidiyor ama şıklar hazırsa önce şıkları yerine koyup dene.
iki_dizinin_ortak_terimini_ara,"Matematik · Temel Kavramlar, Sayı Basamakları, Sayı Kümeleri · 9. Sınıf",İki kişi ya da iki dizi farklı adımlarla ileri/geri sayıyor; ikisinin de durduğu (ortak) sayı soruluyor,"Ortak terim iki dizinin kuralını birlikte sağlar: a + d·k = b − e·m; çoğu zaman bu, belirli bir sayıya bölünme ya da son rakam koşuluna döner",Öğrenci geri sayan dizinin başlangıcını yanlış alır ya da yalnız bir dizinin koşulunu kontrol eder,"Her dizinin kuralını ""başlangıç ± adım × k"" diye yaz. Bir dizinin terimlerini sırayla yaz ve diğerinin koşulunu (kalan, son rakam) sağlayanı seç.",Ortak durak iki koşulu birden sağlamak zorundadır; birini listeleyip diğerini kontrol etmek aramayı kısaltır.,İki olayın aynı anda tekrar etmesi sorularında EKOK kullanılır; burada başlangıçlar farklı olduğu için terimler tek tek kontrol edilir,"Biri 3'ten 4'er ileri (3, 7, 11, …), diğeri 47'den 6'şar geri (47, 41, 35, …) sayıyor; ortak terimler 11, 23, 35, 47","MEB 3 Adım TYT Matematik hamle verisi (1 soru: Temel Kavramlar, Sayı Basamakları, Sayı Kümeleri); ajan yazdı, 7 Ekim 2026; az veri",Diziler · ortak terim arama,"İki farklı adımlı sayma ve ortak durak görüyorsan bir diziyi yaz, diğerinin kuralını sağlayan terimi ara."
durumlari_ikiye_ayir,Matematik · Olasılık · 10. Sınıf,"Yönü belli olmayan bir bilgi verilmiş: ""aralarında 8 fark var"", ""biri 5'e, biri 12'ye bölünüyor"", ""bilinmeyen en büyük ya da en küçük olabilir"" gibi","|a − b| = d ise a = b + d ya da a = b − d; hangisinin geçerli olduğu söylenmiyorsa iki durum da açık kalır, her biri ayrı denklemdir",Öğrenci yalnız aklına gelen tek durumu çözer; öbür durumu ya hiç denemez ya da çözüm vermeyeni elemeyi unutur,"Bilgiyi iki ayrı duruma böl ve her birini ayrı çöz. Şartlara (pozitiflik, rakam olma, bölünebilme) uymayan durumu ele, kalanlardan isteneni seç.",Soru yönü bilerek gizlediği için doğru cevap çoğu zaman ikinci durumda saklıdır; ikisini de çözmek hiçbir olasılığı kaçırmamayı sağlar.,Mutlak değerli denklemde aynı fikir `mutlak_degeri_iki_durumda_coz` ile yapılır; olasılıkta ise durumları ayırmak yerine `tumleyen_olayi_cikar` daha kısa olabilir,"20 ile farkı 6 olan ve 7'ye bölünen sayı: 26 ya da 14 olabilir; 26 elenir, cevap 14","MEB 3 Adım TYT Matematik hamle verisi (14 soru: Olasılık, Veri, Temel Kavramlar, Sayı Basamakları, Sayı Kümeleri, Bölme - Bölünebilme Kuralları, Sayı, Kesir, Yaş, İşçi Problemleri, Permütasyon, Kombinasyon, Binom, Katı Cisimler - Prizmalar); ajan yazdı, 7 Ekim 2026",Problem çözme · iki durumu ayrı inceleme,"""Fark"", ""biri … biri …"" ya da ""en büyük de olabilir"" gibi yönü belirsiz bir bilgi görüyorsan iki durumu da yazıp sırayla dene"
mutlak_degeri_iki_durumda_coz,Matematik · Mutlak Değer · 9. Sınıf,"|ifade| = k biçiminde (ya da ""uzaklık"", ""aralarındaki fark"" diye) bir eşitlik verilmiş ve bilinmeyen soruluyor",k ≥ 0 iken |A| = k ⇔ A = k ya da A = −k; |A| = |B| ⇔ A = B ya da A = −B. k < 0 ise çözüm yoktur,"Öğrenci yalnız pozitif durumu çözer, negatif durumu unutur; ya da içleri birbirinin katı olan mutlak değerleri birleştirmeden dört durum açıp karışır","Önce aynı içli mutlak değerleri tek mutlak değerde topla. Sonra içi = k ve içi = −k diye iki denklem yaz, ikisini de çöz ve şartlara uymayanı ele.",Bir sayının mutlak değeri k ise sayı sıfırın ya sağında ya solunda k uzaklıktadır; iki konum da eşitliği sağlar.,"İçin işareti biliniyorsa iki duruma gerek yoktur, `ic_isareti_belirle_mutlaktan_cikar` yeter; |A| < k gibi eşitsizlikte ise `mutlak_esitsizligi_araliga_cevir` kullanılır","|2x − 3| = 7 → 2x − 3 = 7 ise x = 5, 2x − 3 = −7 ise x = −2; köklerin toplamı 3","MEB 3 Adım TYT Matematik hamle verisi (12 soru: Mutlak Değer, Temel Kavramlar, Sayı Basamakları, Sayı Kümeleri, Birinci Dereceden Denklem ve Eşitsizlikler, Üslü ve Köklü İfadeler, İkinci Dereceden Denklemler, Karmaşık Sayılar); ajan yazdı, 7 Ekim 2026",Mutlak değer · iki durumda açma,"Mutlak değer bir sayıya ya da başka bir mutlak değere eşitse hemen ""artı ya da eksi"" diye iki denklem kur"
ardisik_carpimi_faktoriyelle_yaz,"Matematik · Temel Kavramlar, Sayı Basamakları, Sayı Kümeleri · 9. Sınıf","Ardışık tam sayıların çarpımı (bazen bir çarpanı parçalanmış hâlde, ör. 2·7) verilmiş, seçenekler faktöriyelli","a, a+1, …, b ardışık pozitif tam sayılarsa a·(a+1)·…·b = b! / (a − 1)!","Öğrenci çarpanlardan birinin ardışık sayıya birleştirilebileceğini (2·7 = 14 gibi) görmez, ifadeyi faktöriyele benzetemez","Çarpanları birleştirip ardışık sayılar dizisi hâline getir. En büyük sayının faktöriyelini, en küçüğün bir eksiğinin faktöriyeline böl.","b! içinde 1'den b'ye kadar bütün sayılar vardır; (a − 1)!'e bölmek baştaki gereksiz çarpanları siler, geriye yalnız a'dan b'ye olanlar kalır.",Ardışık sayıların toplamı ise faktöriyelle değil `ardisik_toplami_n_n1_bolu_2` ile yazılır,5·6·7·8 = 8!/4! = 40320/24 = 1680,"MEB 3 Adım TYT Matematik hamle verisi (1 soru: Temel Kavramlar, Sayı Basamakları, Sayı Kümeleri); ajan yazdı, 7 Ekim 2026; az veri",Faktöriyel · ardışık çarpımı oranla yazma,Ardışık sayılar çarpılıyor ve şıklarda ! görüyorsan çarpımı büyük faktöriyel bölü küçük faktöriyel diye yaz
bolunen_bolen_bolum_kalan_yaz,Matematik · Bölme - Bölünebilme Kuralları · 9. Sınıf,"Bir bölme işleminin bölümü, kalanı ya da böleni (bazen rakamlar toplamı gibi bir ifade olarak) verilmiş, bölünen ya da bir bilinmeyen soruluyor",Bölünen = bölen · bölüm + kalan ve 0 ≤ kalan < bölen,"Öğrenci kalanın bölenden küçük olma şartını kontrol etmez ya da basamaklı sayıyı (3ab gibi) yanlış açar, 300 + ab yerine 3 + ab yazar",Bölmeyi hemen bölünen = bölen · bölüm + kalan diye yaz. Basamaklı sayıları basamak değerleriyle aç ve en sonda 0 ≤ kalan < bölen şartıyla çözümleri ele.,Bu eşitlik bölme bilgisini düz bir denkleme çevirir; kalan şartı da denklemin çok sayıdaki çözümünden yalnız gerçek bölmeye uyanları bırakır.,Bilinmeyen kalan ya da bölende ise asıl iş aralık bulmaktır: `kalan_sartindan_bilinmeyeni_sinirla`; iç içe kalanlar için `kalanli_ifadeyi_yerine_koy`,"Bir sayı 7'ye bölününce bölüm 9, kalan 5 ise sayı 7·9 + 5 = 68","MEB 3 Adım TYT Matematik hamle verisi (8 soru: Bölme - Bölünebilme Kuralları, Polinomlar ve Çarpanlara Ayırma); ajan yazdı, 7 Ekim 2026",Bölme · bölünen = bölen·bölüm + kalan,"Soruda ""bölümü … kalanı …"" görüyorsan önce eşitliği yaz, sonra kalan < bölen şartını kontrol et"
rakam_toplamindan_kalan_bul,Matematik · Bölme - Bölünebilme Kuralları · 9. Sınıf,"Bir sayının (çoğu zaman uzun ya da bilinmeyen rakamlı) 3'e, 9'a ya da 45, 15 gibi 3/9 içeren bir sayıya bölümünden kalan soruluyor","Bir doğal sayının 3'e ve 9'a bölümünden kalan, rakamları toplamının 3'e ve 9'a bölümünden kalana eşittir",Öğrenci tekrar eden grubun sayısını yanlış hesaplar (basamak sayısını grup sayısı sanır) ya da 9'a kalanı 9'dan büyük bir sayı olarak bırakır,Rakamları topla; sayı tekrar eden gruplardan oluşuyorsa bir grubun toplamını grup sayısıyla çarp. Toplamın 3'e ya da 9'a kalanını al; 45 gibi bölenlerde 5 ve 9 kuralını birlikte kullan.,10'un her kuvveti 9'a bölününce 1 kalan verir; bu yüzden her basamak kalana yalnız kendi rakamı kadar katkı yapar.,"2, 4, 8, 5, 25 gibi bölenlerde rakam toplamı değil son basamaklar bakılır: `son_basamaklara_gore_kalan`","8 tane ""34"" yan yana yazılınca rakam toplamı 8·7 = 56; 56'nın 9'a kalanı 2, sayının 9'a kalanı da 2","MEB 3 Adım TYT Matematik hamle verisi (7 soru: Bölme - Bölünebilme Kuralları, Üslü ve Köklü İfadeler); ajan yazdı, 7 Ekim 2026",Bölünebilme · 3 ve 9 kuralı,3'e ya da 9'a kalan isteniyor ve sayı uzun ya da bilinmeyen rakamlıysa sayıyı değil rakamlarının toplamını incele
esitligi_asal_carpanlarla_karsilastir,Matematik · Bölme - Bölünebilme Kuralları · 9. Sınıf,"Asal ya da tam sayı olan bilinmeyenlerle çarpımlı (kareli olabilir) bir eşitlik verilmiş, bilinmeyenler soruluyor","p·a = q·b ve p, q aralarında asal ise a, q'nun katı ve b, p'nin katıdır; a ve b asalsa a = q, b = p olmak zorundadır",Öğrenci eşitliği sadeleştirmeden tek tek sayı dener; asallığın çarpanları birebir eşleştirdiğini görmez,Eşitliği karekök alarak ya da sadeleştirerek en basit çarpım hâline getir (pa = qb). Asal sayının hangi tarafın çarpanını karşılaması gerektiğine bakıp değerleri yaz.,Asal sayının kendisinden ve 1'den başka böleni yoktur; bu yüzden karşı taraftaki asal çarpanı ancak kendisi karşılayabilir.,Bölen sayısı soruluyorsa aynı ayrışım `asal_carpanlardan_bolen_sayisi` için kullanılır; burada amaç sayının kendisini bulmaktır,"a, b asal ve 9a² = 49b² ise 3a = 7b → a = 7, b = 3; a + b = 10","MEB 3 Adım TYT Matematik hamle verisi (1 soru: Bölme - Bölünebilme Kuralları); ajan yazdı, 7 Ekim 2026; az veri",Asal sayılar · çarpanları eşleme,Bilinmeyenlerin asal olduğu söylenen bir çarpım eşitliği görüyorsan sadeleştirip asal çarpanları karşılıklı eşleştir
ortak_periyodu_bul_say,"Matematik · EBOB - EKOK, Periyodik Olarak Tekrar Eden Durumlar · 9. Sınıf","Birden çok olay farklı ama düzenli aralıklarla tekrar ediyor (adımlar, nöbetler, gişeler) ve uzun bir sürede belli bir durumun kaç kez olduğu soruluyor","Periyotları p₁, p₂, … olan olayların birleşik deseni EKOK(p₁, p₂, …) uzunluğunda bir tekrar eder","Öğrenci olayların çakıştığı anları ayrı tutmayı unutur ya da son, tamamlanmamış periyodu tam periyot gibi sayar","Periyotların EKOK'unu bul ve bir ortak periyot içindeki istenen durumları tek tek say. Bunu tam periyot sayısıyla çarp, artan kısmı ayrıca say.","Ortak periyottan sonra her şey aynen tekrar ettiği için uzun süreyi saymak, kısa bir parçayı saymaya iner.","Yalnız ilk birlikte olma anı soruluyorsa sayım gerekmez, `ekok_ile_bulus_ani` yeter; tek periyotlu dizide n. eleman için `periyodun_kalanina_bak`","Bir lamba 4 sn'de, öteki 6 sn'de bir yanıyor; 12 sn'lik periyotta yalnız birincinin yandığı an 2 tane (4 ve 8), 60 sn'de 5·2 = 10","MEB 3 Adım TYT Matematik hamle verisi (6 soru: EBOB - EKOK, Periyodik Olarak Tekrar Eden Durumlar, Sayı, Kesir, Yaş, İşçi Problemleri, Bölme - Bölünebilme Kuralları, Kar - Zarar, Yüzde, Karışım, Hareket Problemleri); ajan yazdı, 7 Ekim 2026",Periyodik durumlar · ortak periyotta sayma,Birkaç farklı tekrar aynı anda işliyor ve uzun bir sürede sayım isteniyorsa önce EKOK kadar uzunlukta tek periyodu say
kalanli_ifadeyi_yerine_koy,Matematik · Bölme - Bölünebilme Kuralları · 9. Sınıf,"""… bölümünden kalan …"" bilgileri zincir hâlinde (A'yı B'ye, B'yi başka sayıya bölme) ya da bir ifade olarak verilmiş, başka bir bölene göre kalan soruluyor",m'ye bölümünden kalan r olan sayı m·k + r (k tam sayı) diye yazılır; yerine koyunca çıkan ifadenin katsayısı yeni bölenin katıysa kalanı sabit terim belirler,Öğrenci kalanları toplayıp sonucu sanır ya da ifadeye eklenmesi gereken parçayı (kenar boşluğu gibi) eksik yazar,"Her kalan bilgisini mk + r biçiminde yaz ve birini ötekinin içine koy. Çıkan ifadeyi yeni bölenin katı + sabit diye ayır, sabitin kalanını oku.",Bölenin katı olan kısım yeni bölene tam bölündüğü için kalana katkı yapmaz; kalan yalnız sabit terimden gelir.,Tek bölme bilgisinde `bolunen_bolen_bolum_kalan_yaz` yeterlidir; farklı kalanlardan bölen aranıyorsa `kalani_cikar_ebob_bul`,A = 5B + 3 ve B = 4k + 2 ise A = 20k + 13; A'nın 10'a bölümünden kalan 3,"MEB 3 Adım TYT Matematik hamle verisi (2 soru: Bölme - Bölünebilme Kuralları); ajan yazdı, 7 Ekim 2026",Bölme · kalanlı ifadeyi yerine koyma,"Bir sayının kalanı başka bir sayıya bağlı verilmişse her birini mk + r diye yazıp iç içe koy, sonra yeni bölene göre ayır"
kalan_sartindan_bilinmeyeni_sinirla,Matematik · Bölme - Bölünebilme Kuralları · 9. Sınıf,"Bölen ya da kalan bilinmeyenli bir ifade (x + 3, 2x − 5 gibi) olarak verilmiş; bölünenin alabileceği değerler ya da bilinmeyen soruluyor",Her bölmede 0 ≤ kalan < bölen; bilinmeyenli kalan ve bölen için bu çift eşitsizlik bilinmeyenin aralığını verir,"Öğrenci yalnız kalan < bölen şartını yazar, kalanın negatif olamayacağını unutur; ya da bölenin kalanlardan büyük olması gerektiğini atlar","0 ≤ kalan < bölen eşitsizliğini kur ve çöz, bilinmeyenin tam sayı değerlerini listele. Bölüneni bu değerlerle yazıp istenen en büyük, en küçük ya da toplamı bul.",Kalan şartı sağlanmayan bir değer gerçek bir bölme işlemi vermez; bu yüzden bilinmeyen yalnız eşitsizliğin izin verdiği değerleri alabilir.,Bilinen bir bölme için yalnız denklem kurmak `bolunen_bolen_bolum_kalan_yaz` ile yapılır; burada ağırlık aralık bulmaktadır,Bir sayı 6'ya bölününce kalan x − 1 ise 0 ≤ x − 1 < 6 → 1 ≤ x ≤ 6; x en çok 6,"MEB 3 Adım TYT Matematik hamle verisi (2 soru: Bölme - Bölünebilme Kuralları, EBOB - EKOK, Periyodik Olarak Tekrar Eden Durumlar); ajan yazdı, 7 Ekim 2026",Bölme · kalan şartıyla sınırlama,"Kalan ya da bölen içinde x varsa önce 0 ≤ kalan < bölen eşitsizliğini yaz, x'in alabileceği değerleri çıkar"
son_basamaklara_gore_kalan,Matematik · Bölme - Bölünebilme Kuralları · 9. Sınıf,"Bazı rakamları değişen ya da çok uzun bir sayının 2, 4, 8, 5, 25 gibi bir sayıya bölümünden kalan soruluyor","2 ve 5'e kalanı son basamak, 4 ve 25'e kalanı son iki basamak, 8'e kalanı son üç basamak belirler",Öğrenci bütün sayıyı hesaplamaya çalışır; öndeki basamakların kalanı etkilemediğini görmez,"Bölene göre gereken son bir, iki ya da üç basamağı ayır. Yalnız o parçanın bölene kalanını hesapla; iki sayı karşılaştırılıyorsa yalnız son basamaklardaki farka bak.","10, 100 ve 1000 sırasıyla 2 ve 5'e, 4 ve 25'e, 8'e tam bölünür; bu yüzden öndeki basamaklar bu bölenlerin katı olarak kalana katkı vermez.",3 ve 9'da son basamak değil tüm rakamların toplamı önemlidir: `rakam_toplamindan_kalan_bul`,7 893 534'ün 4'e kalanı son iki basamak 34'ün kalanıdır: 2,"MEB 3 Adım TYT Matematik hamle verisi (1 soru: Bölme - Bölünebilme Kuralları); ajan yazdı, 7 Ekim 2026; az veri",Bölünebilme · son basamaklara bakma,"Bölen 2, 4, 8, 5 ya da 25 ise sayının başına hiç bakma, yalnız gereken son basamakları incele"
asal_carpanlardan_bolen_sayisi,Matematik · Bölme - Bölünebilme Kuralları · 9. Sınıf,"Bir sayının (ya da EKOK, çarpım gibi bir ifadenin) bölen sayısı soruluyor ya da bölen sayısı verilip sayı aranıyor","n = a^x · b^y · c^z (a, b, c farklı asallar) ise pozitif bölen sayısı (x + 1)(y + 1)(z + 1); tüm (tam sayı) bölenler bunun 2 katıdır","Öğrenci bölen sayısını asal çarpan sayısıyla karıştırır, ""tüm bölenler""de negatifleri saymaz; ya da 3 bölenli sayıların asalların karesi olduğunu görmez","Sayıyı asal çarpanlarına ayır ve üslerin birer fazlasını çarp. Soru ""tüm bölenler"" diyorsa sonucu 2 ile çarp.","Her bölen, her asalın üssünü 0'dan en büyük üsse kadar seçerek oluşur; seçim sayılarının çarpımı bölen sayısını verir.",Bölenleri tek tek yazıp aralıktakileri seçmek gerekiyorsa `bolenleri_sinirla_listele`; bölen sayısı tekse sayı tam karedir: `bolen_sayisindan_tam_kareyi_fark_et`,"72 = 2³·3² → (3 + 1)(2 + 1) = 12 pozitif bölen, 24 tam sayı böleni","MEB 3 Adım TYT Matematik hamle verisi (4 soru: Bölme - Bölünebilme Kuralları, EBOB - EKOK, Periyodik Olarak Tekrar Eden Durumlar); ajan yazdı, 7 Ekim 2026",Bölen sayısı · asal çarpan üsleri,"""Kaç böleni var"" görüyorsan bölenleri yazmaya kalkma; asal çarpanlara ayırıp üslerin bir fazlasını çarp"
bolenleri_sinirla_listele,Matematik · Bölme - Bölünebilme Kuralları · 9. Sınıf,"Bir toplam eşit paylaştırılacak (ya da bir sayı bölen olmak zorunda) ve kişi başı miktar, kişi sayısı gibi bir değere alt ve üst sınır verilmiş",Artıksız eşit paylaşımda kişi sayısı ve kişi başı miktar toplamın pozitif bölenleridir ve çarpımları toplamı verir,"Öğrenci sınırı yanlış niceliğe uygular (kişi sayısı yerine kişi başı miktarı toplar) ya da 0, negatif gibi olmayacak değerleri listeye alır","Toplamın bölenlerini küçükten büyüğe yaz. Sınırın hangi niceliğe ait olduğuna bakıp aralık dışındakileri ele, soruda istenen niceliğe çevir.",Bölenler sonlu ve azdır; hepsini yazıp sınırla elemek hiçbir değeri kaçırmadan cevabı verir.,Yalnız bölenlerin sayısı soruluyorsa listeye gerek yoktur: `asal_carpanlardan_bolen_sayisi`,"48 kalem eşit paylaştırılacak, kişi başı en az 5 en çok 10 kalem: kişi başı 6 ya da 8 → kişi sayısı 8 ya da 6","MEB 3 Adım TYT Matematik hamle verisi (4 soru: Bölme - Bölünebilme Kuralları, Kar - Zarar, Yüzde, Karışım, Hareket Problemleri, Polinomlar ve Çarpanlara Ayırma); ajan yazdı, 7 Ekim 2026",Bölenler · sınırlı listeleme,"Artıksız paylaşım ve bir alt-üst sınır görüyorsan toplamın bölenlerini yaz, sınırın kime ait olduğuna dikkat ederek ele"
basa_gelen_rakama_gore_grupla,Matematik · Bölme - Bölünebilme Kuralları · 9. Sınıf,"Rakamların (ya da harflerin) bütün sıralanışları küçükten büyüğe dizilmiş, belli bir sayının kaçıncı sırada olduğu ya da n. sayının ne olduğu soruluyor",n farklı rakamla yazılan sayılarda aynı rakamla başlayanlar (n − 1)! tanedir; sıralı listede bu gruplar art arda gelir,"Öğrenci her gruptaki eleman sayısını hesaplamaz, listeyi baştan tek tek yazmaya çalışır ya da grup sınırlarını kaydırır","Bir gruptaki sayı adedini (kalan rakamların permütasyonu) bul. İstenen sayının önündeki grupları atla, sonra grup içinde ikinci, üçüncü basamağa göre aynı işlemi tekrarla.",Sıralama önce ilk basamağa göre yapıldığı için liste eşit büyüklükte bloklara ayrılır; blokları atlamak sırayı hızla verir.,Aynı desen tekrar ediyorsa (tabloya yazılan isim gibi) grup değil kalan hesabı gerekir: `periyodun_kalanina_bak`,"1, 2, 3, 4 rakamlarıyla yazılan rakamları farklı dört basamaklı sayılar sıralanınca her başlangıç rakamı 3! = 6 sayı alır; 3124, 3 ile başlayanların ilki olduğu için 13. sırada","MEB 3 Adım TYT Matematik hamle verisi (2 soru: Bölme - Bölünebilme Kuralları, EBOB - EKOK, Periyodik Olarak Tekrar Eden Durumlar); ajan yazdı, 7 Ekim 2026",Sıralama · baştaki rakama göre gruplama,Bütün dizilişler sıralanmış ve sıra numarası soruluyorsa listeyi yazma; aynı rakamla başlayan grubun büyüklüğünü bulup blok blok atla
tekrar_sayisina_gore_11_kalanini_bul,Matematik · Bölme - Bölünebilme Kuralları · 9. Sınıf,"Aynı rakamın yan yana tekrarlandığı sayılar (777, 5555 gibi) ya da bunların toplamı verilmiş, 11'e bölümünden kalan soruluyor","Aynı rakam a, çift sayıda yan yana yazılırsa sayı 11'e bölünür; tek sayıda yazılırsa 11'e kalan a'dır",Öğrenci sayıları toplayıp büyük sayının 11'e bölümünü yapmaya çalışır,"Her sayının kaç kez tekrar ettiğine bak: çiftse kalan 0, tekse kalan rakamın kendisi. Kalanları topla ve toplamın 11'e kalanını al.","11 kuralında rakamlar sağdan +, −, + diye toplanır; aynı rakamlarda çift sayıda terim birbirini götürür, tek sayıda bir rakam artar.","3 ve 9'a kalanda rakamlar toplanır, işaret değiştirilmez: `rakam_toplamindan_kalan_bul`","4444 + 77777: 4444'ün kalanı 0, 77777'nin kalanı 7 → toplamın 11'e kalanı 7","MEB 3 Adım TYT Matematik hamle verisi (1 soru: Bölme - Bölünebilme Kuralları); ajan yazdı, 7 Ekim 2026; az veri",Bölünebilme · 11 kuralı (tekrar eden rakam),Aynı rakamdan oluşan sayılar ve 11'e kalan görüyorsan sayıyı hesaplama; tekrar sayısının tek mi çift mi olduğuna bak
kucuk_n_ile_deseni_bul,Matematik · Üslü ve Köklü İfadeler · 9. Sınıf,"Genel n'ye bağlı bir ifade ya da adım adım büyüyen bir yapı verilmiş (10ⁿ − 22, n. adım, tekrar eden işlem), n'ye bağlı sonuç ya da büyük bir n için değer soruluyor","Küçük n değerlerinde görülen düzen, işlem aynı kuralla devam ettiği sürece genel n için de geçerlidir; bulunan genel kural bir değerle mutlaka kontrol edilmelidir",Öğrenci işlemi doğrudan genel n için yapmaya çalışıp takılır ya da desenin yalnız bir parçasını (adet ya da içteki sayı) izler,"n = 1, 2, 3 (ya da 2, 3, 4) için ifadeyi hesapla ve sonuçları alt alta yaz. Neyin n'ye bağlı değiştiğini görüp genel kuralı yaz, istenen n'yi koy.",Büyük ifadeyi doğrudan hesaplamak zordur; küçük örnekler düzeni gösterir ve genel kuralı kurmayı kolaylaştırır.,Desen bir periyotla tekrar ediyorsa (son basamaklar gibi) genel kural yerine `periyodun_kalanina_bak` kullanılır,"1 + 3 + 5 + … (n tane tek sayı): n = 1, 2, 3 için 1, 4, 9 → toplam n²; ilk 10 tek sayının toplamı 100","MEB 3 Adım TYT Matematik hamle verisi (11 soru: Üslü ve Köklü İfadeler, Bölme - Bölünebilme Kuralları, EBOB - EKOK, Periyodik Olarak Tekrar Eden Durumlar, Birinci Dereceden Denklem ve Eşitsizlikler, Oran ve Orantı, Sayı, Kesir, Yaş, İşçi Problemleri); ajan yazdı, 7 Ekim 2026",Örüntü · küçük değerlerle genelleme,"İfadede n var ve doğrudan hesap zor görünüyorsa önce n = 1, 2, 3 için hesapla, düzeni gör"
farklarin_ortak_bolenini_al,Matematik · Bölme - Bölünebilme Kuralları · 9. Sınıf,"Birkaç sayının aynı x'e tam bölündüğü (ya da aynı kalanı verdiği) söylenmiş, sayıların kendileri değil yalnız aralarındaki farklar biliniyor; x soruluyor","a ve b, x'e bölünüyorsa (ya da x'e bölümünden aynı kalanı veriyorsa) a − b de x'e bölünür; x farkların ortak bölenidir","Öğrenci sayıların kendilerini bilmeden çözülemeyeceğini sanır, farklara bakmayı düşünmez","Sayıların ikişer ikişer farklarını yaz. Farkların EBOB'unu bul; x bunun bir bölenidir, şartlara uyanı seç.","İki sayının x'e göre kalanları eşitse farkta kalanlar birbirini götürür, geriye yalnız x'in katı kalır.",Kalanlar farklı ve sayılar biliniyorsa önce kalanlar çıkarılır: `kalani_cikar_ebob_bul`,"35, 56 ve 91 aynı x > 1 sayısına bölünüyorsa farklar 21 ve 35, EBOB(21, 35) = 7 → x = 7","MEB 3 Adım TYT Matematik hamle verisi (1 soru: Bölme - Bölünebilme Kuralları); ajan yazdı, 7 Ekim 2026; az veri",Bölünebilme · farkların ortak böleni,Sayıları bilmiyor ama farklarını biliyorsan ve hepsi aynı sayıya bölünüyorsa farkların EBOB'una bak
ebob_ile_esit_parcala,"Matematik · EBOB - EKOK, Periyodik Olarak Tekrar Eden Durumlar · 9. Sınıf","Farklı uzunluklar ya da miktarlar artık kalmadan eşit ve en büyük parçalara (kasa, kare parsel, eşit aralık) bölünecek; parça, kesim ya da direk sayısı soruluyor","Artıksız en büyük ortak parça EBOB'dur; her miktardan miktar / EBOB parça çıkar. Açık çizgide direk = parça + 1, kapalı çevrede direk = parça","Öğrenci EBOB'u doğrudan cevap sanır; parça sayısını kesim ya da direk sayısıyla karıştırır, kapalı çevrede köşeleri iki kez sayar","Miktarların EBOB'unu bul ve her miktarı EBOB'a bölerek parça sayısını yaz. Soru kesim, direk ya da başka bir şey istiyorsa parça sayısını ona çevir.",Parça hepsini artıksız bölmeli (ortak bölen) ve en büyük olmalıdır; bu tanım tam olarak EBOB'dur.,Birlikte tekrar eden olaylarda en küçük ortak kat istenir: `ekok_ile_ortak_kat`; çizgi üzerinde nokta saymada `aralik_sayisindan_nokta_say`,48 m ve 60 m'lik iki ip artıksız en uzun eşit parçalara: EBOB 12 m → 4 + 5 = 9 parça,"MEB 3 Adım TYT Matematik hamle verisi (5 soru: EBOB - EKOK, Periyodik Olarak Tekrar Eden Durumlar); ajan yazdı, 7 Ekim 2026",EBOB · en büyük eşit parça,"""Artık kalmadan, en büyük eşit parça"" görüyorsan EBOB al, sonra sorunun saydığı şeye (parça, kesim, direk) dikkat et"
ebob_kucuk_us_ekok_buyuk_us,"Matematik · EBOB - EKOK, Periyodik Olarak Tekrar Eden Durumlar · 9. Sınıf","Sayılar asal çarpanlarıyla (ya da faktöriyelli, üslü biçimde) verilmiş; EBOB, EKOK ya da EKOK/EBOB soruluyor","EBOB, ortak asal çarpanların en küçük üslüleri çarpımıdır; EKOK, görünen bütün asal çarpanların en büyük üslüleri çarpımıdır",Öğrenci EKOK'ta yalnız bir sayıda bulunan asalları unutur ya da faktöriyelleri açıp büyük sayılarla uğraşır,"Sayıları asal çarpan (ya da ortak çarpan) biçiminde alt alta yaz. EBOB için ortakların küçük üssünü, EKOK için hepsinin büyük üssünü seç; oran isteniyorsa ortak kısmı sadeleştir.","EBOB her iki sayıyı da bölmeli, bu yüzden en küçük üsle sınırlıdır; EKOK ikisinin de katı olmalı, bu yüzden en büyük üsse ihtiyaç duyar.",Sayılar asal çarpanlarına ayrık değilse önce `asal_carpanlara_ayir`; aralarında asal sayılarda EKOK doğrudan çarpımdır: `aralarinda_asalsa_ekoku_carp`,"A = 2³·3²·5, B = 2²·3⁴·7 → EBOB = 2²·3² = 36, EKOK = 2³·3⁴·5·7 = 22680","MEB 3 Adım TYT Matematik hamle verisi (2 soru: EBOB - EKOK, Periyodik Olarak Tekrar Eden Durumlar); ajan yazdı, 7 Ekim 2026",EBOB-EKOK · asal çarpan üsleri,"Sayılar üslü asal çarpanlarla verilmişse hiç çarpma; EBOB'a küçük üsleri, EKOK'a büyük üsleri al"
periyodun_kalanina_bak,"Matematik · EBOB - EKOK, Periyodik Olarak Tekrar Eden Durumlar · 9. Sınıf","Düzenli tekrar eden bir dizi (kelimeler, renkler, günler, adımlar, kuvvetler) verilmiş ve çok ilerideki n. eleman soruluyor","Periyodu p olan dizide n. eleman, n'nin p'ye bölümünden kalan r olan elemandır; r = 0 ise periyodun son elemanıdır",Öğrenci kalan 0 çıkınca ilk elemanı alır ya da yanlış sayıyı (satır numarası gibi) periyoda böler,"Bir periyottaki eleman sayısını bul. n'yi periyoda böl, kalana karşılık gelen elemanı oku; kalan 0 ise sondakini al.",Her tam periyot diziyi başa döndürür; geriye yalnız kalan kadar adım atmak kalır.,Birden çok periyot birlikteyse önce ortak periyot gerekir: `ortak_periyodu_bul_say`; günlerde 7'lik periyot için `saati_gun_ve_saate_ayir`,"A, B, C, D tekrar ediyor: 42. eleman için 42'nin 4'e kalanı 2 → B; 40. eleman için kalan 0 → D","MEB 3 Adım TYT Matematik hamle verisi (4 soru: EBOB - EKOK, Periyodik Olarak Tekrar Eden Durumlar, Sayı, Kesir, Yaş, İşçi Problemleri, Polinomlar ve Çarpanlara Ayırma); ajan yazdı, 7 Ekim 2026",Periyodik durumlar · kalana bakma,"Tekrar eden dizide çok uzak bir sıra soruluyorsa sırayı periyoda böl, kalana bak; kalan 0 ise son eleman"
ortak_eksigi_ekok_yap,"Matematik · EBOB - EKOK, Periyodik Olarak Tekrar Eden Durumlar · 9. Sınıf","Bir sayının farklı bölenlere göre kalanları hep bölenden aynı miktar eksik (3'e 2, 4'e 3, 5'e 4 kalan gibi) ya da sayının birkaç kesirli katının tam olması isteniyor; en küçük değer soruluyor","x her bölen bᵢ için bᵢ − d kalan veriyorsa x + d, bütün bᵢ'lere bölünür; yani x + d = EKOK(b₁, b₂, …)·k","Öğrenci her kalanı ayrı ayrı deneyip ortak eksiği görmez; ya da bulduğu en küçük değerde diğer şartları (negatif çıkmama, sınır) kontrol etmez",Kalanlarla bölenler arasındaki ortak eksiği (d) bul ve x + d'yi bölenlerin EKOK'unun katı diye yaz. Ek şartları sağlayan en küçük katı seç.,"Sayıya ortak eksik eklenince her bölmede kalan tamamlanır; sayı bütün bölenlerin ortak katı olur, en küçüğü de EKOK'tur.",Kalanlar farklı ve ortak eksik yoksa bölen aranıyorsa `kalani_cikar_ebob_bul`; kalan yoksa doğrudan `ekok_ile_ortak_kat`,"3'e bölününce 2, 4'e bölününce 3, 5'e bölününce 4 kalan veren en küçük pozitif sayı: x + 1 = EKOK(3, 4, 5) = 60 → x = 59","MEB 3 Adım TYT Matematik hamle verisi (2 soru: EBOB - EKOK, Periyodik Olarak Tekrar Eden Durumlar); ajan yazdı, 7 Ekim 2026",EKOK · ortak eksikle kalan,Her bölmede kalan bölenden aynı miktar küçükse o miktarı sayıya ekle ve EKOK'un katı olarak yaz
kalani_cikar_ebob_bul,"Matematik · EBOB - EKOK, Periyodik Olarak Tekrar Eden Durumlar · 9. Sınıf",Birkaç bilinen sayı aynı bilinmeyen sayıya bölünüyor ve her biri farklı bir kalan veriyor; bölen soruluyor,"a'nın A'ya kalanı r ise a − r, A'ya tam bölünür; A, (aᵢ − rᵢ) sayılarının ortak bölenidir ve her kalandan büyük olmalıdır","Öğrenci bölenin kalanlardan büyük olması gerektiğini unutur, küçük ortak bölenleri de cevaba katar","Her sayıdan kendi kalanını çıkar. Kalan sayıların EBOB'unu bul, onun bölenlerinden en büyük kalandan büyük olanları seç.","Kalanı çıkarınca sayılar A'ya tam bölünür; A da ortak bölen olmak zorundadır, kalan şartı küçük adayları eler.",Kalanlar bölenlerden aynı miktar eksikse ve sayı aranıyorsa `ortak_eksigi_ekok_yap`; yalnız farklar biliniyorsa `farklarin_ortak_bolenini_al`,"50, 77, 104 aynı A'ya bölününce kalanlar 2, 5, 8 ise 48, 72, 96'nın EBOB'u 24; 8'den büyük bölenleri 12 ve 24","MEB 3 Adım TYT Matematik hamle verisi (1 soru: EBOB - EKOK, Periyodik Olarak Tekrar Eden Durumlar); ajan yazdı, 7 Ekim 2026; az veri",EBOB · kalanı çıkarıp ortak bölen,"Bilinen sayılar ve her birinin kalanı verilmiş, bölen soruluyorsa önce kalanları çıkar, sonra ortak bölenlere bak ve kalandan küçükleri ele"
ekok_ile_bulus_ani,"Matematik · EBOB - EKOK, Periyodik Olarak Tekrar Eden Durumlar · 9. Sınıf","Farklı sürelerde tekrar eden olaylar (tur atma, sefer, nöbet) birlikte başlamış; ilk, ikinci ya da k. kez yeniden birlikte olacakları zaman soruluyor","Periyotları p₁, p₂, … olan olaylar EKOK(p₁, p₂, …) aralıklarla birlikte olur; başlangıç 1. buluşma sayılırsa k. buluşma (k − 1)·EKOK sonradır",Öğrenci EKOK yerine süreleri toplar; ya da başlangıç anını saymayıp k. buluşma için k·EKOK ekler,"Periyotların EKOK'unu bul. Başlangıcın sayılıp sayılmadığına bakıp gereken kat kadar ekle ve sonucu saat, gün gibi birime çevir.","Olaylar ancak her birinin katı olan bir anda yeniden çakışır; bu anların ilki EKOK'tur, sonrakiler onun katlarıdır.",Belli süre içinde kaç kez olduğu sayılıyorsa `ortak_periyodu_bul_say`; sonuç gün ve saate dönecekse `saati_gun_ve_saate_ayir`,"Otobüsler 12 ve 18 dakikada bir, 08.00'de birlikte kalktı: EKOK 36 dk; 3. kez birlikte kalkış 2·36 = 72 dk sonra, 09.12","MEB 3 Adım TYT Matematik hamle verisi (4 soru: EBOB - EKOK, Periyodik Olarak Tekrar Eden Durumlar); ajan yazdı, 7 Ekim 2026",EKOK · tekrar birlikte olma anı,"""Yeniden birlikte"", ""tekrar aynı anda"" görüyorsan süreleri topla değil EKOK al; kaçıncı buluşma olduğunu başlangıçtan sayarak kontrol et"
aralarinda_asalsa_ekoku_carp,"Matematik · EBOB - EKOK, Periyodik Olarak Tekrar Eden Durumlar · 9. Sınıf",İki sayının aralarında asal olduğu söylenmiş ve EKOK'ları ya da çarpımları ile ilgili bir bilgi verilmiş,"a ve b aralarında asalsa (ortak asal çarpanları yoksa) EBOB(a, b) = 1 ve EKOK(a, b) = a·b; genel olarak a·b = EBOB·EKOK","Öğrenci ""aralarında asal"" bilgisini kullanmaz, EKOK'u ayrıca hesaplamaya ya da sayıları tek tek denemeye çalışır",EKOK'u doğrudan a·b diye yaz. Bu eşitliği verilen öteki bilgiyle birleştirip sayıları bul.,Ortak çarpan olmadığı için iki sayının hiçbir çarpanı EKOK'ta tekrar etmez; EKOK çarpımın tamamıdır.,"Ortak çarpan varsa EKOK çarpım değildir; sayıları `sayilari_ebobun_katlari_yaz` ile dx, dy yazmak gerekir","8 ve 15 aralarında asal: EKOK = 8·15 = 120; ama 8 ve 12 aralarında asal değil, EKOK 96 değil 24","MEB 3 Adım TYT Matematik hamle verisi (1 soru: EBOB - EKOK, Periyodik Olarak Tekrar Eden Durumlar); ajan yazdı, 7 Ekim 2026; az veri",EKOK · aralarında asal sayılar,"""Aralarında asal"" ifadesini görüyorsan EBOB'u 1, EKOK'u çarpım olarak hemen yerine koy"
aralik_sayisindan_nokta_say,"Matematik · EBOB - EKOK, Periyodik Olarak Tekrar Eden Durumlar · 9. Sınıf","Bir uzunluk eşit aralıklara bölünüp uçlara ya da çevreye direk, ağaç, nokta konuyor; ya da çubuk kesiliyor ve direk, kesim, sefer sayısı soruluyor","Açık bir doğru parçasında n aralık için n + 1 nokta, kapalı çevrede n nokta vardır; n parçaya ayırmak n − 1 kesim ister","Öğrenci aralık sayısını doğrudan nokta, direk ya da kesim sayısı sanır; kapalı çevrede köşe noktalarını iki kez sayar ya da ilk seferi saymayı unutur","Önce aralık (parça) sayısını bul: uzunluk / aralık. Çizgi açıksa 1 ekle, kapalıysa ekleme; kesim soruluyorsa 1 çıkar.","Açık çizgide başta ve sonda birer uç nokta vardır, bu yüzden bir fazla nokta gerekir; kapalı çizgide son nokta ilkiyle aynı olduğundan fazla nokta yoktur.",Aralık uzunluğu henüz bilinmiyorsa önce `ebob_ile_esit_parcala` ile en büyük eşit aralığı bul,30 m'lik yola 5 m arayla direk: 6 aralık → iki uç dahil 7 direk; 30 m çevreli kapalı pistte 6 direk; ipi 6 parçaya bölmek 5 kesim,"MEB 3 Adım TYT Matematik hamle verisi (8 soru: EBOB - EKOK, Periyodik Olarak Tekrar Eden Durumlar, Oran ve Orantı, Birinci Dereceden Denklem ve Eşitsizlikler); ajan yazdı, 7 Ekim 2026",Sayma · aralık-nokta ilişkisi,"Direk, ağaç, kesim, sefer sayısı soruluyorsa önce aralık sayısını bul, sonra çizginin açık mı kapalı mı olduğuna bakarak 1 ekle ya da çıkar"
saati_gun_ve_saate_ayir,"Matematik · EBOB - EKOK, Periyodik Olarak Tekrar Eden Durumlar · 9. Sınıf","Bir olay belli saat ya da gün sonra tekrarlanıyor ve bitişin hangi gün, hangi saat ya da hangi tarih olduğu soruluyor","Saat cinsinden süre 24'e bölünür: bölüm tam gün, kalan saattir. Gün cinsinden süre 7'ye bölünür: kalan, haftanın kaç gün ileri gideceğini verir","Öğrenci ilk tekrarı istenen sanır, kaçıncı tekrar olduğunu karıştırır ya da ay sonlarında 30/31 günü yanlış sayar","Toplam süreyi bul ve 24'e bölerek gün + saat diye ayır. Günleri 7'ye bölüp kalan kadar haftanın gününü ilerlet, saati ayrıca ekle.","Gün 24 saatte, hafta 7 günde bir tekrar ettiği için yalnız kalanlar takvimdeki yeri değiştirir.",Süre birden çok periyodun buluşmasından geliyorsa önce `ekok_ile_bulus_ani`; genel tekrar eden dizide `periyodun_kalanina_bak`,"Salı 09.00'dan 100 saat sonra: 100 = 4·24 + 4 → 4 gün 4 saat sonra, Cumartesi 13.00","MEB 3 Adım TYT Matematik hamle verisi (4 soru: EBOB - EKOK, Periyodik Olarak Tekrar Eden Durumlar); ajan yazdı, 7 Ekim 2026",Periyodik durumlar · gün ve saat hesabı,"Sonuç bir gün adı, saat ya da tarih olacaksa süreyi önce 24'e, sonra 7'ye bölüp kalanlarla ilerle"
asal_carpanlara_ayir,"Matematik · Sayı, Kesir, Yaş, İşçi Problemleri · 9. Sınıf","Bir sayının en büyük asal çarpanı, bölen sayısı ya da bir çarpımı tam kare/tam sayı yapacak en küçük çarpan soruluyor; ya da bir çarpımın hangi sayılardan oluştuğu bulunacak",Her doğal sayı (1'den büyük) asal sayıların çarpımı olarak tek biçimde yazılır (aritmetiğin temel teoremi),Öğrenci ayrışımı yarım bırakır ya da en büyük asal çarpanı yanlış bulur; tek üslü asalları tamamlamayı unutur,"Sayıyı en küçük asaldan başlayarak bölmeye devam et ve üslü biçimde yaz. İstenen bilgiyi (en büyük asal, eksik üsler, olası çarpan grupları) bu yazılıştan oku.","Asal çarpan yazılışı sayının bütün yapısını gösterir; böylece bölenler, kareler ve çarpan grupları tahminsiz bulunur.",Bölen sayısı isteniyorsa ayrışımdan sonra `asal_carpanlardan_bolen_sayisi`; EBOB-EKOK için `ebob_kucuk_us_ekok_buyuk_us`,462 = 2·3·7·11 → en büyük asal çarpanı 11; 462·k tam kare olsun diye en küçük k = 462,"MEB 3 Adım TYT Matematik hamle verisi (6 soru: Sayı, Kesir, Yaş, İşçi Problemleri, EBOB - EKOK, Periyodik Olarak Tekrar Eden Durumlar, Üslü ve Köklü İfadeler, İkinci Dereceden Denklemler, Karmaşık Sayılar, Katı Cisimler - Prizmalar); ajan yazdı, 7 Ekim 2026",Sayılar · asal çarpanlara ayırma,"Bir sayının iç yapısı (asal çarpanı, kareye tamamlanması, hangi çarpanlardan oluştuğu) soruluyorsa önce asal çarpanlarına ayır"
sayilari_ebobun_katlari_yaz,"Matematik · EBOB - EKOK, Periyodik Olarak Tekrar Eden Durumlar · 9. Sınıf","İki sayının EBOB'u, EKOK'u, oranı ya da çarpımı arasında bir ilişki verilmiş; sayılar ya da toplamları soruluyor","EBOB(a, b) = d ise a = d·x, b = d·y (x, y aralarında asal); EKOK = d·x·y ve a·b = EBOB·EKOK","Öğrenci EKOK'u sayıların çarpımı sanır, x ve y'nin aralarında asal olma şartını kontrol etmez ya da tek bir d değerinde kalır","Sayıları dx ve dy diye yaz, EKOK'u dxy olarak kur. Verilen koşulu d, x, y cinsinden çöz; x, y'nin aralarında asal olduğu bütün durumları dene.",Ortak kısım d ayrılınca geriye kalan x ve y'nin ortak çarpanı kalmaz; böylece EBOB ve EKOK basit çarpımlara iner.,Sayılar zaten aralarında asalsa d = 1'dir: `aralarinda_asalsa_ekoku_carp`,"EBOB 6, EKOK 72 ise 6x·6y, xy = 12, (x, y) = (1, 12) ya da (3, 4) → sayılar 6 ve 72 ya da 18 ve 24","MEB 3 Adım TYT Matematik hamle verisi (3 soru: EBOB - EKOK, Periyodik Olarak Tekrar Eden Durumlar); ajan yazdı, 7 Ekim 2026","EBOB-EKOK · sayıları dx, dy yazma","EBOB ve EKOK aynı soruda geçiyorsa sayıları hemen EBOB'un katları (dx, dy) diye yaz"
kesre_bolmeyi_carpmaya_cevir,"Matematik · EBOB - EKOK, Periyodik Olarak Tekrar Eden Durumlar · 9. Sınıf","Bir sayının birkaç kesre bölümünün (ya da kesirli katlarının) tam sayı olduğu söylenmiş, sayının en küçük değeri soruluyor","D ÷ (a/b) = D·b/a; a/b sadeleşmiş kesirse bunun tam sayı olması için D, a'nın katı olmalıdır",Öğrenci bölmeyi çarpma gibi yapar ya da hangi sayının D'yi bölmesi gerektiğini karıştırıp EKOK'a yanlış sayıları koyar,"Her bölmeyi ters kesirle çarpmaya çevir ve paydada kalan sayıları yaz. D'yi bu sayıların EKOK'unun katı diye al, şartlara uyan en küçüğünü seç.","Çarpma hâlinde paydada kalan sayı D'yi tam bölmelidir; hepsini birlikte bölmesi için D ortak kat, en küçüğü EKOK olur.",Kesirlerin kendilerinin ortak katı (EKOK'u) soruluyorsa `paylari_ekok_paydalari_ebob_yap`,"D ÷ (3/4) ve D ÷ (5/6) tam sayı ise 4D/3 ve 6D/5 tam → D, EKOK(3, 5) = 15'in katı; en küçük 15 (15 ÷ 3/4 = 20, 15 ÷ 5/6 = 18)","MEB 3 Adım TYT Matematik hamle verisi (1 soru: EBOB - EKOK, Periyodik Olarak Tekrar Eden Durumlar); ajan yazdı, 7 Ekim 2026; az veri",Kesirler · bölmeyi çarpmaya çevirip EKOK,"""Kesre bölümü tam sayı"" görüyorsan önce ters çevirip çarp, paydada kalanların EKOK'unu al"
ekok_ile_ortak_kat,"Matematik · EBOB - EKOK, Periyodik Olarak Tekrar Eden Durumlar · 9. Sınıf","Bir sayının (uzunluk, adet, yaş) birden çok sayıya artıksız bölünmesi ya da hepsinin katı olması gerektiği söylenmiş; en küçük, en büyük ya da kaç tane olduğu soruluyor","a, b, c'nin hepsine bölünen sayılar tam olarak EKOK(a, b, c)'nin katlarıdır","Öğrenci sayıların çarpımını ortak kat sanır, gereksiz bir bilgiyi (öteki markayı) işe katar ya da ortak katlar yerine yalnız birinin katlarını sayar",Sayıların EKOK'unu bul ve aranan değeri EKOK·k diye yaz. Sınıra göre k'yi seç ya da aralıktaki katları say.,"Bir sayı her birine bölünüyorsa her birinin asal çarpanlarını taşır; bunları taşıyan en küçük sayı EKOK'tur, öbürleri onun katıdır.","Ortak bölen, yani en büyük eşit parça isteniyorsa `ebob_ile_esit_parcala`; zaman içinde buluşmada `ekok_ile_bulus_ani`","1–100 arasında hem 4'e hem 6'ya bölünen sayılar EKOK 12'nin katlarıdır: 12, 24, …, 96 → 8 tane","MEB 3 Adım TYT Matematik hamle verisi (5 soru: EBOB - EKOK, Periyodik Olarak Tekrar Eden Durumlar, Sayı, Kesir, Yaş, İşçi Problemleri, Kar - Zarar, Yüzde, Karışım, Hareket Problemleri, Katı Cisimler - Prizmalar); ajan yazdı, 7 Ekim 2026",EKOK · ortak katlar,"""Hepsine tam bölünsün"", ""ikisine de uysun"" görüyorsan EKOK al ve cevabı onun katları arasında ara"
bolen_sayisindan_tam_kareyi_fark_et,"Matematik · EBOB - EKOK, Periyodik Olarak Tekrar Eden Durumlar · 9. Sınıf","Bir sayının bölen sayısının tek olduğu, tam 3 olduğu ya da bir işlemin her bölen için bir kez yapıldığı (kapı açıp kapama, kutuya atma) bir durum verilmiş","Pozitif bölen sayısı tek olan sayılar tam karelerdir; tam 3 pozitif böleni olanlar bir asalın karesidir (p²: 1, p, p²)",Öğrenci 3 bölenli sayıları asal sayılar sanır ya da bölen sayısının tek olmasının tam kare anlamına geldiğini görmez,"Bölen sayısı tekse aralıktaki tam kareleri, tam 3 ise asalların karelerini listele. Sınırı aşmadan say.",Bölenler d ve n/d diye çiftler hâlinde gelir; yalnız tam karede √n kendisiyle eşleşir ve bölen sayısını tek yapar.,Genel bir sayının bölen sayısı için `asal_carpanlardan_bolen_sayisi` kullanılır,"1–50 arasında bölen sayısı tek olanlar 1, 4, 9, 16, 25, 36, 49 → 7 tane; tam 3 böleni olanlar 4, 9, 25, 49 → 4 tane","MEB 3 Adım TYT Matematik hamle verisi (1 soru: EBOB - EKOK, Periyodik Olarak Tekrar Eden Durumlar); ajan yazdı, 7 Ekim 2026; az veri",Bölen sayısı · tam kare ve asal kare,Bölen sayısı tek ya da 3 olan sayılar soruluyorsa bölen saymaya kalkma; tam kareleri ya da asalların karelerini listele
dairede_kisa_yonu_sec,"Matematik · EBOB - EKOK, Periyodik Olarak Tekrar Eden Durumlar · 9. Sınıf","Daire üzerinde sıralı rakamlar ya da eşit aralıklı çizgiler (şifreli kilit, düğme, halka) var; bir konumdan ötekine en az dönüş ya da açı soruluyor","n eşit bölmeli dairede iki konum arasındaki fark k bölme ise dönüş ya k ya da n − k bölmedir; en kısa dönüş min(k, n − k), bir bölme 360°/n","Öğrenci hep aynı yönde döner, kısa yönü seçmez ya da bölmeleri gerçekte eşit değilken eşit sayar","Her geçiş için iki yöndeki adım sayısını bul ve küçüğünü al. Adımları topla, açı soruluyorsa bir bölmenin açısıyla çarp.",Dairede her yere iki yönden gidilir ve ikisinin toplamı tam turdur; küçük olanı seçmek dönüşü en aza indirir.,Dairesel dizide çok sayıda adım sonra nerede olunduğu soruluyorsa `periyodun_kalanina_bak`,"0–9 numaralı halkada 8'den 1'e: bir yönde 3, öbür yönde 7 adım → 3 adım; bir adım 36° olduğundan 108°","MEB 3 Adım TYT Matematik hamle verisi (3 soru: EBOB - EKOK, Periyodik Olarak Tekrar Eden Durumlar, Oran ve Orantı); ajan yazdı, 7 Ekim 2026",Periyodik durumlar · dairede en kısa yön,"Daire üzerinde en az dönüş soruluyorsa her geçişte iki yönü de say, küçüğünü seç"
paylari_ekok_paydalari_ebob_yap,"Matematik · EBOB - EKOK, Periyodik Olarak Tekrar Eden Durumlar · 9. Sınıf",Olaylar kesirli sürelerle (2/7 saatte bir gibi) tekrar ediyor ya da kesirlerin ortak katı isteniyor; ilk birlikte olma anı soruluyor,"Sadeleşmiş kesirler için EKOK(a/b, c/d) = EKOK(a, c) / EBOB(b, d)",Öğrenci paylarda EKOK yerine EBOB alır ya da paydalarda da EKOK alır,"Kesirleri sadeleştir. Payların EKOK'unu paydaların EBOB'una böl, sonucu zaman birimine çevir.","Bulunan sayı her kesre bölündüğünde tam sayı vermelidir; bunu sağlayan en küçük kesir pay için en küçük ortak kat, payda için en büyük ortak bölendir.",Tam sayılı periyotlarda doğrudan `ekok_ile_bulus_ani` kullanılır,"3/4 ve 5/6 saatte bir: EKOK(3, 5)/EBOB(4, 6) = 15/2 = 7,5 saat (7,5 ÷ 3/4 = 10, 7,5 ÷ 5/6 = 9)","MEB 3 Adım TYT Matematik hamle verisi (1 soru: EBOB - EKOK, Periyodik Olarak Tekrar Eden Durumlar); ajan yazdı, 7 Ekim 2026; az veri",EKOK · kesirlerin EKOK'u,"Tekrar süreleri kesirliyse önce payların EKOK'unu, paydaların EBOB'unu al"
ciktidan_girdiye_geri_coz,"Matematik · Kar - Zarar, Yüzde, Karışım, Hareket Problemleri · 9. Sınıf","Bir kural, formül ya da art arda yapılan işlemler (yüzde kayıp, iniş-biniş, ceza formülü) verilmiş, sonuç biliniyor ve başlangıç değeri soruluyor","Her işlem tersiyle geri alınır: toplama ↔ çıkarma, çarpma ↔ bölme; %p kayıp ×(1 − p/100) ile yapıldıysa geri alırken aynı sayıya bölünür","Öğrenci işlemleri ters sırayla geri almaz, formüldeki sabiti çıkarmayı unutur ya da %20 kaybı geri alırken 1,2 ile çarpar",İşlemleri baştan sona sırayla yaz. Sonuçtan başlayıp son işlemden ilkine doğru her birinin tersini uygula.,Her adım bir öncekinin çıktısını kullandığı için yalnız ters sırayla geri gidilince bir önceki değer tam olarak bulunur.,"Yüzde kaybı geri almak yüzde eklemek değildir; %20 kayıp ÷0,8 ile, %20 artış ÷1,2 ile geri alınır","Fiyat %20 artırılıp 30 TL indirim yapılınca 90 TL oluyor: 90 + 30 = 120, 120 ÷ 1,2 = 100 TL","MEB 3 Adım TYT Matematik hamle verisi (9 soru: Kar - Zarar, Yüzde, Karışım, Hareket Problemleri, Fonksiyon Kavramı ve Özellikleri, Birinci Dereceden Denklem ve Eşitsizlikler, Sayı, Kesir, Yaş, İşçi Problemleri, Veri); ajan yazdı, 7 Ekim 2026",Problem çözme · tersten geri çözme,Son durum bilinip başlangıç soruluyorsa denklemle uğraşmadan işlemleri sondan başa ters çevirerek ilerle
toplami_bilinen_ikiliye_x_ve_kalan_ver,"Matematik · Sayı, Kesir, Yaş, İşçi Problemleri · 9. Sınıf","İki türden (2'lik-5'lik, doğru-yanlış, bir-üç içecek) toplam adet verilmiş; ayrıca toplam tutar, ağırlık ya da puan gibi ikinci bir bilgi var","Toplam adet T ise türlerden biri x, öteki T − x olur; ikinci bilgi a·x + b·(T − x) = toplam biçiminde tek bilinmeyenli denklem verir","Öğrenci iki ayrı bilinmeyen kurup uzun yoldan gider, boş kalanları toplamdan düşmeyi unutur ya da soruda verilmeyen bir şeyi (kumbara ağırlığı) hesaba katar","Bir türe x, ötekine toplam − x de. İkinci bilgiyi bu ikisiyle tek denklem olarak yaz ve x'i çöz.",Toplam bilgisi bir bilinmeyeni ötekine bağlar; böylece iki bilinmeyenli problem tek bilinmeyenli denkleme iner.,Aynı şey iki farklı yoldan hesaplanıyorsa `iki_durumun_tutarini_esitle`; miktarlar birbirine kat ya da yüzdeyle bağlıysa `hepsini_tek_bazla_zincirle`,"12 banknot, 5 TL'lik ve 10 TL'lik, toplam 85 TL: 10x + 5(12 − x) = 85 → x = 5 tane 10 TL'lik, 7 tane 5 TL'lik","MEB 3 Adım TYT Matematik hamle verisi (26 soru: Sayı, Kesir, Yaş, İşçi Problemleri, Birinci Dereceden Denklem ve Eşitsizlikler, Kare, Deltoid, Kar - Zarar, Yüzde, Karışım, Hareket Problemleri, Veri, Permütasyon, Kombinasyon, Binom, Olasılık, Üçgenler, Eşkenar Dörtgen, Dikdörtgen); ajan yazdı, 7 Ekim 2026",Sayı problemleri · x ve toplam − x,"İki çeşidin toplam adedi verilmişse birine x, ötekine toplam − x de; ikinci bilgiyle tek denklem kur"
esitsizlikleri_zincirle_aralik_bul,Matematik · Birinci Dereceden Denklem ve Eşitsizlikler · 9. Sınıf,"Bir değişkene ya da birbirine bağlı değişkenlere birden çok koşul (en az, en çok, büyüktür, sıralama) verilmiş; alabileceği değerler, kaç değer olduğu ya da en büyük/en küçük değer soruluyor","Her koşul aynı değişken için bir eşitsizliğe çevrilir; değişken hepsini birden sağlamalıdır, yani çözüm aralıkların kesişimidir. Negatif sayıyla çarpma/bölmede yön değişir","Öğrenci koşullardan birini unutur, uçların dahil olup olmadığını (< ile ≤) karıştırır ya da negatif tam sayıları denemez","Her koşulu aynı değişken cinsinden eşitsizlik olarak yaz ve çöz. Hepsini sayı doğrusunda üst üste koyup ortak aralığı al, uçlara ve tam sayı şartına dikkat ederek değerleri say.",Bütün koşulları aynı anda sağlayan değerler ancak tek tek bulunan aralıkların ortak bölgesindedir.,Yalnız iki aralığın kesişimi gerekiyorsa `aralik_kesisimini_uclardan_al`; aralıklar çarpılıyorsa `pozitif_araliklari_uca_uca_carp`,"x tam sayı, 2x − 1 > 5 ve x + 4 ≤ 10 → x > 3 ve x ≤ 6 → x ∈ {4, 5, 6}, 3 değer","MEB 3 Adım TYT Matematik hamle verisi (25 soru: Birinci Dereceden Denklem ve Eşitsizlikler, Mutlak Değer, Kar - Zarar, Yüzde, Karışım, Hareket Problemleri, Üslü ve Köklü İfadeler, Sayı, Kesir, Yaş, İşçi Problemleri, Veri, İkinci Dereceden Denklemler, Karmaşık Sayılar, Üçgende Temel Kavramlar, Üçgen Eşitsizliği, Üçgenin Yardımcı Elemanları); ajan yazdı, 7 Ekim 2026",Eşitsizlikler · koşulları zincirleme,"Birden çok ""en az / en çok / büyüktür"" koşulu görüyorsan hepsini aynı değişkene göre eşitsizlik yap, sonra ortak aralığı al"
fark_alip_birim_artisi_bul,Matematik · Birinci Dereceden Denklem ve Eşitsizlikler · 9. Sınıf,Aynı yapının iki farklı sayıda (3 bardak ve 6 bardak gibi) ya da iki farklı düzende toplam değeri verilmiş; bir birimin katkısı ya da sabit kısım soruluyor,Toplam = sabit kısım + adet · birim katkı ise iki durumun farkı = adet farkı · birim katkı; sabit kısım farkta gider,"Öğrenci her parçayı tam boyuyla toplar, iç içe geçen ya da üst üste binen kısmı görmez; ya da şekildeki parçaları yanlış sayar",İki durumun toplamlarını çıkar ve farkı adet farkına bölerek bir birimin katkısını bul. Bunu bir duruma geri koyup sabit kısmı hesapla.,İki durumda ortak olan kısım aynıdır ve çıkarmada silinir; farkı yalnız fazladan eklenen birimler oluşturur.,İki durum aynı toplamı veriyorsa fark değil eşitlik kurulur: `iki_durumun_tutarini_esitle`,"3 iç içe bardak 14 cm, 5 bardak 18 cm: 2 bardaklık fark 4 cm → her ek bardak 2 cm; tek bardak 14 − 2·2 = 10 cm","MEB 3 Adım TYT Matematik hamle verisi (10 soru: Birinci Dereceden Denklem ve Eşitsizlikler, Sayı, Kesir, Yaş, İşçi Problemleri, Kar - Zarar, Yüzde, Karışım, Hareket Problemleri, Veri); ajan yazdı, 7 Ekim 2026",Denklem kurma · farktan birim artış,"Aynı yapının iki farklı adette toplamı verilmişse önce farkı al, fazladan gelen her birimin katkısını bul"
iki_durumun_tutarini_esitle,"Matematik · Sayı, Kesir, Yaş, İşçi Problemleri · 9. Sınıf","Aynı tutar, miktar ya da uzunluk iki farklı yoldan ifade edilebiliyor (iki alışveriş eşit, iki tarife aynı ödeme, iki dağılım aynı süt)",Aynı niceliği gösteren iki ifade birbirine eşittir; eşitlik kurulunca iki tarafta ortak olan terimler sadeleşir,"Öğrenci iki durumdaki birimleri (bardak ile fincan, ücretli-ücretsiz ay) eşit sanar ya da bulduğu x'i istenen değer sanıp cevabı yanlış verir","İki durumu ortak bilinmeyenlerle ayrı ayrı yaz ve eşitle. Ortak terimleri sadeleştirip çöz, sonra sorulan büyüklüğü hesapla.",İki ifade aynı şeyi anlattığı için eşitlemek hiç ek bilgi gerektirmeden bir denklem verir.,Toplam adet biliniyorsa önce `toplami_bilinen_ikiliye_x_ve_kalan_ver`; iki durumun farkı verilmişse `fark_alip_birim_artisi_bul`,"A tarifesi 40 TL + dakikası 1 TL, B tarifesi 20 TL + dakikası 1,5 TL: 40 + x = 20 + 1,5x → x = 40 dakikada ikisi de 80 TL","MEB 3 Adım TYT Matematik hamle verisi (44 soru: Sayı, Kesir, Yaş, İşçi Problemleri, Kar - Zarar, Yüzde, Karışım, Hareket Problemleri, Birinci Dereceden Denklem ve Eşitsizlikler, Eşkenar Dörtgen, Dikdörtgen, Katı Cisimler - Prizmalar, Oran ve Orantı, Veri, Polinomlar ve Çarpanlara Ayırma, Üçgende Temel Kavramlar, Üçgen Eşitsizliği, Üçgenin Yardımcı Elemanları, Üçgende Eşlik ve Benzerlik); ajan yazdı, 7 Ekim 2026",Denklem kurma · iki durumu eşitleme,"""Aynı tutar"", ""eşit miktar"", ""ikisi de"" gibi bir eşitlik görüyorsan iki durumu ayrı yazıp birbirine eşitle"
hepsini_tek_bazla_zincirle,"Matematik · Sayı, Kesir, Yaş, İşçi Problemleri · 9. Sınıf","Birbirine kat, oran ya da yüzdeyle bağlı birkaç miktar (""A, B'nin 2 katı; B, C'den %25 fazla"") ve bunların toplamı ya da bir ilişkisi verilmiş",Bağlı her miktar tek bir temel miktar t cinsinden yazılabilir; toplam bilgisi t için tek bilinmeyenli denklem verir. Ardışık yüzdeler çarpılarak uygulanır,"Öğrenci yüzdeyi zincirde bir kez uygular (1,25 yerine 1,25² gerekir), tam sayı olma koşulunu kullanmaz ya da her miktar için ayrı bilinmeyen açıp karışır","Zincirin en altındaki miktara t de, ötekileri sırayla t cinsinden yaz. Toplam bilgisiyle t'yi bul, istenen miktarı hesapla; tam sayı şartı varsa t'nin katlarını kontrol et.",Bütün miktarlar tek bilinmeyene bağlanınca denklem tek bilinmeyenli olur ve kolayca çözülür.,İki tür ve toplam adet varsa `toplami_bilinen_ikiliye_x_ve_kalan_ver`; oranlar ortak bir terimle birleşecekse `ortak_degere_k_de`,"Ali'nin parası Can'ın 2 katı, Can'ınki Efe'nin 3 katı, toplam 100 TL: Efe e, Can 3e, Ali 6e → 10e = 100 → Ali 60 TL","MEB 3 Adım TYT Matematik hamle verisi (37 soru: Sayı, Kesir, Yaş, İşçi Problemleri, Kar - Zarar, Yüzde, Karışım, Hareket Problemleri, Birinci Dereceden Denklem ve Eşitsizlikler, Oran ve Orantı, Veri, Olasılık, Üçgende Eşlik ve Benzerlik, Dörtgenler); ajan yazdı, 7 Ekim 2026",Sayı problemleri · tek temel miktara bağlama,"Miktarlar birbirine kat ya da yüzdeyle zincir gibi bağlıysa en küçüğüne t de, hepsini t ile yaz"
pozitif_araliklari_uca_uca_carp,Matematik · Birinci Dereceden Denklem ve Eşitsizlikler · 9. Sınıf,"Değişkenlerin aralıkları verilmiş (kenarlar, formüldeki değişken) ve çarpımlarının, bölümlerinin ya da bunlardan kurulan bir ifadenin aralığı veya tam sayı değerleri soruluyor",0 < a < b ve 0 < c < d ise ac < xy < bd (alt uçlar ve üst uçlar çarpılır). Aralıkta negatif değer varsa dört uç çarpımının en küçüğü ve en büyüğü alınır; bölmede uçlar ters çevrilir,"Öğrenci açık aralığın uçlarını dahil eder, bölmede ya da negatif içeren aralıkta uçları ters çevirmeyi unutur, birim dönüşümünü yanlış yapar (cm² → dm² için 10'a böler)","Her iki aralığın da pozitif olduğunu kontrol et; alt uçları kendi aralarında, üst uçları kendi aralarında çarp. Gerekirse sonucu birime çevir ve uçların dahil olup olmadığına bakarak tam sayıları say.","Pozitif sayılarda çarpım her çarpan büyüdükçe büyür; bu yüzden en küçük çarpım iki alt uçtan, en büyük çarpım iki üst uçtan gelir.",Aralıkta negatif sayı varsa uç uca çarpmak yanlış sonuç verebilir; kare alırken `kareyi_mutlak_en_buyukle_sec` kullanılır,"3 < a < 4 ve 2 < b < 5 (metre) ise 6 < ab < 20 m²; alanın alabileceği tam sayı değerleri 7, 8, …, 19 → 13 tane","MEB 3 Adım TYT Matematik hamle verisi (5 soru: Birinci Dereceden Denklem ve Eşitsizlikler, Mutlak Değer); ajan yazdı, 7 Ekim 2026",Eşitsizlikler · aralıkları çarpma,İki aralık çarpılıyorsa önce ikisinin de pozitif olup olmadığına bak; pozitifse alt uçları ve üst uçları ayrı ayrı çarp
birimleri_esitle,"Matematik · Eşkenar Dörtgen, Dikdörtgen · 10. Sınıf","Soruda farklı birimler (cm ve m, cm² ve dm², litre ve ton, dakika ve saat) birlikte geçiyor ya da sonuç başka bir birimde isteniyor","1 m = 10 dm = 100 cm; alan birimlerinde çarpan karesi alınır (1 dm² = 100 cm²), hacimde küpü (1 dm³ = 1000 cm³ = 1 L)",Öğrenci alanı çevirirken uzunluk çarpanını (10) kullanır ya da sonucu istenen birime (litreden tona) çevirmeyi unutur,"Hesaba başlamadan bütün değerleri aynı birime çevir. Alan ve hacimde çarpanın karesini ya da küpünü kullan, sonucu sorulan birimde ver.",Farklı birimdeki sayılar doğrudan toplanamaz ya da çarpılamaz; tek birime çevirmek hesabı tutarlı yapar.,Ölçekli haritada birim dönüşümüyle birlikte oran da gerekir: `olcegi_bilinen_uzakliktan_bul`,"2,5 m × 40 cm tahta: 250 cm · 40 cm = 10 000 cm² = 100 dm² = 1 m²","MEB 3 Adım TYT Matematik hamle verisi (7 soru: Eşkenar Dörtgen, Dikdörtgen, Katı Cisimler - Prizmalar, Birinci Dereceden Denklem ve Eşitsizlikler, Veri, Dik Üçgen ve Trigonometri); ajan yazdı, 7 Ekim 2026",Ölçme · birim dönüşümü,"Soruda iki farklı birim görüyorsan işleme başlamadan hepsini tek birime çevir; alanda 100, hacimde 1000 ile çalış"
dengede_degisimi_esitle,Matematik · Birinci Dereceden Denklem ve Eşitsizlikler · 9. Sınıf,Dengedeki bir terazide bir kefeye ağırlık ekleniyor ya da bir kefeden ötekine ağırlık aktarılıyor; dengenin yeniden kurulması için gereken ağırlık soruluyor,Denge başta sağlanıyorsa yalnız değişimler eşit olmalıdır; m ağırlık bir kefeden ötekine aktarılırsa iki kefe arasındaki fark 2m olur,"Öğrenci aktarılan ağırlığın bir kefeden azalıp ötekine eklendiğini, yani farkı iki kat değiştirdiğini unutur","Kefelerin başlangıç ağırlıklarını bırak, yalnız her kefedeki değişimi yaz. Değişimleri eşitleyerek bilinmeyeni bul.",Başlangıçta iki kefe eşit olduğu için denge yalnız değişimlerin eşit olmasına bağlıdır.,Dengede çarpımlar değil toplamlar eşittir; iki farklı tartım verilmişse `iki_durumun_tutarini_esitle`,Dengedeki terazide sol kefeden sağa 3 kg aktarılırsa fark 6 kg olur; denge için sol kefeye 6 kg eklemek gerekir,"MEB 3 Adım TYT Matematik hamle verisi (1 soru: Birinci Dereceden Denklem ve Eşitsizlikler); ajan yazdı, 7 Ekim 2026; az veri",Denklem kurma · terazide değişimi eşitleme,"Terazi başta dengedeyse ağırlıkları bilmeye çalışma; yalnız eklenen ve aktarılanları yaz, aktarmayı iki kat say"
esitligi_esitsizlige_yerlestir,Matematik · Birinci Dereceden Denklem ve Eşitsizlikler · 9. Sınıf,Değişkenler arasında bir eşitlik (S + Ç = K gibi) ve aynı değişkenleri içeren eşitsizlikler verilmiş; değişkenlerin sıralaması soruluyor,a + b = c ise c yerine a + b yazılabilir; eşitsizliğin iki yanındaki ortak terim silinince yön değişmez,"Öğrenci eşitsizlikleri tek tek değerlendirir, eşitliği içine yerleştirip ortak terimi sadeleştirmeyi düşünmez","Eşitlikteki toplamı eşitsizliklerde geçen değişkenin yerine koy. İki yandaki ortak terimi sil, kalan iki değişkeni karşılaştırıp sıralamayı kur.",Yerleştirme iki tarafa aynı terimi getirir; bu terim silinince iki değişken doğrudan karşılaştırılmış olur.,Koşullar tek değişkenin aralığını veriyorsa `esitsizlikleri_zincirle_aralik_bul` kullanılır,a + b = c ve a + d < c ise a + d < a + b → d < b,"MEB 3 Adım TYT Matematik hamle verisi (1 soru: Birinci Dereceden Denklem ve Eşitsizlikler); ajan yazdı, 7 Ekim 2026; az veri",Eşitsizlikler · eşitliği yerine koyup sıralama,"Bir eşitlik ve aynı harflerle eşitsizlikler varsa eşitliği eşitsizliğin içine koy, ortak harfi sil"
kareyi_mutlak_en_buyukle_sec,Matematik · Birinci Dereceden Denklem ve Eşitsizlikler · 9. Sınıf,Değişkenin aralığı verilmiş (negatif uçlu olabilir) ve x² ya da x² içeren bir ifadenin en büyük ya da en küçük değeri soruluyor,x² = |x|²; bu yüzden x² en büyük değerini |x|'in en büyük olduğu uçta alır. Aralıkta 0 varsa x²'nin en küçük değeri 0'dır,"Öğrenci x²'yi büyütmek için x'in en büyük pozitif değerini alır, mutlak değerce daha büyük negatif ucu görmez; ya da değişkenleri tam sayı sanır","Aralığın iki ucunun mutlak değerini karşılaştır, büyüğünün karesini al. En küçük değer için aralıkta 0 olup olmadığına bak.",Kare almak işareti siler; sayının sıfırdan uzaklığı ne kadar büyükse karesi de o kadar büyük olur.,Kare yoksa ifadeyi büyütmek için doğrudan en büyük değer seçilir; aralıkları çarparken `pozitif_araliklari_uca_uca_carp`,"−6 ≤ x ≤ 4 ise x²'nin en büyük değeri 36 (x = −6), en küçük değeri 0 (x = 0)","MEB 3 Adım TYT Matematik hamle verisi (2 soru: Birinci Dereceden Denklem ve Eşitsizlikler, Mutlak Değer); ajan yazdı, 7 Ekim 2026",Eşitsizlikler · karede mutlak değerce en büyük,"Kare ifadenin en büyük değeri soruluyorsa aralığın en büyük ucunu değil, sıfırdan en uzak ucunu seç"
birim_fiyat_karsilastir,Matematik · Birinci Dereceden Denklem ve Eşitsizlikler · 9. Sınıf,"Farklı büyüklükte paketler, farklı fiyatlar ya da hatalı ölçüm verilmiş; hangisinin daha uygun olduğu ya da uygun olması için gereken sınır soruluyor","Birim fiyat = toplam fiyat / miktar; daha ucuz olan, birim fiyatı daha küçük olandır. ""Daha ucuz"" kesin eşitsizlik (<) ister","Öğrenci yalnız paket fiyatına bakar, eşit birim fiyatı da ""daha ucuz"" sayar ya da hatayı yanlış niceliğe (fiyata) uygular","Her seçenek için fiyatı miktara bölerek birim fiyatı bul. Karşılaştırmayı ""birim fiyat < birim fiyat"" diye eşitsizlik olarak yaz ve çöz.",Paketler farklı büyüklükte olduğundan ancak bir birimin fiyatı aynı ölçekte karşılaştırma yapmayı sağlar.,Birden çok seçenekte toplam ödeme hesaplanacaksa `secenekleri_karsilastir_en_ucuzu_bul`,"6'lı paket 15 TL (tanesi 2,5 TL), 10'lu paket 23 TL (tanesi 2,3 TL) → 10'lu paket daha uygun","MEB 3 Adım TYT Matematik hamle verisi (3 soru: Birinci Dereceden Denklem ve Eşitsizlikler, Sayı, Kesir, Yaş, İşçi Problemleri, Kar - Zarar, Yüzde, Karışım, Hareket Problemleri); ajan yazdı, 7 Ekim 2026",Oran · birim fiyat karşılaştırma,"Farklı büyüklükte paketler karşılaştırılıyorsa paket fiyatına değil, bir tanesinin fiyatına bak"
aralik_kesisimini_uclardan_al,Matematik · Birinci Dereceden Denklem ve Eşitsizlikler · 9. Sınıf,"İki aralık (sıcaklık aralığı, iki noktaya uzaklık sınırı) verilmiş ve ikisini birlikte sağlayan ortak aralık soruluyor","[a, b] ∩ [c, d] = [max(a, c), min(b, d)] (max ≤ min ise); her ucun dahil olup olmadığı o ucun geldiği aralıktaki parantezden okunur","Öğrenci alt uçta küçük, üst uçta büyük ucu alır (yani birleşim yapar) ya da parantez türünü yanlış aralıktan alır","Alt uçlardan büyüğünü, üst uçlardan küçüğünü seç. Her ucun parantezini kendi aralığından kopyala; gerekirse sonucu |x − merkez| ≤ yarıçap diye yaz.","Ortak kısımdaki bir sayı her iki aralığın da içinde olmalı; bu yüzden ikisinin de alt sınırını aşmalı, ikisinin de üst sınırını geçmemelidir.","Koşullar ikiden fazla ve önce eşitsizliğe çevrilecekse `esitsizlikleri_zincirle_aralik_bul`; ""ya da"" denirse kesişim değil birleşim alınır","[−2, 5) ∩ (1, 8] = (1, 5)","MEB 3 Adım TYT Matematik hamle verisi (2 soru: Birinci Dereceden Denklem ve Eşitsizlikler, Mutlak Değer); ajan yazdı, 7 Ekim 2026",Aralıklar · kesişim,"""İkisini de sağlayan"" aralık soruluyorsa büyük alt ucu ve küçük üst ucu al, parantezleri geldikleri yerden oku"
ardisik_parcalara_degisken_ver,Matematik · Birinci Dereceden Denklem ve Eşitsizlikler · 9. Sınıf,"Bir doğru üzerinde sıralı noktalar (ya da iç içe aralıklar, örtüşen parçalar) var ve bazı noktalar arası uzaklıkların toplamları veya farkları verilmiş","Sıralı noktalarda uzak iki nokta arasındaki uzaklık, aradaki ardışık parçaların toplamıdır: AC = AB + BC","Öğrenci uzaklıkları noktalar arası değil başlangıçtan ölçer, örtüşen parçayı iki kez sayar ya da kapalı aralıktaki tam sayı adedini uç farkı sanır (bir eksik sayar)",Ardışık her parçaya bir harf ver. Verilen bütün uzaklıkları bu harflerin toplamı olarak yazıp denklemleri çöz.,Ardışık parçalar birbirinden bağımsız en küçük bilinmeyenlerdir; her uzaklık bunların toplamı olduğundan denklemler basit ve doğrusal olur.,Noktalar arasındaki uzaklık işaretsiz bir farksa `uzakligi_mutlak_degerle_yaz`; kaç nokta ya da direk olduğu soruluyorsa `aralik_sayisindan_nokta_say`,"A, B, C sırayla; AB = p, BC = q. AC = 10 ve AB + AC = 16 → p + q = 10, 2p + q = 16 → p = 6, q = 4","MEB 3 Adım TYT Matematik hamle verisi (5 soru: Birinci Dereceden Denklem ve Eşitsizlikler, Mutlak Değer, Üslü ve Köklü İfadeler, Kar - Zarar, Yüzde, Karışım, Hareket Problemleri); ajan yazdı, 7 Ekim 2026",Doğru üzerinde uzunluk · ardışık parçalara değişken,Doğru üzerinde sıralı noktalar ve birkaç uzaklık toplamı görüyorsan her ardışık parçaya ayrı harf ver
secenekleri_karsilastir_en_ucuzu_bul,Matematik · Birinci Dereceden Denklem ve Eşitsizlikler · 9. Sınıf,Kampanyalı ya da paketli bir alışveriş verilmiş; belli bir miktarı en ucuza ya da en pahalıya almanın yolu soruluyor,"Bir miktarı oluşturmanın bütün geçerli birleşimleri listelenir; en ucuz, toplam tutarı en küçük olan birleşimdir","Öğrenci tek bir birleşimi doğru sanır, olası bütün seçenekleri listelemez ya da en pahalıyı da kampanyalarla kurmaya çalışır","İstenen miktarı oluşturabilecek bütün paket-tek ürün birleşimlerini yaz. Her birinin toplamını hesapla, en küçüğü ve en büyüğü karşılaştır.",Kampanyalar miktarı farklı yollarla oluşturur; hepsini hesaplamadan en ucuzun hangisi olduğu kesin bilinemez.,Yalnız iki paketin birim fiyatı karşılaştırılıyorsa `birim_fiyat_karsilastir` yeterlidir,"Kalemin tanesi 4 TL, 3'lüsü 10 TL: 7 kalem için 3'lü + 3'lü + 1 tane = 24 TL, bir 3'lü + 4 tane = 26 TL, 7 tane = 28 TL → en ucuz 24 TL","MEB 3 Adım TYT Matematik hamle verisi (1 soru: Birinci Dereceden Denklem ve Eşitsizlikler); ajan yazdı, 7 Ekim 2026; az veri",Problem çözme · seçenekleri listeleyip karşılaştırma,"Kampanya ya da paket seçenekleri varsa tek bir yola güvenme; bütün birleşimleri yaz, toplamlarını karşılaştır"
kesri_tam_kisim_ve_kalan_yaz,Matematik · Birinci Dereceden Denklem ve Eşitsizlikler · 9. Sınıf,"Payı, paydanın bir katına yakın olan kesirler ((5x + 9)/(x + 1) gibi) verilmiş; toplamı, tam sayı olma şartı ya da bilinmeyen soruluyor","(ax + b)/(x + c) = a + (b − ac)/(x + c); kesrin tam sayı olması için x + c, (b − ac)'nin bir böleni olmalıdır",Öğrenci paydaları eşitleyip uzun açılıma girer ya da tam sayı şartında negatif bölenleri ve öteki koşulları (doğal sayı olma) kontrol etmez,Payı paydanın katı + kalan diye yaz ve kesri tam kısım + kalan/payda biçimine getir. Tam sayı ya da ortak kesir yapısını bu biçimden kullan.,Tam kısım ayrılınca bilinmeyen yalnız küçük bir kesirde kalır; böylece hem işlem kısalır hem de bölen şartı görünür olur.,Birim kesirlerle tam sayı çözüm aranıyorsa `birim_kesir_farkini_sinirla`,"(4x + 7)/(x + 1) = 4 + 3/(x + 1); tam sayı olması için x + 1 ∈ {±1, ±3} → x ∈ {0, −2, 2, −4}","MEB 3 Adım TYT Matematik hamle verisi (2 soru: Birinci Dereceden Denklem ve Eşitsizlikler, Polinomlar ve Çarpanlara Ayırma); ajan yazdı, 7 Ekim 2026",Kesirler · tam kısım ve kalan,Payda bilinmeyenli ve pay onun katına benziyorsa kesri önce tam kısım + kalan/payda diye ayır
birim_kesir_farkini_sinirla,Matematik · Birinci Dereceden Denklem ve Eşitsizlikler · 9. Sınıf,"1/p ± 1/q = k biçiminde, p ve q'nun tam sayı olduğu bir denklem verilmiş; p, q ya da onlara bağlı bir değer soruluyor","Tam sayı p için |1/p| ≤ 1 ve |p| büyüdükçe 1/p küçülür; bu yüzden 1/p ± 1/q = k denklemini yalnız az sayıda küçük p, q sağlar","Öğrenci paydaları eşitleyip iki bilinmeyenli denklemde takılır, birim kesirlerin büyüklüğünü sınır olarak kullanmaz",Birim kesirlerin alabileceği en büyük değerleri düşün ve p ile q'yu küçük bir aralığa sıkıştır. O aralıktaki değerleri dene.,Birim kesirler hızla küçüldüğü için büyük paydalar toplamı ya da farkı istenen değere ulaştıramaz; geriye birkaç aday kalır.,Kesrin tam sayı olması isteniyorsa `kesri_tam_kisim_ve_kalan_yaz`,"p ≤ q pozitif tam sayılar ve 1/p + 1/q = 1 ise 1/p ≥ 1/2 → p ≤ 2; p = 1 olamaz, p = 2 → q = 2","MEB 3 Adım TYT Matematik hamle verisi (1 soru: Birinci Dereceden Denklem ve Eşitsizlikler); ajan yazdı, 7 Ekim 2026; az veri",Kesirli denklem · birim kesirleri sınırlama,"1/p ± 1/q gibi tam sayılı birim kesirler görüyorsan paydaları eşitleme; kesirlerin ne kadar büyük olabileceğiyle p, q'yu sınırla"
tam_kareye_tamamla_aralik_bul,Matematik · Birinci Dereceden Denklem ve Eşitsizlikler · 9. Sınıf,"İkinci dereceden bir ifadenin (x² + 4x gibi) bir aralıktaki değerleri, en küçük değeri ya da tam kareler toplamının sıfır olduğu bir denklem verilmiş",x² + bx + c = (x + b/2)² + c − b²/4; (x + b/2)² ≥ 0 olduğundan aralığı önce kare terimin aralığı belirler. Kareler toplamı 0 ise her kare 0'dır,"Öğrenci yalnız aralığın uçlarını yerine koyar, tepe noktasını (karenin 0 olduğu yeri) unutur ya da açık aralığın uçlarını dahil eder","İfadeyi (x + a)² + b biçimine getir. x'in aralığından x + a'nın, sonra (x + a)²'nin aralığını bul (sıfırı içeriyorsa en küçük 0); en sonda b'yi ekle.",Tam kare biçiminde x yalnız bir yerde geçer; böylece aralık adım adım güvenle taşınır ve karenin negatif olamayacağı hemen görülür.,Aralıkta negatif değer varken kare almak için `negatif_iceren_araliga_kare_dikkat`; çarpanlara ayrılan ifadede `carpanlara_ayirip_araliklari_carp`,"x² − 6x + 10 = (x − 3)² + 1; 1 ≤ x ≤ 4 → 0 ≤ (x − 3)² ≤ 4 → ifade [1, 5] aralığında","MEB 3 Adım TYT Matematik hamle verisi (3 soru: Birinci Dereceden Denklem ve Eşitsizlikler, Fonksiyon Kavramı ve Özellikleri, İkinci Dereceden Denklemler, Karmaşık Sayılar); ajan yazdı, 7 Ekim 2026",İkinci derece ifade · tam kareye tamamlama,İkinci dereceden ifadenin aralığı ya da en küçük değeri soruluyorsa uçları koymadan önce ifadeyi tam kareye tamamla
hangi_degisken_tam_sayi_bak,Matematik · Birinci Dereceden Denklem ve Eşitsizlikler · 9. Sınıf,Birkaç değişkenli bir eşitsizlik verilmiş ve yalnız bazı değişkenlerin tam sayı olduğu söylenmiş; bir değişkenin en büyük ya da en küçük değeri soruluyor,Tam sayı olmayan (gerçek) bir değişken bir sınıra istenildiği kadar yaklaşabilir; tam sayıda ise kesin eşitsizlikte en az 1 fark gerekir,"Öğrenci bütün değişkenleri tam sayı sanır, x < y için y'yi en az x + 1 alır ve sonucu gereğinden küçük bulur","Hangi değişkenin tam sayı olduğunu soruda tek tek işaretle. Tam sayı olmayanları sınıra çok yakın al, tam sayı olanı ona göre en uç değere taşı.",Gerçek sayılar arasında boşluk yoktur; bu yüzden tam sayı olmayan değişken sınırı neredeyse tam kullanır ve tam sayı değişkene daha çok yer bırakır.,Bütün değişkenler tam sayıysa uçları kaydırarak `esitsizlikleri_zincirle_aralik_bul` ile çözülür,"x tam sayı, y gerçek sayı, x < y ve x + y < 15: 2x < 15 → en büyük x = 7 (y = 7,5 alınabilir); y de tam sayı olsaydı en büyük x = 6 olurdu","MEB 3 Adım TYT Matematik hamle verisi (1 soru: Birinci Dereceden Denklem ve Eşitsizlikler); ajan yazdı, 7 Ekim 2026; az veri",Eşitsizlikler · tam sayı olan değişkeni ayırma,"""x tam sayı"" deniyor ama öteki değişkenler için bir şey denmiyorsa onları tam sayı sanma; sınıra yapışık al"
carpanlara_ayirip_araliklari_carp,Matematik · Birinci Dereceden Denklem ve Eşitsizlikler · 9. Sınıf,İki değişkenin aralıkları verilmiş ve xy + x − y gibi karışık bir ifadenin değer aralığı ya da tam sayı değerleri soruluyor,xy + ax + by + ab = (x + b)(y + a); ifade çarpanlara ayrılınca her çarpanın aralığı ayrı bulunur. Çarpanlarda negatif değer varsa uç çarpımlarının en küçüğü ve en büyüğü alınır,Öğrenci her terimin aralığını ayrı bulup toplar (bu yanlış ve geniş aralık verir) ya da açık aralığın uçlarını dahil eder,"İfadeyi (x + b)(y + a) + sabit biçimine getir. Her çarpanın aralığını bul, uç çarpımlarıyla çarpımın aralığını belirle, sabiti ekle.",Aynı değişken ifadede birden çok yerde geçince terimler birbirinden bağımsız değildir; çarpanlara ayırınca her değişken tek yerde kalır.,Her iki aralık da pozitifse çarpım kısaca `pozitif_araliklari_uca_uca_carp` ile bulunur; tek değişkenli kare ifadede `tam_kareye_tamamla_aralik_bul`,"xy + 2x + 3y + 6 = (x + 3)(y + 2); 0 < x < 2 ve 1 < y < 3 → 3 < x + 3 < 5, 3 < y + 2 < 5 → 9 < ifade < 25","MEB 3 Adım TYT Matematik hamle verisi (1 soru: Birinci Dereceden Denklem ve Eşitsizlikler); ajan yazdı, 7 Ekim 2026; az veri",Eşitsizlikler · çarpanlara ayırıp aralık çarpma,xy'li karışık bir ifadenin aralığı soruluyorsa terimleri ayrı ayrı sınırlama; önce (x + b)(y + a) biçimine getir
ortak_degere_k_de,Matematik · Oran ve Orantı · 9. Sınıf,"Birkaç ifade birbirine eşit verilmiş (x − 3 = y − 4 = z + 9, a/2 = b/3 = c/5, 3X = 5Y) ve toplamları ya da bir ilişkileri biliniyor","a/x = b/y = c/z = k ise a = xk, b = yk, c = zk; bütün bilinmeyenler tek bilinmeyen k ile yazılır","Öğrenci k'yi bulup istenen ifadeyi hesaplamayı unutur, eklenen ve çıkarılan sayıları toplamda hesaba katmaz ya da işaret (negatif) şartını yanlış uygular","Eşit ifadelerin hepsini k'ye eşitle ve her bilinmeyeni k cinsinden yaz. Toplam bilgisinde yerine koyup k'yi bul, sorulan değeri hesapla.",Eşit ifadeler ortak bir değer taşır; buna isim vermek birçok bilinmeyeni tek bilinmeyene indirir.,Miktarlar zincirleme kat ya da yüzdeyle bağlıysa `hepsini_tek_bazla_zincirle`; ters orantıda önce ters alınır: `ters_oranti_icin_tersini_al`,"a/2 = b/3 = c/5 ve a + b + c = 40: a = 2k, b = 3k, c = 5k → 10k = 40 → k = 4, c = 20","MEB 3 Adım TYT Matematik hamle verisi (20 soru: Oran ve Orantı, Dörtgenler, Birinci Dereceden Denklem ve Eşitsizlikler, Üçgenler, Eşkenar Dörtgen, Dikdörtgen); ajan yazdı, 7 Ekim 2026",Oran-orantı · ortak değere k deme,"Bir zincir eşitlik (… = … = …) görüyorsan hepsine k de, her bilinmeyeni k ile yaz"
siniri_duz_kesik_cizgiyle_oku,Matematik · Birinci Dereceden Denklem ve Eşitsizlikler · 9. Sınıf,"İki değişkenli eşitsizlikle (a < x + y ≤ b gibi) tanımlı bir nokta kümesi verilmiş, doğru grafik seçilecek","Sınır doğrusu ≤ ya da ≥ ise dahil olduğu için düz, < ya da > ise dahil olmadığı için kesik çizilir; taralı bölge eşitsizliği sağlayan taraftır",Öğrenci düz ve kesik çizgileri ters eşler ya da sınır doğrularını yanlış eksen noktalarından çizer,"Her eşitsizliği eşitlik yapıp sınır doğrusunu eksenleri kestiği noktalardan bul. Eşitlik dahilse düz, değilse kesik çizgi ile eşle; bir deneme noktasıyla taralı tarafı kontrol et.",Çizgi türü sınırdaki noktaların kümeye girip girmediğini gösterir; deneme noktası da doğru tarafın taralandığını garanti eder.,Sayı doğrusunda aynı fikir dolu-boş nokta ile gösterilir; tek değişkenli aralıkta `aralik_kesisimini_uclardan_al`,"−1 < x − y ≤ 3: x − y = 3 düz, x − y = −1 kesik çizgi; (0, 0) için x − y = 0 aralıkta olduğundan iki doğru arasındaki şerit taralı","MEB 3 Adım TYT Matematik hamle verisi (1 soru: Birinci Dereceden Denklem ve Eşitsizlikler); ajan yazdı, 7 Ekim 2026; az veri",Doğrusal eşitsizlik grafiği · düz-kesik sınır,"Eşitsizliğin grafiği seçilecekse önce sınır doğrularını eksen kesişimleriyle bul, sonra ≤ için düz, < için kesik çizgiyi eşle"
olcegi_bilinen_uzakliktan_bul,Matematik · Oran ve Orantı · 9. Sınıf,"Harita, maket ya da koordinatlı bir çizimde gerçek uzunluğu bilinen bir parça var; başka bir uzunluğun gerçek ya da çizimdeki değeri soruluyor",Ölçek = çizimdeki uzunluk / gerçek uzunluk ve bütün parçalar için aynıdır; 1 birim = (gerçek uzunluk / çizimdeki uzunluk),"Öğrenci ölçeği yanlış parçadan (koordinat toplamından) çıkarır, ölçekleri doğrudan oranlayıp ters çevirir ya da ölçeği yalnız bir parçaya uygular","Gerçek uzunluğu bilinen parçanın çizimdeki uzunluğunu ölç ve 1 birimin gerçekte kaç olduğunu bul. İstenen parçayı çizimde hesapla, bu ölçekle çevir; birimleri eşitlemeyi unutma.",Ölçekli çizimde her uzunluk aynı oranda küçültülür; bir parçadan bulunan oran bütün parçalara uygulanır.,Birden çok ölçekte karşılaştırma yapılıyorsa `oranlari_ayni_olcekte_karsilastir`; yalnız birim çevirme gerekiyorsa `birimleri_esitle`,"Haritada 4 cm = 10 km ise 1 cm = 2,5 km; haritada 7 cm olan yol 7·2,5 = 17,5 km","MEB 3 Adım TYT Matematik hamle verisi (4 soru: Oran ve Orantı, Birinci Dereceden Denklem ve Eşitsizlikler); ajan yazdı, 7 Ekim 2026",Oran-orantı · ölçek bulma,Haritada ya da makette gerçek uzunluğu verilen bir parça varsa önce 1 birimin gerçekte kaç olduğunu bul
koordinat_farklarindan_dik_ucgen_kur,Matematik · Dik Üçgen ve Trigonometri · 9. Sınıf,"Kareli zeminde ya da koordinat düzleminde iki nokta arası uzaklık soruluyor; ya da bir şekilde (dikdörtgen köşegeni, kenarları x'li dik üçgen) dik kenarları bilinen bir uzunluk aranıyor","Dik üçgende hipotenüs² = dik kenar² + dik kenar² (Pisagor). A(x₁, y₁), B(x₂, y₂) için dik kenarlar |x₂ − x₁| ve |y₂ − y₁| olduğundan AB = √((x₂ − x₁)² + (y₂ − y₁)²)","Öğrenci yatay ve dikey farkları yanlış okur ya da dizer, uzunluğu kare kökü almadan bırakır ya da kenarı negatif yapan kökü elemez","Aranan uzunluğu hipotenüs yapan bir dik üçgen çiz; koordinatlarda dik kenarlar yatay ve dikey farklardır. Pisagor'u yaz, çöz ve uzunluğu negatif ya da sıfır yapan kökü ele.",Yatay ve dikey doğrular birbirine dik olduğu için iki nokta arasındaki eğik uzaklık her zaman bir dik üçgenin hipotenüsüdür.,"Kenarlar 3-4-5, 5-12-13 gibi bilinen üçlüyse hesaba gerek yok: `pisagor_ucluyu_tani`; iki dik üçgen ortak hipotenüs paylaşıyorsa `ortak_hipotenusle_pisagor_topla`","A(1, 2) ile B(7, 10): yatay fark 6, dikey fark 8 → AB = √(36 + 64) = 10","MEB 3 Adım TYT Matematik hamle verisi (47 soru: Dik Üçgen ve Trigonometri, Üçgende Temel Kavramlar, Üçgen Eşitsizliği, Üçgenin Yardımcı Elemanları, Kare, Deltoid, Dörtgenler, Yamuk, Paralelkenar, Eşkenar Dörtgen, Dikdörtgen, Üçgenler, İkinci Dereceden Denklemler, Karmaşık Sayılar, Birinci Dereceden Denklem ve Eşitsizlikler, Üslü ve Köklü İfadeler, Polinomlar ve Çarpanlara Ayırma, Üçgende Eşlik ve Benzerlik, Üçgenin Alanı, Katı Cisimler - Prizmalar); ajan yazdı, 7 Ekim 2026",Dik üçgen · koordinat farkından Pisagor,"İki nokta arası eğik bir uzaklık ya da dik kenarları bilinen bir uzunluk soruluyorsa yatay ve dikey farklarla dik üçgen kur, Pisagor uygula"
egim_ve_kesisimden_isaret_oku,Matematik · Birinci Dereceden Denklem ve Eşitsizlikler · 9. Sınıf,Grafikte doğrular ve taralı bölge verilmiş; doğruların denklemindeki katsayıların ya da eksen kesişimlerinin işareti soruluyor,"y = mx + n doğrusunda sağa doğru yükseliyorsa m > 0, iniyorsa m < 0; y eksenini kestiği yer n'dir. y'nin katsayısı pozitifken doğrunun üstü taralıysa eşitsizlik y > mx + n biçimindedir",Öğrenci taralı bölgenin hangi tarafta olduğuna bakmadan doğruları eşitsizliklerle eşleştirir ya da eğimin işaretini ters okur,"Her doğrunun eğimini (yükselen/inen) ve eksenleri kestiği noktaların işaretini oku. Taralı tarafı bir deneme noktasıyla eşitsizliğe koyarak doğruyu eşitsizlikle eşle, katsayıların işaretlerini yaz.",Eğim ve kesişim noktaları katsayılarla doğrudan bağlıdır; taralı bölge ise hangi eşitsizliğin hangi doğruya ait olduğunu belirler.,Sınır çizgisinin düz mü kesik mi olduğu soruluyorsa `siniri_duz_kesik_cizgiyle_oku`,"y = ax + b doğrusu sağa doğru iniyor ve y eksenini pozitif tarafta kesiyorsa a < 0, b > 0","MEB 3 Adım TYT Matematik hamle verisi (1 soru: Birinci Dereceden Denklem ve Eşitsizlikler); ajan yazdı, 7 Ekim 2026; az veri",Doğru grafiği · eğim ve kesişimden işaret,"Grafikten katsayıların işareti soruluyorsa önce doğrunun yükselip inmesine ve eksenleri nerede kestiğine bak, sonra taralı tarafı kontrol et"
buyukten_kucugu_cikar_aciyla_oranla,Matematik · Birinci Dereceden Denklem ve Eşitsizlikler · 9. Sınıf,"Bir daire ya da halka dilimi alanı (silecek, bahçe, köşelere yakın bölge) soruluyor; büyük ve küçük yarıçap ya da merkez açılar verilmiş",α açılı daire dilimi alanı (α/360)·πr²; aynı merkezli halka dilimi alanı (α/360)·π(R² − r²). Aynı yarıçaplı dilimlerin açıları toplanarak tek dilim gibi hesaplanabilir,Öğrenci iç yarıçapın kapladığı küçük dilimi çıkarmayı unutur ya da açıyla oranlamadan tam daireyi alır,Büyük ve küçük yarıçapı ayrı ayrı yaz. Büyük dairenin alanından küçüğünü çıkar ve açı/360 ile çarp; aynı yarıçaplı dilimler varsa açılarını toplayıp tek seferde hesapla.,Halka dilimi büyük dilimden küçük dilimin çıkarılmasıyla oluşur ve dilim alanı açıyla doğru orantılıdır.,Daire grafiğinde açıyla oranlama için `daire_dilimi_aciyla_orantili`; alan bilgisi sözel verilip denklem kurulacaksa `esitlik_kur_sonra_coz`,"R = 5, r = 3, 90°'lik halka dilimi: (90/360)·π(25 − 9) = 4π","MEB 3 Adım TYT Matematik hamle verisi (2 soru: Birinci Dereceden Denklem ve Eşitsizlikler, Olasılık); ajan yazdı, 7 Ekim 2026",Daire · halka dilimi alanı,"Döndürülen bir parçanın taradığı ya da iki yarıçap arasında kalan alan soruluyorsa büyük alandan küçüğü çıkar, sonra açıyla oranla"
esitlik_kur_sonra_coz,Matematik · Birinci Dereceden Denklem ve Eşitsizlikler · 9. Sınıf,"Bilinmeyenler arasındaki ilişki sözel olarak verilmiş (""alanın yarısı"", ""toplamın %25'i"", ""oranı 2/7 oldu"") ve bir değer soruluyor","Sözel her ilişki bir eşitliğe çevrilebilir; parçaların yüzdeleri toplamı %100'dür, ekleme yapılınca hem parça hem toplam değişir",Öğrenci sözel bilgiyi denkleme eksik çevirir: toplamın %100 olduğunu kullanmaz ya da eklenen miktarı toplama eklemeyi unutur,"Bilinmeyene harf ver ve sözel cümleyi kelime kelime sembolle yaz. Kurduğun eşitliği çöz, sonucu soruda istenen niceliğe çevir.",Sözel bilgi doğrudan hesaplanamaz; eşitliğe çevrilince bilinen cebir adımlarıyla çözülür.,Aynı şey iki yoldan hesaplanıyorsa `iki_durumun_tutarini_esitle`; birçok miktar zincirle bağlıysa `hepsini_tek_bazla_zincirle`,"Bir sınıfın %x'i kız, %(2x + 10)'u erkek: x + 2x + 10 = 100 → x = 30; erkekler %70","MEB 3 Adım TYT Matematik hamle verisi (7 soru: Birinci Dereceden Denklem ve Eşitsizlikler, Sayı, Kesir, Yaş, İşçi Problemleri, Kar - Zarar, Yüzde, Karışım, Hareket Problemleri, Fonksiyon Kavramı ve Özellikleri, Üçgende Eşlik ve Benzerlik, Dik Üçgen ve Trigonometri); ajan yazdı, 7 Ekim 2026",Denklem kurma · sözel bilgiyi eşitliğe çevirme,Bilgi cümle olarak verilmişse hesaba girişmeden önce cümleyi harflerle eşitlik olarak yaz
bilinmeyeni_sembolden_cek,Matematik · Birinci Dereceden Denklem ve Eşitsizlikler · 9. Sınıf,"Yeni bir sembol ya da işlem (△x, x* gibi) bir kuralla tanımlanmış ve sembolün farklı bir girdideki (x/3, 2x) değeri, sembolün kendisi cinsinden soruluyor",Tanım eşitliğinden x sembol cinsinden yalnız bırakılabilir; yeni girdideki ifade bu x ile yazılınca sembol cinsinden sonuç çıkar,Öğrenci yeni girdiyi tanıma yerleştirirken ters çevirme ya da kesir işlemini yanlış yapar,Önce yeni girdiyi tanımdaki x'in yerine koyup ifadeyi x ile yaz. Sonra tanımdan x'i (ya da 1/x'i) sembol cinsinden çekip yerine koy.,İki ifade de aynı x'e bağlıdır; x'i sembol cinsinden yazmak ikisini doğrudan birbirine bağlar.,Sonuç verilip girdi soruluyorsa işlemleri ters sırayla geri almak gerekir: `ciktidan_girdiye_geri_coz`,△x = 2x + 1 ise △(2x) = 4x + 1; 2x = △x − 1 kullanılırsa △(2x) = 2·△x − 1,"MEB 3 Adım TYT Matematik hamle verisi (1 soru: Birinci Dereceden Denklem ve Eşitsizlikler); ajan yazdı, 7 Ekim 2026; az veri",Fonksiyon/sembol · x'i sembol cinsinden yazma,"Sembolün başka bir girdideki değeri sembol cinsinden isteniyorsa önce tanımdan x'i sembolle yaz, sonra yerine koy"
toplami_once_bul,Matematik · Veri · 9. Sınıf,"Birçok sayı, bunların ortalaması ya da bir grafikteki farklar verilmiş; bazı sayıların işareti değişiyor, biri ekleniyor/çıkarılıyor ya da farkların toplamı biliniyor","Ortalama = toplam / adet olduğundan toplam = ortalama · adet. Toplamda bir sayının işareti değişirse toplam 2 katı kadar azalır; plandan farkların toplamı, gerçek ile planlanan toplamın farkıdır (eşitse 0)","Öğrenci işareti değişen sayının toplamı iki kat etkilediğini unutur, ortalamadan toplama geçmez ya da farkların toplamının 0 olduğunu kullanmaz","Önce bütün sayıların (ya da grubun) toplamını hesapla. Değişen, eklenen ya da çıkarılan sayıların etkisini bu toplam üzerinden yaz ve bilinmeyeni bul.",Tek tek sayılarla uğraşmak yerine toplam tek bir sayı olarak değişimi gösterir; bilinmeyen yalnız değişen kısımda kalır.,Yalnız ortalama verilip toplam isteniyorsa `ortalamayi_toplama_cevir` yeterlidir; frekanslı veride `frekansli_ortalama_al`,Ortalaması 15 olan 4 sayıya bir sayı eklenince ortalama 16 oluyor: toplamlar 60 ve 80 → eklenen sayı 20; toplamı 30 olan sayılardan 4'ün işareti değişirse yeni toplam 30 − 2·4 = 22,"MEB 3 Adım TYT Matematik hamle verisi (8 soru: Veri, Katı Cisimler - Prizmalar, Birinci Dereceden Denklem ve Eşitsizlikler, Sayı, Kesir, Yaş, İşçi Problemleri, Olasılık); ajan yazdı, 7 Ekim 2026",Veri · önce toplamı bulma,"Birkaç sayı değişiyor, ekleniyor ya da ortalama veriliyorsa sayılarla tek tek uğraşmadan önce toplamı yaz"
ic_isareti_belirle_mutlaktan_cikar,Matematik · Mutlak Değer · 9. Sınıf,İçi sayısal (köklü sayılar) ya da işareti bilinen değişkenlerden oluşan mutlak değerli bir ifade sadeleştirilecek,"A ≥ 0 ise |A| = A, A < 0 ise |A| = −A; mutlak değeri açmadan önce içinin işareti kesin bilinmelidir","Öğrenci içinin işaretini yanlış tahmin eder (√5'i 2'den küçük sanır, x − y'nin negatif olduğunu görmez) ya da işareti belli olduğu hâlde iki durum açar","Her mutlak değerin içine bak ve işaretini belirle; gerekirse kökleri tahmin et ya da sıralamayı kullan. Pozitifse aynen, negatifse işaretini değiştirerek dışarı çıkar, sonra sadeleştir.",Mutlak değer yalnız negatif sayıyı pozitife çevirir; içinin işareti bilinince ifade tek bir biçimde açılır.,İçinin işareti bilinmiyor ve ifade bir sayıya eşitse `mutlak_degeri_iki_durumda_coz` gerekir,"|√3 − 2| + |√3 − 1| = (2 − √3) + (√3 − 1) = 1, çünkü √3 ≈ 1,73","MEB 3 Adım TYT Matematik hamle verisi (8 soru: Mutlak Değer, Üslü ve Köklü İfadeler); ajan yazdı, 7 Ekim 2026",Mutlak değer · işarete göre açma,"Mutlak değerin içi sayıysa ya da işaret bilgisi verilmişse önce içinin işaretine karar ver, sonra tek seferde aç"
uzakligi_mutlak_degerle_yaz,Matematik · Mutlak Değer · 9. Sınıf,"Sayı doğrusunda ""a'ya uzaklık"", ""iki noktaya uzaklıkları"" gibi sözel uzaklık bilgileri verilmiş; nokta ya da bunu ifade eden eşitlik soruluyor",Sayı doğrusunda x'in a'ya uzaklığı |x − a|'dır; |x − m| = r eşitliğini m'den r uzaklıktaki iki nokta (m − r ve m + r) sağlar,"Öğrenci uzaklığı mutlak değer yerine düz fark olarak yazar, yalnız bir taraftaki noktayı bulur ya da ""−1'e uzaklık""ı |x − 1| diye yanlış yazar",Her uzaklık sözünü |x − a| diye yaz (−1'e uzaklık |x + 1|). Kurduğun mutlak değer denklemini iki durumda çöz ya da noktaların konumundan mutlak değeri aç.,Uzaklık işaretsizdir ve iki yönde ölçülebilir; mutlak değer bu iki yönü tek ifadede toplar.,"Kurulan denklemin çözümü için `mutlak_degeri_iki_durumda_coz`; aralık için ""uzaklığı en çok"" deniyorsa `mutlak_esitsizligi_araliga_cevir`",Sayı doğrusunda 3'e uzaklığı 5 olan sayılar: |x − 3| = 5 → x = 8 ya da x = −2,"MEB 3 Adım TYT Matematik hamle verisi (5 soru: Mutlak Değer); ajan yazdı, 7 Ekim 2026",Mutlak değer · uzaklığı mutlak değerle yazma,"""… sayısına uzaklığı"" gördüğün anda bunu |x − sayı| diye yaz; eksi sayılarda işarete dikkat et"
ortak_mutlak_degeri_disari_al,Matematik · Mutlak Değer · 9. Sınıf,Bir denklemde içleri birbirinin katı olan mutlak değerler var (|12x − 8| ve |3x − 2| gibi),|k·A| = |k|·|A|; içleri orantılı mutlak değerler katsayı dışarı alınınca aynı mutlak değere döner ve toplanabilir,Öğrenci her mutlak değeri ayrı ayrı açıp dört durum dener ya da büyük sabitle (2020! gibi) gereksiz yere uğraşır,"Her mutlak değerin içindeki ortak çarpanı dışarı al, aynı mutlak değerleri birleştir. Tek kalan |A| = c denklemini iki durumda çöz.",Ortak çarpan dışarı çıkınca iki mutlak değer aynı ifadeye döner; bu da dört durumluk karmaşık açılımı iki duruma indirir.,Birleşen tek mutlak değer artık `mutlak_degeri_iki_durumda_coz` ile çözülür; içler orantılı değilse `kritik_noktalarla_bolgele` gerekir,|6x − 9| + |2x − 3| = 12 → 3|2x − 3| + |2x − 3| = 12 → |2x − 3| = 3 → x = 3 ya da x = 0,"MEB 3 Adım TYT Matematik hamle verisi (2 soru: Mutlak Değer); ajan yazdı, 7 Ekim 2026",Mutlak değer · ortak çarpanı dışarı alma,"Mutlak değerlerin içleri birbirinin katıysa açmadan önce katsayıyı dışarı al, tek mutlak değerde topla"
mutlak_esitligi_isarete_cevir,Matematik · Mutlak Değer · 9. Sınıf,"Bir mutlak değer, içindekinin negatifine ya da harfli bir ifadeye eşit verilmiş (|A| = −A, |x| = k·yz gibi); x'in aralığı ya da harflerin işaretleri soruluyor","|A| ≥ 0 olduğundan |A| = B ise B ≥ 0 olmalıdır; özel olarak |A| = −A ⇔ A ≤ 0, |A| = A ⇔ A ≥ 0","Eşitliği işaretsiz açıp iki durum çözer; sağ tarafın negatif olamayacağından çıkan işaret ya da aralık bilgisini kullanmaz, kesirli ifadede paydayı sıfır yapan değeri dışarıda bırakmayı unutur",Sağ taraf için ≥ 0 koşulunu yaz. |A| = −A ise A ≤ 0 aralığını çıkar; harfli eşitliklerde bu koşuldan her harfin işaretini belirle ve diğer koşullarla kesiştir.,Mutlak değer negatif olamadığı için eşit olduğu ifade de negatif olamaz; bu tek bilgi denklemi çözmeden aralığı ya da işaretleri verir.,`mutlak_degeri_iki_durumda_coz`: sağ taraf sabit pozitif sayıysa (|A| = 5) iki durum açılır; sağ taraf ifadeyse önce onun ≥ 0 olduğu yazılır,"|x − 5| = 5 − x ise x ≤ 5; buna x > 1 eklenirse tam sayı x'ler 2, 3, 4, 5 olur, toplamları 14","MEB 3 Adım TYT Matematik hamle verisi (2 soru: Mutlak Değer); ajan yazdı, 7 Ekim 2026",Mutlak değer · eşitlikten işaret çıkarma,Mutlak değerin karşısında −(içi) ya da harfli bir ifade görüyorsan çözmeye başlamadan o ifadenin ≥ 0 olduğunu yaz.
isteneni_buyuten_isareti_sec,Matematik · Mutlak Değer · 9. Sınıf,"Sayıların yalnız mutlak değerleri ya da kareleri verilmiş (|a| = 3, b² = 7 gibi); bir ifadenin en büyük, en küçük ya da alabileceği değerleri soruluyor",|a| = k (k > 0) ise a = k veya a = −k; a² = k ise a = √k veya a = −√k. Her harf için iki seçenek vardır,Hepsini pozitif alır ya da bütün işaret kombinasyonlarını denemez; sayı doğrusunda noktaları yalnız sağ tarafa koyar,Her harf için ± iki değeri yaz. İstenen ifadede her terimi en büyük (ya da en küçük) yapacak işareti seç; 'olabilir/olamaz' sorusunda kombinasyonları listele.,"Mutlak değer ve kare işareti siler, bu yüzden iki işaret de koşulu sağlar; uç değer terimlerin aynı yönde katkı yaptığı seçimde oluşur.","`ic_isareti_belirle_mutlaktan_cikar`: orada işaret verilerden bellidir, burada işareti sen seçersin","|a| = 2, |b| = 5 ise a − b en çok 2 − (−5) = 7, en az −2 − 5 = −7 olur","MEB 3 Adım TYT Matematik hamle verisi (4 soru: Mutlak Değer); ajan yazdı, 7 Ekim 2026",Mutlak değer · işaret seçerek uç değer,Harflerin yalnız mutlak değeri ya da karesi verilip en büyük/en küçük değer soruluyorsa her harfe ± yaz ve ifadeyi büyüten işareti seç.
mutlak_esitsizligi_araliga_cevir,Matematik · Mutlak Değer · 9. Sınıf,"|ax + b| < k ya da > k biçiminde eşitsizlik verilmiş; x'in ya da x'e bağlı başka bir ifadenin tam değerleri, sayısı veya toplamı soruluyor",k > 0 için |A| < k ⇔ −k < A < k; |A| > k ⇔ A > k veya A < −k (≤ ve ≥ ile uçlar dahil olur),"Açık aralıkta uçları dahil eder, kesirli sınırları yanlış yuvarlar ya da istenmediği hâlde x'i tam sayı sanar",Mutlak değerin içini −k ile k arasına yaz ve x'i yalnız bırak. İstenen ifade x'e bağlıysa aralığı o ifadeye taşı; uçların dahil olup olmadığına bakarak tam değerleri say.,"|A| < k, A'nın 0'a uzaklığının k'dan az olması demektir; bu da doğrudan bir aralık verir.","`merkez_ve_yaricapla_yaz`: ters yöndür, aralıktan mutlak değerli eşitsizlik yazılır","|2x − 1| ≤ 6 → −5 ≤ 2x ≤ 7 → −2,5 ≤ x ≤ 3,5 → tam sayılar −2, …, 3; toplamları 3","MEB 3 Adım TYT Matematik hamle verisi (6 soru: Mutlak Değer); ajan yazdı, 7 Ekim 2026",Mutlak değer · eşitsizliği aralığa çevirme,"Mutlak değer bir sayıdan küçük ya da büyük deniyorsa önce çift taraflı aralığa çevir, sonra x'i yalnız bırak."
kritik_noktalarla_bolgele,Matematik · Mutlak Değer · 9. Sınıf,Birden fazla mutlak değerin toplamı ya da farkı bir sayıya eşit veya ondan küçük verilmiş (|x − a| + |x − b| = c gibi),Mutlak değerlerin içini sıfır yapan noktalar sayı doğrusunu bölgelere ayırır; her bölgede iç ifadelerin işareti sabittir. a < b ise a ≤ x ≤ b için |x − a| + |x − b| = b − a sabittir,Bulduğu çözümün o bölgeye düşüp düşmediğini kontrol etmez; ortadaki bölgede toplamın sabit olduğunu görmez,"İçleri sıfır yapan noktaları bul, sayı doğrusunu bölgelere ayır. Her bölgede mutlak değerleri işaretine göre açıp çöz; bölgenin dışına düşen kökü ele.",Bir bölgede hiçbir iç ifade işaret değiştirmediği için denklem sıradan doğrusal denkleme döner.,"`mutlak_degeri_iki_durumda_coz`: tek mutlak değer varsa bölgelemeye gerek yoktur, iki durum yeter",|x − 1| + |x + 3| = 6: x > 1'de 2x + 2 = 6 → x = 2; x < −3'te −2x − 2 = 6 → x = −4; arada toplam hep 4 → çözüm yok. Kökler toplamı −2,"MEB 3 Adım TYT Matematik hamle verisi (2 soru: Mutlak Değer); ajan yazdı, 7 Ekim 2026",Mutlak değer · kritik noktalarla bölgeleme,Aynı denklemde iki ya da daha çok mutlak değer görüyorsan içlerini sıfır yapan noktalarla sayı doğrusunu böl ve her bölgeyi ayrı çöz.
merkez_ve_yaricapla_yaz,Matematik · Mutlak Değer · 9. Sınıf,"Bir değerin alt ve üst sınırı (normal aralık, en az/en çok sapma) ya da iki uç değer verilmiş; bunu mutlak değerle ifade eden eşitsizlik ya da eşitlik soruluyor (veya tersi)",a ≤ x ≤ b ⇔ |x − (a + b)/2| ≤ (b − a)/2; aynı şekilde |x − m| = r'nin kökleri m − r ve m + r'dir (r > 0),Merkezi orta nokta yerine alt sınır ya da başka bir değer alır; merkezle yarıçapı karıştırır,"Uçların ortalamasını merkez, aralık uzunluğunun yarısını yarıçap al. |x − merkez| ≤ yarıçap yaz (uçlar dahil değilse <); iki kök verilmişse eşitlik kur.",Aralıktaki her sayı orta noktaya en çok yarı uzunluk kadar uzaktır; mutlak değer tam olarak bu uzaklığı ölçer.,"`mutlak_esitsizligi_araliga_cevir`: ters yöndür, mutlak değerli eşitsizlikten aralık bulunur","12 ≤ x ≤ 30 → merkez 21, yarıçap 9 → |x − 21| ≤ 9","MEB 3 Adım TYT Matematik hamle verisi (10 soru: Mutlak Değer); ajan yazdı, 7 Ekim 2026",Mutlak değer · aralığı merkez-yarıçapla yazma,Bir aralık ya da iki uç değer verilip mutlak değerli ifade isteniyorsa önce orta noktayı ve yarı uzunluğu bul.
kokler_simetrik_merkezin_iki_kati,Matematik · Mutlak Değer · 9. Sınıf,"|ax + b| hesaplanması zor, çok büyük pozitif bir sayıya (k!, 3^50 gibi) eşit; köklerin toplamı soruluyor","k > 0 ve a ≠ 0 için |ax + b| = k'nin iki kökü −b/a'nın iki yanında eşit uzaklıktadır; toplamları −2b/a'dır, k'dan bağımsızdır",Sağdaki büyük sayıyı hesaplamaya ya da iki durumu ayrı ayrı açmaya çalışır; orantılı iki mutlak değeri tek mutlak değerde birleştirmeyi görmez,Gerekirse ortak çarpanı dışarı alıp ifadeyi tek |ax + b| = k biçimine getir. İçi sıfır yapan x'i bul; köklerin toplamı bunun iki katıdır.,"İki kök, merkezden aynı k/|a| kadar sağa ve sola gittiği için bu uzaklıklar toplamda birbirini götürür.","`mutlak_negatif_olamaz`: sağ taraf negatifse kök yoktur, simetri kuralı yalnız k > 0 iken geçerlidir; `merkez_ve_yaricapla_yaz` aynı merkez fikrini aralıkta kullanır",|3x − 12| = 7^20 → merkez x = 4 → kökler toplamı 8,"MEB 3 Adım TYT Matematik hamle verisi (2 soru: Mutlak Değer); ajan yazdı, 7 Ekim 2026",Mutlak değer · köklerin simetrisi,Mutlak değerli denklemde sağ taraf hesaplanamayacak kadar büyükse ve kökler toplamı soruluyorsa içi sıfır yapan değerin iki katını al.
farka_gore_ciftleri_say,Matematik · Mutlak Değer · 9. Sınıf,Ardışık sayılardan (1'den n'ye) iki eleman seçiliyor ve farklarının mutlak değeri bir sınırı aşmıyor; kaç ikili olduğu soruluyor,"{1, …, n} kümesinde farkı tam d olan sırasız ikili sayısı n − d'dir (1 ≤ d ≤ n − 1); |a − b| ≤ m için d = 1, …, m toplanır","(a, b) ile (b, a)'yı ayrı sayar ya da fark 0'ı (aynı elemanı) dahil eder","Farkın alabileceği her değer için (d = 1, 2, …) n − d ikili yaz ve topla. Sıralı ikili isteniyorsa sonucu 2 ile çarp.","Farkı d olan ikilinin küçük elemanı 1'den n − d'ye kadar seçilebilir, büyük eleman ondan otomatik belli olur.","Kombinasyonla bütün ikilileri saymak C(n, 2) verir; fark koşulu varsa bu doğrudan kullanılamaz","1–8 arasından |a − b| ≤ 2 olan iki elemanlı alt küme: fark 1 için 7, fark 2 için 6 → 13","MEB 3 Adım TYT Matematik hamle verisi (1 soru: Mutlak Değer); ajan yazdı, 7 Ekim 2026; az veri",Sayma · farka göre ikili sayma,Ardışık sayılardan seçilen iki elemanın farkına sınır konmuşsa her fark değeri için ikilileri ayrı say ve topla.
denklemleri_taraf_tarafa_carp,Matematik · Mutlak Değer · 9. Sınıf,"Birkaç eşitlikte aynı harfler çarpım ya da aynı tabanlı kuvvetler olarak geçiyor (ab, bc, ac ya da 2^(x+y), 2^(x−y)); harfler tek tek değil, çarpımları ya da birleşik üsleri soruluyor","A = B ve C = D ise A·C = B·D; B, D ≠ 0 iken A/C = B/D de yazılabilir. Aynı tabanlı kuvvetler çarpılınca üsler toplanır, bölününce çıkarılır",Harfleri tek tek bulmaya çalışıp uzun hesaba girer ya da değerleri çarpmak yerine toplar,Eşitlikleri taraf tarafa çarp (üsleri ayırmak gerekiyorsa böl). Çıkan çarpımdan ya da üsten isteneni doğrudan oku.,Her harf eşitliklerde aynı sayıda geçtiğinden çarpınca istenen çarpım (ya da toplam üs) tek ifadede toplanır.,"Taraf tarafa toplama: harfler toplam olarak geçiyorsa (a + b, b + c) eşitlikler çarpılmaz, toplanır","ab = 6, bc = 10, ac = 15 (hepsi pozitif) → (abc)² = 900 → abc = 30","MEB 3 Adım TYT Matematik hamle verisi (4 soru: Mutlak Değer, Üslü ve Köklü İfadeler, Katı Cisimler - Prizmalar); ajan yazdı, 7 Ekim 2026",Cebir · eşitlikleri taraf tarafa çarpma,Aynı harfler eşitliklerde çarpım olarak dolaşıyor ve senden çarpım isteniyorsa harfleri ayrı bulma; eşitlikleri çarp.
mutlak_negatif_olamaz,Matematik · Mutlak Değer · 9. Sınıf,"Mutlak değer (ya da kare) negatif bir sayıyla karşılaştırılmış (|A| > −3, −4 < |A| ≤ 6, |A| = −2) ya da negatif olamayan terimlerin toplamı 0'a eşit verilmiş","Her A için |A| ≥ 0 ve A² ≥ 0. Bu yüzden |A| > (negatif sayı) her zaman doğru, |A| = (negatif sayı) çözümsüzdür; |A| + B² = 0 ise A = 0 ve B = 0",Negatif sınırlı kısmı ayrıca çözmeye uğraşır ya da çözümsüz eşitliğe kök arar; toplamı sıfır olan karelerin ayrı ayrı sıfır olduğunu görmez,Negatif sayıyla karşılaştırılan kısmı kurala göre 'her zaman doğru' ya da 'çözümsüz' diye kapat ve kalan koşulu çöz. Negatif olamayanların toplamı 0 ise her birini 0'a eşitle.,Mutlak değer ve kare en az 0 olduğundan negatif sınır hiçbir şeyi kısıtlamaz; toplamın 0 olması da ancak hepsi 0 iken mümkündür.,`mutlak_esitligi_isarete_cevir`: sağ taraf harfli bir ifadeyse 'çözümsüz' demek yerine o ifadenin ≥ 0 olduğu yazılır,"−5 < |x − 2| < 3 → sol taraf her zaman doğru → −1 < x < 5 → tam sayılar 0, 1, 2, 3, 4 (5 tane)","MEB 3 Adım TYT Matematik hamle verisi (2 soru: Mutlak Değer, İkinci Dereceden Denklemler, Karmaşık Sayılar); ajan yazdı, 7 Ekim 2026",Mutlak değer · negatif olamama,Mutlak değerin karşısında negatif bir sayı görüyorsan o koşulu hemen 'her zaman doğru' ya da 'çözümsüz' diye kapat.
negatif_iceren_araliga_kare_dikkat,Matematik · Mutlak Değer · 9. Sınıf,x'in negatiften pozitife uzanan bir aralıkta olduğu verilmiş (−3 < x < 5 gibi); x²'nin aralığı ya da bu adımı içeren bir çözümdeki hata soruluyor,"a < 0 < b ve a < x < b ise 0 ≤ x² < max(a², b²); uçların karelerini sırayla sınır yapmak yalnız aralık tamamen pozitif ya da tamamen negatifken doğrudur (negatifte yön döner)","Uçların karelerini doğrudan alt ve üst sınır yazar (9 < x² < 25 gibi), x = 0 olabileceğini unutur","Aralık 0'ı içeriyor mu bak. İçeriyorsa alt sınırı 0 yaz, üst sınır için mutlak değerce büyük ucun karesini al; uç dahil değilse o sınır da dahil olmaz.","x² sıfıra en yakın x'te en küçük, en uzak uçta en büyüktür; negatif uç kare alınınca pozitife döndüğü için sıralama bozulur.",Aralık tamamen pozitifse (2 < x < 5) kareler sırayla alınır: 4 < x² < 25,−6 < x < 2 ise 0 ≤ x² < 36 olur (4 < x² < 36 değil),"MEB 3 Adım TYT Matematik hamle verisi (1 soru: Mutlak Değer); ajan yazdı, 7 Ekim 2026; az veri",Eşitsizlik · aralığın karesini alma,Karesi alınacak aralıkta hem negatif hem pozitif sayı varsa alt sınırı hemen 0 yaz.
en_kucuk_kuvveti_paranteze_al,Matematik · Üslü ve Köklü İfadeler · 9. Sınıf,Aynı tabanın farklı üslü kuvvetleri toplanıp çıkarılıyor (3^(x+2) + 3^x; pay ve paydada 2^(x+3) − 2^(x−1) gibi); x ya da kesrin değeri soruluyor,"a^(x+m) = a^x·a^m olduğundan, m > n için a^(x+m) + a^(x+n) = a^(x+n)·(a^(m−n) + 1); toplamda üsler toplanmaz, ortak kuvvet dışarı alınır",Toplanan kuvvetlerin üslerini toplar ya da çıkarır; 25^x gibi tabanları 5'e çevirirken üssü yanlış yazar,Bütün terimleri aynı tabana çevir ve en küçük üslü kuvveti paranteze al. Parantez içini sayı olarak hesapla; pay ve paydadaki ortak kuvveti sadeleştir.,"Ortak kuvvet dışarı alınınca parantezde küçük, bilinen sayılar kalır ve bilinmeyen tek bir kuvvette toplanır.",`ussu_degiskene_cevir`: kuvvet karesiyle de geçiyorsa (4^x ve 2^x) harf verip ikinci dereceden denklem kurulur,3^(x+2) + 3^x = 90 → 3^x·(9 + 1) = 90 → 3^x = 9 → x = 2,"MEB 3 Adım TYT Matematik hamle verisi (2 soru: Üslü ve Köklü İfadeler); ajan yazdı, 7 Ekim 2026",Üslü ifadeler · ortak kuvveti paranteze alma,Aynı tabanın farklı kuvvetleri toplanıyorsa üslerle uğraşma; en küçük kuvveti paranteze al.
tabanlari_asallara_ayir,Matematik · Üslü ve Köklü İfadeler · 9. Sınıf,"Farklı tabanlı kuvvetler (4, 8, 12, 18, 250 …) aynı eşitlikte ya da çarpımda geçiyor; üs, bilinmeyen ya da başka bir kuvvet soruluyor",Her taban asal çarpanlarına ayrılır ve (p^a·q^b)^n = p^(an)·q^(bn) ile üsler dağıtılır; iki taraf eşitse aynı asalın üsleri eşittir (asal çarpanlara ayrılış tektir),"Tabanları asallara ayırmadan çözmeye ya da logaritmaya kalkar; çarpımda üsleri toplamak yerine çarpar, kesirli üssü yanlış dağıtır",Her tabanı asal çarpanlarına ayır ve üsleri dağıt. Aynı asalları bir araya topla; eşitlikte her asalın üssünü karşılıklı eşitle ya da kalan çarpanla isteneni kur.,Aynı asal tabana inen ifadelerde karşılaştırma yalnız üslerle yapılır; bu da üslü denklemi doğrusal denkleme çevirir.,`ussu_ussun_icine_tasi`: tabanlar ortak asala inmiyorsa (2 ve 3 gibi) biri diğerinin kuvveti olarak yerine konur,8^x = 4^(x+3) → 2^(3x) = 2^(2x+6) → x = 6,"MEB 3 Adım TYT Matematik hamle verisi (31 soru: Üslü ve Köklü İfadeler, Fonksiyon Kavramı ve Özellikleri, Polinomlar ve Çarpanlara Ayırma); ajan yazdı, 7 Ekim 2026",Üslü ifadeler · tabanı asal çarpanlara ayırma,Eşitlikte farklı ama ortak asal çarpanlı tabanlar görüyorsan önce hepsini asallarına ayır.
ussu_ussun_icine_tasi,Matematik · Üslü ve Köklü İfadeler · 9. Sınıf,"Farklı tabanlı birkaç üslü eşitlik zincir gibi verilmiş (2^a = 3, 3^b = 5 …); üslerin çarpımı ya da karma bir kuvvet soruluyor",a^x = b ise b^y = (a^x)^y = a^(xy); kuvvetin kuvvetinde üsler çarpılır: (a^m)^n = a^(mn),Her üssü ayrı ayrı (logaritmayla) bulmaya çalışır; istenen ifadeyi verilen kuvvetler cinsinden yazmayı görmez,Bir eşitlikteki tabanın yerine diğer eşitlikteki kuvveti koy. Kuvvetin kuvvetinde üsleri çarp; zincirin sonunda aynı tabanı iki tarafta eşitle.,Üsler tek tek tam sayı çıkmasa da yerine koyunca yalnız çarpımları kalır ve bilinen bir kuvvete eşitlenir.,`tabanlari_asallara_ayir`: tabanlar ortak asala iniyorsa yerine koymadan üsler doğrudan eşitlenir,2^a = 5 ve 5^b = 8 → 2^(ab) = 5^b = 8 = 2³ → ab = 3,"MEB 3 Adım TYT Matematik hamle verisi (2 soru: Üslü ve Köklü İfadeler); ajan yazdı, 7 Ekim 2026",Üslü ifadeler · kuvveti tabanın yerine koyma,Bir üslü eşitliğin sonucu diğerinin tabanıysa ve üslerin çarpımı soruluyorsa yerine koyarak zincirle.
kokleri_kesirli_usse_cevir,Matematik · Üslü ve Köklü İfadeler · 9. Sınıf,"Aynı tabanlı iç içe kökler, farklı dereceli köklerin çarpım-bölümü ya da kuvvetle kökün çarpımı verilmiş; ifadenin tek kuvvet hâli ya da üs soruluyor","ⁿ√(a^m) = a^(m/n) (a > 0); çarpımda üsler toplanır, bölümde çıkarılır, kuvvetin kuvvetinde çarpılır",Kök derecelerini toplar ya da çıkarır; kesirli üsleri toplamak yerine çarpar,Her kökü kesirli üs olarak yaz. İç içe köklerde içten dışa giderek üsleri birleştir; aynı tabanın üslerini topla ya da çıkar ve tek kuvvete indir.,"Kesirli üse çevrilince kök işlemleri sıradan üs kurallarına dönüşür, kök dereceleriyle ayrıca uğraşmak gerekmez.",`kok_derecelerini_esitle`: kökleri sıralamak için kesirli üs yerine ortak kök derecesine çevirmek daha pratiktir,√(2·∛2) = √(2^(4/3)) = 2^(2/3),"MEB 3 Adım TYT Matematik hamle verisi (7 soru: Üslü ve Köklü İfadeler, Permütasyon, Kombinasyon, Binom); ajan yazdı, 7 Ekim 2026",Köklü ifadeler · kesirli üsse çevirme,Aynı tabanlı kökler iç içe ya da çarpım hâlindeyse hepsini kesirli üs yap ve üsleri birleştir.
kok_derecelerini_esitle,Matematik · Üslü ve Köklü İfadeler · 9. Sınıf,"Farklı dereceli köklü sayılar (√, ∛, ⁴√), bazıları katsayılı, sıralanıyor ya da karşılaştırılıyor","a, b ≥ 0 için a·ⁿ√b = ⁿ√(aⁿ·b) ve ⁿ√b = ⁿᵏ√(bᵏ); aynı dereceli köklerde içi büyük olan büyüktür",Katsayıyı kökün içine almadan ya da dereceleri eşitlemeden kök içlerini karşılaştırır,"Katsayıları kuvvetini alarak köklerin içine al. Kök derecelerinin EKOK'unu bul, her kökü bu dereceye genişlet ve içleri karşılaştır.",Dereceleri aynı köklerde kök alma sırayı korur; karşılaştırma tam sayılara iner.,`kok_degerini_tahmin_et`: sayılar birbirinden uzaksa yaklaşık değerle sıralamak daha hızlıdır,"a = √3, b = ∛5 → altıncı dereceye: a = ⁶√27, b = ⁶√25 → b < a","MEB 3 Adım TYT Matematik hamle verisi (1 soru: Üslü ve Köklü İfadeler); ajan yazdı, 7 Ekim 2026; az veri",Köklü ifadeler · kök derecesini eşitleyip sıralama,Dereceleri farklı kökleri sıralaman isteniyorsa katsayıları içeri al ve hepsini EKOK dereceli köke çevir.
karekok_kare_mutlak_deger,Matematik · Üslü ve Köklü İfadeler · 9. Sınıf,Bir ifadenin karesinin karekökü (√((ax + b)²)) verilmiş; bir sayıya eşitleniyor ya da sadeleştiriliyor,Her gerçek A için √(A²) = |A|; A negatif olabiliyorsa √(A²) = A yazmak yanlıştır,"Kökle kareyi doğrudan sadeleştirip tek çözüm bulur, negatif durumu kaybeder","√(A²)'yi |A| olarak yaz. Sonra mutlak değeri iki durumda (A = k, A = −k) ya da A'nın işaretine göre aç.",Karekök her zaman negatif olmayan sonucu verir; A negatifken bu sonuç −A'dır ve mutlak değer iki durumu birlikte taşır.,"`cift_kok_mutlak_tek_kok_aynen`: tek dereceli kökte ∛(A³) = A olur, mutlak değer gerekmez",√((3x + 1)²) = 5 → |3x + 1| = 5 → x = 4/3 ya da x = −2; çözümler toplamı −2/3,"MEB 3 Adım TYT Matematik hamle verisi (1 soru: Üslü ve Köklü İfadeler); ajan yazdı, 7 Ekim 2026; az veri",Köklü ifadeler · √(A²) = |A|,Karekökün içinde bir ifadenin karesini görüyorsan kökü atmadan önce mutlak değer yaz.
kok_degerini_tahmin_et,Matematik · Üslü ve Köklü İfadeler · 9. Sınıf,"Köklü sayıların sıralaması, sayı doğrusundaki yeri ya da gerçek bir ölçüyle (metre, cm) karşılaştırılması soruluyor","m² < a < (m + 1)² ise m < √a < m + 1; sık kullanılanlar √2 ≈ 1,41, √3 ≈ 1,73, √5 ≈ 2,24",Köklü toplamları içlerine bakarak yanlış sıralar; pergelle açılan uzunluğu yalnız bir yöne koyar ya da sırayla eklenen parçaları hesaba katmadan karar verir,Her kökü iki ardışık tam karenin arasına yerleştir ya da bilinen yaklaşık değeri kullan. Toplamları bu yaklaşıklarla hesapla; sırala ya da aralığa yerleştir.,Köklü sayının tam değeri gerekmez; iki tam sayı arasındaki konumu karşılaştırma için yeterlidir.,"`kok_derecelerini_esitle`: değerler çok yakınsa yaklaşık değer yanıltabilir, kesin karşılaştırma için dereceler eşitlenir","4 < 7 < 9 olduğundan 2 < √7 < 3 → 2 + √7 sayısı 4 ile 5 arasındadır (≈ 4,65)","MEB 3 Adım TYT Matematik hamle verisi (11 soru: Üslü ve Köklü İfadeler, Dik Üçgen ve Trigonometri); ajan yazdı, 7 Ekim 2026",Köklü ifadeler · yaklaşık değerle konumlama,"Köklü sayının yeri, sırası ya da gerçek bir ölçüye uyup uymadığı soruluyorsa önce onu iki tam kare arasına yerleştir."
eslenikle_paydayi_rasyonel_yap,Matematik · Üslü ve Köklü İfadeler · 9. Sınıf,"Paydasında a ± √b ya da √a ± √b olan kesirler toplanıyor, karşılaştırılıyor ya da birbiri cinsinden isteniyor",(a + √b)(a − √b) = a² − b ve (√a + √b)(√a − √b) = a − b; kesrin payı ve paydası aynı sayıyla çarpılırsa değeri değişmez,Yalnız paydayı çarpar ya da a² − b'nin işaretini kaçırır; eşlenikle çarpmak yerine böler,"Paydanın eşleniğiyle hem payı hem paydayı çarp. Paydayı a² − b olarak hesapla, işaretine dikkat et; sonra sadeleştir.",Eşlenik çarpımı iki kare farkı verir; kökler kaybolur ve kesir sıradan sayılarla işlenir.,"Payda yalnız √b ise eşlenik gerekmez, √b ile genişletmek yeter (6/√3 = 2√3)",4/(3 − √5) = 4(3 + √5)/(9 − 5) = 3 + √5,"MEB 3 Adım TYT Matematik hamle verisi (7 soru: Üslü ve Köklü İfadeler); ajan yazdı, 7 Ekim 2026",Köklü ifadeler · eşlenikle paydayı rasyonel yapma,Paydada kök içeren iki terimli bir ifade görüyorsan hesaba başlamadan eşleniğiyle genişlet.
ussu_degiskene_cevir,Matematik · Üslü ve Köklü İfadeler · 9. Sınıf,"Bir denklemde ya da denklem sisteminde aynı kuvvet (2^x, 9^y) birkaç kez, bazen karesiyle (4^x = (2^x)²) geçiyor; üs ya da kuvvetlerin birleşimi soruluyor",Tekrar eden a^x'e u dersen a^(x+k) = a^k·u ve a^(2x) = u² olur; a > 0 olduğundan u > 0 olmalıdır,"3^(2y) ile 9^y'nin aynı olduğunu görmez, a^(x+k)'yı yanlış açar ya da negatif u değerini kabul eder","Tekrar eden kuvvete yeni harf ver, diğer terimleri bu harfle yaz. Çıkan doğrusal ya da ikinci dereceden denklemi çöz; pozitif u'ları geri çevirip üsleri bul.",Harf verince üslü denklem tanıdık bir doğrusal sisteme ya da ikinci dereceden denkleme dönüşür.,`en_kucuk_kuvveti_paranteze_al`: bütün terimler aynı kuvvetin sabit katlarıysa harf vermeden paranteze almak yeter,4^x − 6·2^x + 8 = 0 → u = 2^x: u² − 6u + 8 = 0 → u = 2 ya da 4 → x = 1 ya da 2,"MEB 3 Adım TYT Matematik hamle verisi (4 soru: Üslü ve Köklü İfadeler, İkinci Dereceden Denklemler, Karmaşık Sayılar); ajan yazdı, 7 Ekim 2026",Üslü ifadeler · kuvvete harf verme,Aynı kuvvet denklemde tekrar ediyorsa ya da karesiyle birlikte geçiyorsa ona harf ver.
cift_kuvvetten_iki_aday_cikar,Matematik · Üslü ve Köklü İfadeler · 9. Sınıf,"Bir ifadenin çift kuvveti pozitif bir sayıya eşit verilmiş ((x − a)² = k, A⁴ = 16 gibi)",n çift ve k > 0 ise Aⁿ = k ⇔ A = ⁿ√k veya A = −ⁿ√k,"Yalnız pozitif kökü alır, negatif çözümü kaybeder",Çift kuvveti kaldırırken ± yaz. İki denklemi ayrı çöz ve bütün çözümleri al.,Negatif sayının çift kuvveti pozitif olduğu için iki farklı sayı aynı sonucu verir.,"Tek kuvvette (A³ = −8) yalnız bir çözüm vardır, ± yazılmaz; `karekok_kare_mutlak_deger` aynı fikrin kök hâlidir",(x + 1)⁴ = 81 → x + 1 = ±3 → x = 2 ya da x = −4,"MEB 3 Adım TYT Matematik hamle verisi (1 soru: Üslü ve Köklü İfadeler); ajan yazdı, 7 Ekim 2026; az veri",Üslü ifadeler · çift kuvvette ± kök,Çift kuvvetli bir ifade pozitif sayıya eşitse kuvveti kaldırırken mutlaka ± yaz.
sekilden_iliski_kur,Matematik · Polinomlar ve Çarpanlara Ayırma · 10. Sınıf,"Şekilde parçalar (tuğla, dikdörtgen, kare bölgeler, küp parçaları) yan yana dizilmiş, kenarlar harf ya da üslü ifadeyle verilmiş; bir uzunluk, alan, eksik parça ya da bilinmeyen üs soruluyor",Şekilde aynı uzunluğu dolduran parçaların toplamı o uzunluğa eşittir; alan ve hacim parçaların toplamıdır (ör. a² = (a − b)² + 2b(a − b) + b²). Bu eşitlikler cebirsel denklemi verir,Hangi kenarların aynı uzunlukta olduğunu şekilden okumaz; parçaları sayısal hesaplamaya çalışır ya da ifadeyi yanlış bölgeyle eşleştirir,"Şekilde aynı uzunluğa denk gelen kenarları bul ve parçaların toplamı olarak eşitle. Alanı ya da hacmi parçaların toplamı olarak yaz; bilinmeyeni (üs, harf ya da eksik parça) bu eşitlikten çöz.","Şekil, metinde verilmeyen bilgiyi taşır: eşit kenarlar denklem, parça alanları özdeşlik verir.",`tam_kare_ozdesligi_gor`: kare bölgelere ayrılınca çoğu zaman (a ± b)² açılımı çıkar; `kup_acilimiyla_parcalari_esle` aynı fikri hacim parçalarında kullanır,"Uzun kenarı 3^x olan bir çubuk, kısa kenarı 3 olan 9 çubuğun yan yana dizilişine eşitse 3^x = 9·3 = 27 → x = 3","MEB 3 Adım TYT Matematik hamle verisi (14 soru: Polinomlar ve Çarpanlara Ayırma, Üslü ve Köklü İfadeler, İkinci Dereceden Denklemler, Karmaşık Sayılar, Üçgende Temel Kavramlar, Üçgen Eşitsizliği, Üçgenin Yardımcı Elemanları, Üçgende Eşlik ve Benzerlik, Dik Üçgen ve Trigonometri, Çokgenlerin ve Dörtgenlerin Özellikleri, Yamuk, Paralelkenar, Eşkenar Dörtgen, Dikdörtgen, Kare, Deltoid); ajan yazdı, 7 Ekim 2026",Cebir · şekilden denklem kurma,Şekilde parçalar bir kenarı ya da alanı tam dolduruyorsa ölçüleri sayısal bulmaya çalışma; parçaların toplamını bütüne eşitle.
cift_dereceli_kok_ici_negatif_olmaz,Matematik · Üslü ve Köklü İfadeler · 9. Sınıf,"Karekök ya da başka çift dereceli kök içeren ifadenin tanımlı olduğu x değerleri, sayısı ya da toplamı soruluyor",Gerçek sayılarda çift dereceli kök ancak içi ≥ 0 iken tanımlıdır; kök paydadaysa içi > 0 olmalıdır. Tek dereceli kökte böyle bir koşul yoktur,Tek dereceli kök gibi her x'i kabul eder ya da koşulları kesiştirmez,Her çift dereceli kökün içi için ≥ 0 eşitsizliği yaz (paydadaysa > 0). Aralıkları kesiştir ve istenen tam değerleri say.,Negatif sayının çift dereceli kökü gerçek sayı olmadığından ifade ancak bütün kök içleri negatif değilken tanımlıdır.,"Tek dereceli kökte (∛) iç negatif olabilir, koşul yazılmaz; `cift_kok_mutlak_tek_kok_aynen` bu tek-çift ayrımını sadeleştirmede kullanır",√(x + 2) + ⁴√(5 − x) → x ≥ −2 ve x ≤ 5 → −2'den 5'e 8 tam sayı,"MEB 3 Adım TYT Matematik hamle verisi (1 soru: Üslü ve Köklü İfadeler); ajan yazdı, 7 Ekim 2026; az veri",Köklü ifadeler · tanım aralığı,İfadede karekök ya da dördüncü kök varsa önce içlerinin ≥ 0 olma koşulunu yaz ve kesiştir.
kalan_orani_kuvvetle_carp,Matematik · Üslü ve Köklü İfadeler · 9. Sınıf,"Her adımda (gün, tur, sıçrama) miktarın belli bir kesri eleniyor, kalıyor ya da her parça aynı sayıda parçaya bölünüyor; n adım sonraki miktar soruluyor","Her adımda r kesri kalıyorsa n adım sonra miktar = başlangıç·rⁿ; her adımda her parça k parçaya bölünüyorsa n adımda kⁿ parça olur. Kuvveti alınan, elenen değil kalan orandır","Elenen oranı (1/5 gibi) kuvvete alır, adım sayısını yanlış sayar ya da her adımın bir önceki kalana uygulandığını görmez",Bir adımda kalan oranı bul (1 − elenen). Adım sayısını say ve başlangıcı bu oranın o kuvvetiyle çarp; sayı büyükse üslü yazıp sadeleştir.,Her adım bir öncekinin sonucuna uygulandığı için oranlar üst üste çarpılır.,`cikis_inis_iki_kez_say`: zıplayan topta toplam yol isteniyorsa kuvvetlerin yanında her zıplamanın iki kez sayılması gerekir,6400 L'lik depodan her gün kalanın 1/4'ü boşaltılıyor → 3 gün sonra 6400·(3/4)³ = 2700 L kalır,"MEB 3 Adım TYT Matematik hamle verisi (9 soru: Üslü ve Köklü İfadeler, Sayı, Kesir, Yaş, İşçi Problemleri, Kar - Zarar, Yüzde, Karışım, Hareket Problemleri, Oran ve Orantı); ajan yazdı, 7 Ekim 2026",Üslü ifadeler · kalan oranın kuvveti,Her adımda 'kalanın bir kesri' gidiyorsa adım adım hesaplama; kalan oranın adım sayısı kadar kuvvetini al.
kesrin_karekokunu_pay_payda_al,Matematik · Üslü ve Köklü İfadeler · 9. Sınıf,Bir kesrin (ya da boyalı parça oranının) karekökü isteniyor ve sonuç belli bir paydaya göre yorumlanıyor,"a ≥ 0, b > 0 için √(a/b) = √a / √b",Kökü yalnız paya ya da yalnız paydaya uygular,Pay ve paydanın karekökünü ayrı ayrı al. Sonucu istenen paydaya genişlet ve parça sayısını karşılaştır.,Karekök çarpma ve bölmeye dağılır; tam kare pay ve payda doğrudan sade bir kesir verir.,Toplamda kök dağılmaz: √(a + b) ≠ √a + √b,√(4/25) = 2/5 = 10/25 → 4 boyalı parçadan 10'a çıkmak için 6 parça daha boyanır,"MEB 3 Adım TYT Matematik hamle verisi (1 soru: Üslü ve Köklü İfadeler); ajan yazdı, 7 Ekim 2026; az veri",Köklü ifadeler · kesrin karekökü,Bir kesrin karekökü isteniyorsa payı ve paydayı ayrı ayrı köke al.
kok_icini_tam_kareye_tamamla_eslestir,Matematik · Üslü ve Köklü İfadeler · 9. Sınıf,"Köklü sayıların ikişer çarpılıp tam sayı vermesi, bir kök içinin tam sayı çıkması ya da çarpımı tam kare yapan en küçük sayı soruluyor","a, b ≥ 0 için √a·√b = √(ab); √m'nin tam sayı olması için m tam kare, yani asal çarpanlarının bütün üsleri çift olmalıdır","Çiftleri deneme yanılmayla dağıtır, tek üslü asalları tamamlamaz ya da iç içe kökte içteki kökün de tam sayı olması gerektiğini görmez",Kök içlerini asal çarpanlarına ayır. Çarpımı tam kare yapacak eşleri birleştir; tek üslü asalları eksik çarpanla tamamla.,Tam kare ancak her asalın üssü çift olduğunda oluşur; eşleştirme ve tamamlama bu çiftliği sağlar.,`tabanlari_asallara_ayir`: aynı asal ayrıştırma orada üslü eşitlik çözmek için kullanılır,"√3·√27 = 9, √2·√32 = 8, √5·√20 = 10 → toplam 27; 72 = 2³·3² olduğundan 72x'i tam kare yapan en küçük x = 2","MEB 3 Adım TYT Matematik hamle verisi (4 soru: Üslü ve Köklü İfadeler); ajan yazdı, 7 Ekim 2026",Köklü ifadeler · tam kareye tamamlama,Köklü sayıların çarpımının ya da kök içinin tam sayı olması isteniyorsa asal çarpanlara ayırıp üsleri çifte tamamla.
tam_kare_ozdesligi_gor,Matematik · Polinomlar ve Çarpanlara Ayırma · 10. Sınıf,"İfadede a² + b², ab, a ± b gibi parçalar birlikte veriliyor, kare bir bölgenin alanları soruluyor ya da kök içinde x + 1 + 2√x gibi bir ifade var",(a ± b)² = a² ± 2ab + b²; buradan a² + b² = (a ± b)² ∓ 2ab. Özel olarak x ≥ 0 için x + 1 + 2√x = (√x + 1)²,Parçaların bir tam karenin açılımı olduğunu görmez; (a − b)²'yi a² − b² sanır ya da sayıları doğrudan yerine koyup uzun hesaba girer,Verilen terimlerde iki kare ve iki katı çarpım ara. İfadeyi (a ± b)² olarak topla ya da a² + b² = (a ± b)² ∓ 2ab ile bilinmeyeni bul.,"Tam kare biçimi ifadeyi tek terime indirir; kök içindeyse kök kalkar, alan sorusunda bölgeler eşleşir.","`iki_kare_farki_ac`: a² − b² = (a − b)(a + b) farklıdır, ortada 2ab terimi yoktur","a + b = 7, ab = 10 → a² + b² = 49 − 20 = 29","MEB 3 Adım TYT Matematik hamle verisi (8 soru: Polinomlar ve Çarpanlara Ayırma, Eşkenar Dörtgen, Dikdörtgen, Üslü ve Köklü İfadeler, İkinci Dereceden Denklemler, Karmaşık Sayılar, Üçgende Temel Kavramlar, Üçgen Eşitsizliği, Üçgenin Yardımcı Elemanları); ajan yazdı, 7 Ekim 2026",Çarpanlara ayırma · tam kare özdeşliği,Karelerin toplamı ile çarpım ya da toplam birlikte geçiyorsa (a ± b)² açılımını yaz.
devirli_ondaligi_kesre_cevir,Matematik · Üslü ve Köklü İfadeler · 9. Sınıf,"İşlemde üstü çizgili (devirli) ondalık sayılar var (0,3̅, 1,2̅ gibi)","0,a̅ = a/9 ve 0,9̅ = 1; genel olarak devirli sayı = (virgülsüz sayı − devretmeyen kısım) / (devreden basamak sayısı kadar 9, ardından devretmeyen ondalık basamak sayısı kadar 0)","Devir çizgisini görmeyip sayıyı sonlu ondalık (0,3) gibi kullanır",Çizgileri kontrol et ve her devirli sayıyı kesre çevir. İşlemi kesirlerle yap.,"Devirli ondalık sonsuz uzunluktadır; kesir hâli tam değeri verir, kök ve çarpım işlemleri kolaylaşır.","Sonlu ondalık sayı: 0,3 = 3/10'dur, 0,3̅ = 1/3 ile aynı değildir","0,4̅ = 4/9 → √(0,4̅) = 2/3","MEB 3 Adım TYT Matematik hamle verisi (1 soru: Üslü ve Köklü İfadeler); ajan yazdı, 7 Ekim 2026; az veri",Rasyonel sayılar · devirli ondalığı kesre çevirme,Ondalık sayının üstünde çizgi görüyorsan işlemden önce onu kesre çevir.
cift_kok_mutlak_tek_kok_aynen,Matematik · Üslü ve Köklü İfadeler · 9. Sınıf,"Hem tek hem çift dereceli köklerin içinde kuvvetler var (√(a²), ∛(b³), ⁴√(c⁴)); harflerin işaretleri ya da sıralaması verilmiş",n çiftse ⁿ√(Aⁿ) = |A|; n tekse ⁿ√(Aⁿ) = A,Tek dereceli kökü de mutlak değerle çıkarır ya da çift dereceli kökü mutlak değersiz açar,"Çift dereceli kökleri mutlak değerle, tek dereceli kökleri olduğu gibi çıkar. Verilen işaretlere göre mutlak değerleri aç ve topla.",Çift kuvvet işareti siler ve kök negatif olmayan sonucu verir; tek kuvvet ve tek dereceli kök işareti korur.,`karekok_kare_mutlak_deger`: aynı kuralın yalnız karekök için olan özel hâli,a = −3 ise √(a²) + ∛(a³) = 3 + (−3) = 0,"MEB 3 Adım TYT Matematik hamle verisi (1 soru: Üslü ve Köklü İfadeler); ajan yazdı, 7 Ekim 2026; az veri",Köklü ifadeler · kök derecesine göre mutlak değer,Kökün içindeki kuvvet kök derecesine eşitse önce derecenin tek mi çift mi olduğuna bak.
ic_ice_koku_iki_koke_ayir,Matematik · Üslü ve Köklü İfadeler · 9. Sınıf,√(a + 2√b) ya da √(a − 2√b) biçiminde iç içe kök verilmiş (içteki kök gerekirse √(4b) = 2√b diye yazılır),"x > y ≥ 0, x + y = a ve xy = b ise √(a + 2√b) = √x + √y ve √(a − 2√b) = √x − √y",İçteki kökü 2√b biçimine getirmeyi görmez; farkta büyük kökü öne yazmaz,"İçteki kökü 2√b biçimine getir. Toplamı a, çarpımı b olan iki sayı bul ve kökü √x ± √y olarak yaz (farkta büyük önde).","(√x ± √y)² = x + y ± 2√(xy) olduğundan iç ifade bir tam karedir, dıştaki kök kalkar.",`kok_icini_tam_kareye_tamamla_eslestir`: orada kökler çarpılarak tam kare elde edilir; burada iç ifade zaten bir tam karedir,"√(8 + 2√15) = √5 + √3 (5 + 3 = 8, 5·3 = 15)","MEB 3 Adım TYT Matematik hamle verisi (1 soru: Üslü ve Köklü İfadeler); ajan yazdı, 7 Ekim 2026; az veri",Köklü ifadeler · iç içe kökü ayırma,Kökün içinde 'sayı ± kök' görüyorsan içteki kökü 2√b yap ve toplamı ile çarpımı tutan iki sayı ara.
dis_sayisi_ile_turu_ters_oranla,Matematik · Üslü ve Köklü İfadeler · 9. Sınıf,Birbirini çeviren dişliler ya da bağlı çarklar; diş sayıları ve tur sayıları (ya da dakikadaki turlar) soruluyor,Birbirine değen dişlilerde diş sayısı × tur sayısı her dişli için aynıdır; tur sayısı diş sayısıyla ters orantılıdır,Diş sayısıyla tur sayısını doğru orantılı alır,Her dişli için diş × tur çarpımını yaz ve eşitle. Birden çok dişlide bu ortak çarpımdan tur ya da diş oranını çıkar.,Temas noktasından aynı sürede iki dişliden de aynı sayıda diş geçer.,"Aynı mile takılı çarklar: bunlar birlikte döner, tur sayıları eşittir ve diş sayısına bakılmaz",24 dişli çark 10 tur atınca ona değen 40 dişli çark 24·10/40 = 6 tur atar,"MEB 3 Adım TYT Matematik hamle verisi (2 soru: Üslü ve Köklü İfadeler, Oran ve Orantı); ajan yazdı, 7 Ekim 2026",Oran-orantı · dişlide ters orantı,Birbirini çeviren dişliler görüyorsan diş × tur çarpımını sabit tut.
cikis_inis_iki_kez_say,Matematik · Üslü ve Köklü İfadeler · 9. Sınıf,Bir top bir yükseklikten bırakılıyor ve her çarpmada önceki yüksekliğin bir kesri kadar zıplıyor; belli sayıda çarpmaya kadar aldığı toplam yol soruluyor,İlk düşüş H bir kez sayılır; sonraki her zıplama yüksekliği çıkış ve iniş olarak iki kez sayılır: yol = H + 2(Hr + Hr² + …). Son çarpmadan sonraki zıplama katılmaz,Zıplama yüksekliklerini bir kez sayar ya da son çarpmadan sonraki çıkışı da ekler,İlk düşüşü bir kez yaz. Sonraki her zıplama yüksekliğini bul ve iki katını ekle; soru kaçıncı çarpmada bitiyorsa orada dur.,Top her zıplamada o yüksekliğe çıkıp aynı yükseklikten iner; ilk düşüşten önce ise çıkış yoktur.,`kalan_orani_kuvvetle_carp`: yalnız n. zıplamanın yüksekliği soruluyorsa toplam değil H·rⁿ hesaplanır,27 m'den bırakılan top her seferinde 1/3'üne zıplıyor; 3. yere çarpışta aldığı yol 27 + 2·9 + 2·3 = 51 m,"MEB 3 Adım TYT Matematik hamle verisi (1 soru: Üslü ve Köklü İfadeler); ajan yazdı, 7 Ekim 2026; az veri",Problemler · zıplayan topta toplam yol,Zıplayan topun toplam yolu soruluyorsa ilk düşüş dışındaki her yüksekliği iki kez yaz.
esit_satirlari_esitle,Matematik · Dörtgenler · 10. Sınıf,"Eş ya da farklı parçalardan oluşan dikdörtgen veya şerit şekli; bazı satır ya da sütunların aynı uzunlukta olduğu görülüyor, kenarlar harfle veriliyor","Aynı uzunluktaki iki satırın (ya da sütunun) parçalarının toplamları eşittir; bölünmüş dikdörtgende aynı satırdaki parçaların alan oranı, aynı sütundakiler arasında da korunur","Kısa ve uzun kenarları karıştırır, satırdaki parça sayısını yanlış sayar ya da kenarların tam sayı olma koşulunu kullanmaz",Aynı uzunluktaki iki satırı (sütunu) şekilden belirle. Her birini parçaların toplamı olarak yaz ve eşitle; çıkan orandan kenarları bulup isteneni hesapla.,Şekildeki eşit uzunluklar tek denklemle kenarlar arasındaki oranı verir.,`cevreyi_yatay_dikey_topla`: çevre sorulurken satırları eşitlemek yerine yatay ve dikey kenarlar ayrı ayrı toplanır,"Üst satırda 2 uzun kenar (a), alt satırda 3 kısa kenar (b) aynı genişlikte: 2a = 3b; a + b = 10 ise a = 6, b = 4","MEB 3 Adım TYT Matematik hamle verisi (6 soru: Dörtgenler, Üslü ve Köklü İfadeler, Eşkenar Dörtgen, Dikdörtgen); ajan yazdı, 7 Ekim 2026",Dörtgenler · eşit kenarları parçalarla eşitleme,Parçalardan oluşan dikdörtgende iki satırın uçları aynı hizada bitiyorsa o satırların toplamlarını eşitle.
gorunen_yuzleri_say,Matematik · Katı Cisimler - Prizmalar · 10. Sınıf,"Birim küplerden ya da bloklardan oluşan cisim; yüzey alanı, boyalı yüz sayısı ya da kesip birleştirmeden sonraki alan değişimi soruluyor",Birleşik cismin yüzey alanı = (toplam yüz sayısı − 2 × birbirine değen yüz çifti sayısı) × bir yüzün alanı; dışı boyalı n×n×n küpte iki yüzü boyalı küp sayısı 12(n − 2),Değen yüzleri çıkarmayı ya da alt/arka yüzleri saymayı unutur; köşe küplerini iki yüzü boyalı sayar,"Her parçanın yüzlerini say, birbirine değen her yüz çifti için 2 düş ve kalanı bir yüzün alanıyla çarp. Boyalı küp sorusunda köşe, ayrıt ve yüz ortası küpleri ayrı say.",Birbirine yapışan yüzler dışarıdan görünmez; her temas iki yüzü birden kapatır.,`parcalar_birlesince_hacim_korunur`: birleştirmede hacim korunur ama yüzey alanı korunmaz,Ayrıtı 2 cm olan 3 küp sıra hâlinde yapıştırılırsa 18 − 2·2 = 14 yüz kalır → 14·4 = 56 cm²,"MEB 3 Adım TYT Matematik hamle verisi (9 soru: Katı Cisimler - Prizmalar, Üslü ve Köklü İfadeler, Olasılık); ajan yazdı, 7 Ekim 2026",Katı cisimler · görünen yüzleri sayma,Küplerden kurulu cismin yüzey alanı ya da boyalı yüzleri soruluyorsa önce değen yüzleri say.
ortak_terimi_esitleyip_oranlari_birlestir,Matematik · Oran ve Orantı · 9. Sınıf,İki ayrı oranda ortak bir terim var (a : b ve b : c); üçünün birlikte oranı ya da toplamdan biri soruluyor,a : b = p : q ve b : c = r : s ise b'yi q ile r'nin EKOK'una (E) getir: a : b : c = p·(E/q) : E : s·(E/r),Ortak terimi iki oranda aynı sayıya getirmeden oranları birleştirir ya da toplar,Ortak terimin iki orandaki karşılığını EKOK'a genişlet. Tek oran a : b : c yaz; toplam verilmişse k'yı bul.,Ortak terim iki oranda farklı sayılarla kalırsa aynı nicelik iki farklı ölçekte sayılmış olur.,"`toplami_oran_parcalarina_bol`: tek oran ve toplam varsa birleştirmeye gerek yoktur, toplam parçalara bölünür","a : b = 2 : 3, b : c = 4 : 5 → a : b : c = 8 : 12 : 15; toplam 70 ise k = 2, b = 24","MEB 3 Adım TYT Matematik hamle verisi (3 soru: Oran ve Orantı); ajan yazdı, 7 Ekim 2026",Oran-orantı · zincir oranları birleştirme,İki oranda aynı terim geçiyorsa önce o terimi iki oranda eşit sayıya getir.
uygun_sayi_ver,"Matematik · Kar - Zarar, Yüzde, Karışım, Hareket Problemleri · 9. Sınıf","Harfler arasında oran, yüzde ya da koşul verilmiş ama harflerin değerleri bulunamıyor; sonuç bir oran, yüzde ya da harflerden bağımsız bir değer",Sonuç harflerin seçimine bağlı değilse koşulu sağlayan her sayı takımı aynı sonucu verir; seçilen sayılar bütün koşulları sağlamalı ve paydayı sıfır yapmamalı,Harfleri tek tek bulmaya çalışır; yüzdeyi yanlış bütüne uygular ya da hızların aritmetik ortalamasını alır,"Koşulu sağlayan kolay sayılar seç (100 kişi, 4 saat, a + b = 4 gibi). İfadeyi bu sayılarla hesapla ve sonucu oran ya da yüzde olarak oku.","Sonuç sabit olduğundan uygun sayı gerçek değerle aynı cevabı verir, hesap kısa kalır.",`yuzdeyi_carpan_olarak_yaz`: zincir yüzdelerde sayı vermek yerine çarpanları üst üste çarpmak da aynı sonuca götürür,"Sınıfın %60'ı kız, kızların 1/3'ü gözlüklü: 100 öğrenci al → 60 kız, 20 gözlüklü kız → sınıfın %20'si","MEB 3 Adım TYT Matematik hamle verisi (5 soru: Kar - Zarar, Yüzde, Karışım, Hareket Problemleri, Oran ve Orantı, Üçgende Eşlik ve Benzerlik); ajan yazdı, 7 Ekim 2026",Problemler · uygun sayı verme,Değerler verilmeden yalnız oran ya da yüzde soruluyorsa koşula uyan kolay sayılar seç.
dogrusal_iliskiyi_iki_noktadan_kur,Matematik · Oran ve Orantı · 9. Sınıf,"İki ölçek ya da birim arasında iki eşleşme verilmiş (sıcaklık birimleri, iki puan sistemi, düzgün daralan raf boyları); başka bir değerin karşılığı soruluyor","y, x'e doğrusal bağlıysa y = y₁ + m(x − x₁), m = (y₂ − y₁)/(x₂ − x₁); x = 0'a y = 0 karşılık gelmiyorsa y/x sabit değildir, doğru orantı kurulamaz","Doğru orantı kurar (y/x'i sabit sanar), başlangıçtaki kaymayı unutur",İki eşleşmeden birim artışın karşılığını bul. Bilinen bir eşleşmeden başla ve artış kadar ekleyerek istenen değeri hesapla.,Doğrusal ilişkide sabit olan oran değil artıştır; eşit artışlar eşit artışlara karşılık gelir.,`orantiyi_sabit_ifadeyle_yaz`: ilişki 0'dan başlıyorsa (0 ↔ 0) doğru orantı kurmak doğrudur,"A'da 10 ↔ B'de 30, A'da 20 ↔ B'de 50 → A'da 1 artış B'de 2 artış; A'da 35 → B'de 50 + 30 = 80","MEB 3 Adım TYT Matematik hamle verisi (5 soru: Oran ve Orantı, Sayı, Kesir, Yaş, İşçi Problemleri, Veri, Üçgende Eşlik ve Benzerlik, Dörtgenler); ajan yazdı, 7 Ekim 2026",Oran-orantı · iki noktadan doğrusal ilişki,İki birim arasında iki eşleşme verilmiş ve sıfırlar denk gelmiyorsa oran kurma; birim artışı bul.
ayni_oranda_paylari_ve_paydalari_topla,Matematik · Oran ve Orantı · 9. Sınıf,a/b = c/d = e/f = k gibi eşit oranlar ve bu harflerin katsayılı toplamları verilmiş,a/b = c/d = k ve mb + nd ≠ 0 ise (ma + nc)/(mb + nd) = k; paydaki ve paydadaki katsayılar aynı olmalıdır,Harfleri tek tek bulmaya çalışır ya da pay ve paydaya farklı katsayılar uygular,Paydaki katsayılı toplamın aynısını paydalarla kur. İkisinin oranını k'ya eşitle ve bilinmeyen toplamı bul.,Her pay kendi paydasının k katı olduğu için aynı katsayılarla toplanınca toplam da k katı olur.,`ortak_degere_k_de`: her harfi ayrı ayrı k cinsinden yazmak da çalışır ama daha uzundur,a/b = c/d = 3/5 ve 2b + d = 20 ise 2a + c = (3/5)·20 = 12,"MEB 3 Adım TYT Matematik hamle verisi (2 soru: Oran ve Orantı); ajan yazdı, 7 Ekim 2026",Oran-orantı · eşit oranlarda katsayılı toplam,"Eşit oranlar ve katsayılı toplam birlikte verilmişse aynı katsayılarla paydaları topla, oran aynı kalır."
toplami_oran_parcalarina_bol,Matematik · Oran ve Orantı · 9. Sınıf,Toplamı belli tam sayıların oranı soruluyor; hangi oranın olamayacağı ya da payların ne olduğu isteniyor,"Tam sayılar a : b oranındaysa (a, b aralarında asal) toplam a + b'nin katıdır; her pay toplam·a/(a + b)",Oranın yalnız payına ya da paydasına bakarak karar verir; parça sayısını (a + b) toplamla ilişkilendirmez,Oranın parçalarını topla. Toplam bu sayıya bölünüyor mu bak; bölünüyorsa bir parçanın değerini bulup paylara dağıt.,a : b oranı ak ve bk demektir; toplam (a + b)k olduğundan a + b toplamı bölmek zorundadır.,`ortak_terimi_esitleyip_oranlari_birlestir`: oranlar ayrı ayrı verildiyse önce tek orana birleştirilir,"Toplamı 30 olan iki tam sayının oranı 2/3 olabilir (12 ve 18) ama 3/4 olamaz (7, 30'u bölmez)","MEB 3 Adım TYT Matematik hamle verisi (1 soru: Oran ve Orantı); ajan yazdı, 7 Ekim 2026; az veri",Oran-orantı · toplamı parçalara bölme,Toplam verilip 'hangi oran olamaz' soruluyorsa her oranın parçalar toplamının toplamı bölüp bölmediğine bak.
ters_oranti_icin_tersini_al,Matematik · Oran ve Orantı · 9. Sınıf,"Bir miktar sayılarla ters orantılı ya da bir kısmı doğru, bir kısmı ters orantılı paylaştırılıyor","a, b, c ile ters orantılı paylar 1/a : 1/b : 1/c oranındadır ve ortak paydayla tam sayıya çevrilir; x ile doğru, y ile ters orantılı pay x/y ile orantılıdır",Ters orantıyı doğru orantı gibi alır ya da tersleri aldıktan sonra tam sayıya yanlış çevirir,"Ters orantılı sayıların terslerini yaz, doğru orantılı sayılarla çarp. EKOK ile genişletip tam sayı orana çevir ve toplamı parçalara böl.",Ters orantıda büyük sayıya küçük pay düşer; tersini almak bu sırayı doğru kurar.,Dişli sorularında aynı ters orantı diş × tur sabit diye kullanılır; doğru orantıda ise sayılar tersi alınmadan oranlanır,"260 TL, 2, 3, 4 ile ters orantılı: 1/2 : 1/3 : 1/4 = 6 : 4 : 3 → 13k = 260, k = 20 → 120, 80, 60 TL","MEB 3 Adım TYT Matematik hamle verisi (3 soru: Oran ve Orantı); ajan yazdı, 7 Ekim 2026",Oran-orantı · ters orantılı paylaşım,'Ters orantılı' görüyorsan paylaştırmadan önce sayıların terslerini al ve tam sayıya çevir.
ortak_carpani_sadelestir_oran_bul,Matematik · Oran ve Orantı · 9. Sınıf,Eşitlenmiş oranlarda paylar çarpım hâlinde (ab/3 = bc/4 = ac/5 gibi); harflerin oranı ya da toplamdan biri soruluyor,b ≠ 0 iken ab/p = bc/q ⇔ a/p = c/q; ortak harf sadeleşince harfler arasında basit oran kalır,Çarpımları açıp ikinci dereceden denklem kurmaya çalışır,"Oranları ikişer ikişer eşitle ve ortak harfi sadeleştir. Çıkan oranları birleştirip a : b : c yaz, toplamdan k'yı bul.",Ortak harf iki tarafta aynı çarpan olduğu için oranı etkilemez; sadeleşince doğrusal oran kalır.,`ortak_terimi_esitleyip_oranlari_birlestir`: sadeleştirmeden sonra çıkan iki oranı tek orana getirmek için kullanılır,ab/2 = bc/3 = ac/4 → a/2 = c/3 ve b/3 = a/4 → a : b : c = 4 : 3 : 6,"MEB 3 Adım TYT Matematik hamle verisi (1 soru: Oran ve Orantı); ajan yazdı, 7 Ekim 2026; az veri",Oran-orantı · ortak çarpanı sadeleştirme,Eşit oranların paylarında aynı harf çarpan olarak tekrarlanıyorsa önce onu sadeleştir.
oranlari_ayni_olcekte_karsilastir,Matematik · Oran ve Orantı · 9. Sınıf,"Tablo ya da grafikte farklı büyüklükteki grupların sayıları verilmiş; başarı oranı, kişi başı değer ya da hız karşılaştırılıyor","Karşılaştırma oranlarla (a/b) yapılır; oranlar ondalığa, ortak paydaya ya da çapraz çarpıma (b, d > 0 için a/b > c/d ⇔ ad > bc) çevrilir",En büyük sayıya sahip olanı en büyük oran sanır ya da yakın görünen oranları eşit sayar,"Her grup için istenen oranı (isabet/toplam, harcama/kişi) yaz. Ondalığa ya da ortak paydaya çevirip sırala.",Gruplar farklı büyüklükte olduğundan ham sayılar adil karşılaştırma vermez; oran hepsini aynı ölçeğe getirir.,Daire grafiğinde dilim açısı yalnız o grafiğin içindeki payı gösterir; iki grafiği karşılaştırırken açıları değil oranları kıyasla,"A 18 atışta 12, B 25 atışta 16 isabet → A 2/3 ≈ 0,67, B 0,64 → A daha isabetli","MEB 3 Adım TYT Matematik hamle verisi (3 soru: Oran ve Orantı, Kar - Zarar, Yüzde, Karışım, Hareket Problemleri, Veri); ajan yazdı, 7 Ekim 2026",Oran-orantı · oranları aynı ölçekte karşılaştırma,Farklı büyüklükteki grupları karşılaştırman isteniyorsa ham sayılara değil oranlara bak.
alan_orani_kenar_oraninin_karesi,Matematik · Üçgenin Alanı · 9. Sınıf,"Benzer şekiller (küçültülmüş kopya, paralel kesenle oluşan üçgen, ölçekli daire) ve uzunluk oranı verilmiş; alan oranı ya da alan soruluyor","Benzer şekillerde karşılıklı uzunlukların oranı k ise alanların oranı k², hacimlerin oranı k³'tür",Alan oranını kenar oranıyla aynı alır ya da alan oranından kenar oranına geçerken karekök almaz,Benzerliği ve karşılıklı uzunlukların oranını bul. Alan için bu oranın karesini al; parça alanı isteniyorsa büyük alandan küçüğü çıkar.,Alan iki uzunluğun çarpımıyla ölçülür; her uzunluk k katına çıkınca alan k² katına çıkar.,"`ayni_yukseklikte_alan_taban_orani`: benzerlik yok ama yükseklik ortaksa alan oranı tabanların oranıdır, kare alınmaz","Paralel kesenle AD/AB = 2/5 ise küçük üçgenin alanı büyüğün 4/25'i, kalan yamuk 21/25'i olur","MEB 3 Adım TYT Matematik hamle verisi (12 soru: Üçgenin Alanı, Oran ve Orantı, Üçgenler, Olasılık, Çokgenlerin ve Dörtgenlerin Özellikleri, Eşkenar Dörtgen, Dikdörtgen, Kare, Deltoid); ajan yazdı, 7 Ekim 2026",Benzerlik · alan oranı = uzunluk oranının karesi,Benzer iki şeklin alanlarını karşılaştırıyorsan uzunluk oranını bul ve karesini al.
toplam_degismez_paylastir,Matematik · Oran ve Orantı · 9. Sınıf,Kaplar ya da kişiler arasında aktarma yapılıyor ya da sabit bir uzunluk (ip) farklı biçimlerde kullanılıyor; yeni oran ya da başlangıç değeri soruluyor,Yalnız aktarma yapılıyorsa (ekleme ya da atma yoksa) toplam değişmez; yeni oranın parça toplamı bu sabit toplama eşitlenir,Aktarılan miktarı toplamdan düşer ya da her durumda farklı bir toplam varsayar,Başlangıç toplamını bul ve sabit tut. Son durumdaki oranı bu toplama göre dağıt; geriye doğru aktarılanları ekleyip çıkararak başlangıcı bul.,Bir yerden alınan başka yere eklendiği için toplamda hiçbir şey kaybolmaz.,"Karışıma su eklenip çıkarılan sorularda toplam değişir; orada sabit tutulan toplam değil, değişmeyen maddedir",Toplam 120 L olan iki kapta aktarmadan sonra oran 3 : 5 → kaplarda 45 ve 75 L; 2. kaba 15 L aktarıldıysa başta 60 ve 60 L vardı,"MEB 3 Adım TYT Matematik hamle verisi (2 soru: Oran ve Orantı, Üçgende Eşlik ve Benzerlik); ajan yazdı, 7 Ekim 2026",Oran-orantı · sabit toplamla paylaştırma,Yalnız aktarma yapılıyorsa toplamı yaz ve yeni oranı bu toplamdan dağıt.
orantiyi_sabit_ifadeyle_yaz,Matematik · Oran ve Orantı · 9. Sınıf,"Bir nicelik bazı niceliklerle doğru, bazılarıyla ters orantılı; bir durum için değerler verilip başka bir durum soruluyor (hatalı terazi, işçi-gün-iş gibi)","a, b ile doğru ve c ile ters orantılıysa a·c/b = k sabittir; bütün durumlarda bu ifade aynı değeri verir",Ters orantılı niceliği paya koyar ya da hatayı yanlış niceliğe (fiyata) uygular,"Aranan niceliği ve doğru orantılıları bir tarafa, ters orantılıyı öbür tarafa koyarak sabit ifadeyi yaz. İlk durumdan k'yı bul, ikinci durumda yerine koy.",Orantı sabiti durumdan duruma değişmez; tek denklemle bilinmeyen bulunur.,`dogrusal_iliskiyi_iki_noktadan_kur`: başlangıç 0'a karşılık gelmiyorsa orantı değil doğrusal ilişki kurulur,"a, b ile doğru, c ile ters orantılı: a = 6, b = 3, c = 4 için k = a·c/b = 8; b = 5, c = 10 iken a = 8·5/10 = 4","MEB 3 Adım TYT Matematik hamle verisi (2 soru: Oran ve Orantı, Sayı, Kesir, Yaş, İşçi Problemleri); ajan yazdı, 7 Ekim 2026",Oran-orantı · orantı sabiti,Bir niceliğin hem doğru hem ters orantılı olduğu söyleniyorsa hepsini tek sabit kesirde topla.
esit_araliklari_denklemle_bul,Matematik · Oran ve Orantı · 9. Sınıf,Daire ya da kadran üzerinde eşit aralıklı işaretler var ama bir aralık farklı; tam tur ve bir dönüş açısı verilmiş,n eşit aralık d ve bir farklı aralık g varsa n·d + g = 360°; verilen dönüşte geçilen aralıkların toplamı ikinci denklemi verir,Bütün aralıkları eşit (360°/işaret sayısı) sanır,"Eşit aralıklara d, farklı olana g de. Tam tur ve verilen dönüş için iki denklem kur, d ile g'yi çöz ve istenen dönüşü aralık sayısına çevir.",İki bilinmeyen için iki koşul (tam tur ve verilen dönüş) yeterlidir.,"Bütün aralıklar eşitse doğrudan 360°/aralık sayısı kullanılır, denklem gerekmez","6 eşit aralık d ve 1 farklı aralık g: 6d + g = 360°, d + g = 120° → d = 48°, g = 72°","MEB 3 Adım TYT Matematik hamle verisi (1 soru: Oran ve Orantı); ajan yazdı, 7 Ekim 2026; az veri",Oran-orantı · eşit aralıklara denklem kurma,Dairesel ölçekte aralıklardan biri farklı görünüyorsa eşit aralıklara ve farklı olana ayrı harf ver.
siniri_koyan_malzemeyi_bul,Matematik · Oran ve Orantı · 9. Sınıf,"Malzemeler belli oranda karıştırılacak; elde her birinden farklı miktar var, en çok ne kadar üretileceği ya da ne kadar artacağı soruluyor",Oran p : q : r ise her malzemeden yapılabilecek pay sayısı = eldeki miktar / oran payı; en küçük pay sayısı üretimi sınırlar,En çok olan malzemenin hepsini kullanmaya çalışır,"Oranı tam sayıya çevir. Her malzeme için eldeki miktarı oran payına böl; en küçük sonucu k al, her malzemeden k × pay kadar kullan ve artanı bul.",Oran korunmak zorunda olduğundan ilk biten malzeme karışımı durdurur.,`toplami_oran_parcalarina_bol`: toplam miktar oranla dağıtılırken sınırlayan malzeme sorunu yoktur,"Un : şeker = 3 : 2; 12 kg un, 6 kg şeker → un 4 pay, şeker 3 pay → şeker sınırlar: 9 kg un kullanılır, 3 kg un artar","MEB 3 Adım TYT Matematik hamle verisi (1 soru: Oran ve Orantı); ajan yazdı, 7 Ekim 2026; az veri",Oran-orantı · sınırlayan malzeme,Oranlı karışımda malzemelerin hepsi kullanılamıyorsa her biri için pay sayısını hesapla ve en küçüğü seç.
daire_dilimi_aciyla_orantili,Matematik · Veri · 9. Sınıf,Daire grafiğinde dilim açıları (bazıları dik açı işaretiyle ya da eksik) ve en az bir dilimin gerçek değeri ya da toplam verilmiş,Dilimin değeri / toplam = dilimin açısı / 360°; 1° başına düşen miktar aynı grafikteki her dilimde aynıdır,"Dik açı işaretini görmez, eksik açıyı 360°'den tamamlamaz ya da iki farklı grafiğin açılarını aynı ölçekte sanır",Eksik açıyı 360°'den tamamla (dik işaret 90°). Bilinen dilimden 1° başına düşen miktarı bul ve istenen dilimin açısıyla çarp.,Daire grafiği bütünü 360°'ye orantılı böler; bir dilimin değeri bütün ölçeği verir.,İki ayrı daire grafiği karşılaştırılırken her birinin kendi toplamı vardır; açıları doğrudan kıyaslamak yerine önce miktara çevir,"72° = 36 öğrenci → 1° = 0,5 öğrenci; 90°'lik dilim 45 öğrenci, toplam 180 öğrenci","MEB 3 Adım TYT Matematik hamle verisi (16 soru: Veri, Oran ve Orantı, Kar - Zarar, Yüzde, Karışım, Hareket Problemleri); ajan yazdı, 7 Ekim 2026",Veri · daire grafiğinde açıyla orantı,Daire grafiğinde bir dilimin değeri biliniyorsa önce 1° başına düşen miktarı bul.
carpanlara_ayirip_sadelestir,"Matematik · İkinci Dereceden Denklemler, Karmaşık Sayılar · 10. Sınıf","Pay, payda ya da toplam bir ifade çarpanlarına ayrılabilen polinom; sade hâl, ortalama ya da bilinmeyen katsayı soruluyor","Ortak çarpan pay ve paydada sadeleşir: (x − a)P(x) / ((x − a)Q(x)) = P(x)/Q(x), x ≠ a; ikinci dereceden üç terimli çarpım-toplam yoluyla ayrılır",Pay ya da paydayı ayırmadan değer bulmaya çalışır; sadeleşen çarpanı sıfır yapan değeri unutur,"Pay ve paydayı (ortak çarpan, özdeşlik ya da çarpım-toplamla) çarpanlarına ayır. Ortak çarpanı sadeleştir ve kalan basit ifadeden isteneni hesapla.","Ortak çarpan gidince ifade birinci dereceye ya da sabite iner, hesap kısalır.",Toplamda terim sadeleşmez: (x + 2)/2 ≠ x + 1; `kok_disi_cozumu_ele`: sadeleşen çarpanı sıfır yapan değer çözüm olamaz,(x² − 5x + 6)/(x − 2) = (x − 2)(x − 3)/(x − 2) = x − 3 (x ≠ 2),"MEB 3 Adım TYT Matematik hamle verisi (21 soru: İkinci Dereceden Denklemler, Karmaşık Sayılar, Polinomlar ve Çarpanlara Ayırma, Oran ve Orantı, Çokgenlerin ve Dörtgenlerin Özellikleri, Katı Cisimler - Prizmalar); ajan yazdı, 7 Ekim 2026",Çarpanlara ayırma · sadeleştirme,Kesirli ya da toplam bir polinom ifadesi görünce hesaba geçmeden önce çarpanlarına ayır.
ucretsiz_donemi_dusup_ucretli_ayi_say,"Matematik · Sayı, Kesir, Yaş, İşçi Problemleri · 9. Sınıf","Abonelik ya da kiralamada ilk birkaç ay ücretsiz (ya da indirimli), toplam ödeme ve aylık ücret verilmiş; süre soruluyor",Ödenen tutar = aylık ücret × (toplam ay − ücretsiz ay); farklı zamanda başlayanların süresi ayrı yazılır,Öğrenci ücretsiz ayları toplam süreden düşmeyi ya da kişilerin farklı zamanda başladığını unutur,Her kişinin toplam süresini aynı bilinmeyenle yaz ve ücretsiz ayları düş. Ücretli ay × aylık ücret toplamını verilen ödemeye eşitle.,Para yalnız ücretli aylar için ödenir; ücretsiz aylar düşülmezse denklem yanlış kurulur.,Kademeli ücretlerde de süre dilimlere ayrılır; ama burada ilk dilimin ücreti sıfırdır,"Aylık 60 TL, ilk 3 ay ücretsiz; toplam 540 TL ödendiyse ücretli ay 540/60 = 9, toplam süre 9 + 3 = 12 ay","MEB 3 Adım TYT Matematik hamle verisi (1 soru: Sayı, Kesir, Yaş, İşçi Problemleri); ajan yazdı, 7 Ekim 2026; az veri",Problem · ücretsiz dönemi düşme,"""İlk … ay ücretsiz"" görüyorsan ödemeyi hesaplamadan önce o ayları toplam süreden düş."
gecen_sureyi_herkese_ekle,"Matematik · Sayı, Kesir, Yaş, İşçi Problemleri · 9. Sınıf",Kişilerin bugünkü yaşları ya da doğum yılları ile geçmişte veya gelecekte yaşları arasında bir ilişki verilmiş,"t yıl geçince herkesin yaşı t artar; n kişilik grubun yaş toplamı n·t artar, iki kişinin yaş farkı hiç değişmez",Öğrenci geçen süreyi kişilerden birine eklemeyi (ya da ağaç gibi bir nesneyi yaşlandırmayı) unutur,"Önce ""kaç yıl geçti?"" sorusunu sor ve ona bir harf ver. Bu süreyi ilişkideki herkesin yaşına ekle, denklemi kur.","Zaman herkes için aynı hızda akar; yaş farkı sabit kalır, toplam ise kişi sayısı kadar artar.",Saat ve takvim sorularında geçen süre zaman çizelgesiyle bulunur (zaman_cizelgesini_ciz); yaşta ise aynı süre herkese eklenir,"Anne 38, çocukları 10 ve 6 yaşında; t yıl sonra 38 + t = 16 + 2t → t = 22 (anne 60, çocuklar 32 ve 28)","MEB 3 Adım TYT Matematik hamle verisi (12 soru: Sayı, Kesir, Yaş, İşçi Problemleri, Veri); ajan yazdı, 7 Ekim 2026",Yaş problemi · geçen süreyi ekleme,"Yaş sorusunda ""… yıl sonra/önce"" ya da ""… yaşına geldiğinde"" görüyorsan geçen süreyi bul ve herkese ekle."
birim_zamandaki_isi_topla,"Matematik · Sayı, Kesir, Yaş, İşçi Problemleri · 9. Sınıf","Bir işi tek başına bitirme süreleri verilen kişiler birlikte ya da sırayla çalışıyor; süre, kalan iş ya da işe göre ücret soruluyor","İşi t günde bitiren kişi bir günde işin 1/t'sini yapar; birlikte çalışanların bir günlük işleri toplanır, yapılan iş = hız × süre","Öğrenci süreleri doğrudan toplar, ücreti çalışılan gün sayısına göre böler ya da sonradan katılanın baştan çalıştığını sanır",Her kişinin bir günde (saatte) yaptığı işi 1/t olarak yaz. Birlikte çalışılan sürede bunları topla ve süreyle çarp; kalan işi kalan çalışanların hızına böl.,"Süreler toplanmaz ama hızlar toplanır; iş, hız ile sürenin çarpımıdır.",Aşamalı çalışmada önce zaman çizelgesi çizilir (zaman_cizelgesini_ciz); her aralıkta hızlar yine toplanır,"A işi 6, B 12 günde bitiriyor; 2 gün birlikte: 2·(1/6 + 1/12) = 1/2; kalan 1/2'yi A tek başına 3 günde bitirir","MEB 3 Adım TYT Matematik hamle verisi (6 soru: Sayı, Kesir, Yaş, İşçi Problemleri, Kar - Zarar, Yüzde, Karışım, Hareket Problemleri); ajan yazdı, 7 Ekim 2026",İşçi problemi · birim zamanda iş,İşi bitirme süreleri verilmişse süreleri toplama; her birinin bir günlük işini yaz ve onları topla.
birim_maliyet_farkini_bul,"Matematik · Sayı, Kesir, Yaş, İşçi Problemleri · 9. Sınıf","İki seçeneğin (yakıt, lamba, tarife) birim başına maliyetleri ve bir ek ücret ya da fiyat farkı verilmiş; kaç birimde kâra geçileceği soruluyor","Gereken miktar = ek maliyet ÷ birim başına tasarruf; tasarruf aynı birim (km, saat, adet) için hesaplanmalı","Öğrenci farklı birimlerin fiyat farkını (litre fiyatı gibi) kullanır, tüketimle çarpıp aynı birime çevirmez","Her seçeneğin aynı birim (km, saat) başına maliyetini bul. Farkı al ve ek maliyeti bu farka böl.",Her birimde fark kadar kazanılır; ek maliyet bu kazançların toplamıyla kapanır.,Birim fiyat karşılaştırmasında yalnız ucuz olan seçilir; burada başa baş noktası aranır,"A lamba saatte 0,15 TL, B 0,05 TL harcıyor; B 120 TL pahalıysa fark 120 / 0,10 = 1200 saatte kapanır","MEB 3 Adım TYT Matematik hamle verisi (1 soru: Sayı, Kesir, Yaş, İşçi Problemleri); ajan yazdı, 7 Ekim 2026; az veri",Problem · birim maliyet farkı,"""Kaç km/saat sonra kâra geçer?"" gibi bir soru varsa önce iki seçeneğin aynı birim başına maliyet farkını bul."
rakam_toplami_degisimini_eldeyle_izle,"Matematik · Sayı, Kesir, Yaş, İşçi Problemleri · 9. Sınıf","Bir sayı (yıl, sıra numarası) 1 artınca ya da azalınca rakamlarının toplamındaki değişim verilmiş; sayının son rakamı ya da kendisi soruluyor",Son rakam 9 değilse sayı 1 artınca rakam toplamı 1 artar; son k rakam 9 ise elde nedeniyle 9k − 1 azalır (bir 9 için 8),Öğrenci sayı 1 değişince rakam toplamının da hep 1 değiştiğini sanır,Verilen değişimin +1 mi yoksa 8 (ya da 17) azalma mı olduğuna bak. Buna göre son rakamın 9 olup olmadığına (geriye giderken 0 olup olmadığına) karar ver.,"Sondaki 9 bire dönerken 0 olur ve 1'i sola elde verir; bu, rakam toplamında ani bir düşüş yapar.",Eksik rakamlı toplama sorularında da elde izlenir; burada ise sayının kendisinin 1 artması incelenir,2019 → 2020'de rakam toplamı 12'den 4'e iner (8 azalır); 2023 → 2024'te 7'den 8'e çıkar (1 artar),"MEB 3 Adım TYT Matematik hamle verisi (1 soru: Sayı, Kesir, Yaş, İşçi Problemleri); ajan yazdı, 7 Ekim 2026; az veri",Sayı basamakları · elde ile rakam toplamı,Rakam toplamı 1 değil de 8 gibi büyük bir miktar değişiyorsa sondaki 9'u ve eldeyi düşün.
kisitlardan_tablo_doldur,"Matematik · Sayı, Kesir, Yaş, İşçi Problemleri · 9. Sınıf","Oyun, puan ya da sonuç tablosunda boş hücreler var; atış sayısı, puan dağılımı gibi kurallar verilmiş",Her satır ve sütun verilen bütün kurallara uymalı; bir hücrenin değeri diğerlerinden kesin çıkıyorsa önce o yazılır,Öğrenci bir kuralın (ıska atışın başkasına puan vermesi gibi) diğer satırları da etkilediğini görmez,Kuralları yaz ve en kesin bilinen satırdan başla. Bulduğun değeri tabloya yerleştirip diğer hücreleri buna göre doldur.,Kurallar hücreleri birbirine bağlar; kesin bir hücre bulununca zincirleme diğerleri de belirlenir.,Sıralama sorularında ilişkiler zincire dizilir (siralama_zincirini_kur); burada ise tablo hücreleri kurallarla doldurulur,"Galibiyet 3, beraberlik 1, yenilgi 0 puan; yenilmeyen takım 3 maçta 5 puan almış: g + b = 3, 3g + b = 5 → 1 galibiyet, 2 beraberlik","MEB 3 Adım TYT Matematik hamle verisi (1 soru: Sayı, Kesir, Yaş, İşçi Problemleri); ajan yazdı, 7 Ekim 2026; az veri",Mantık · kısıtlarla tablo doldurma,Boş hücreli bir tablo ve kurallar görüyorsan en kesin bilinen satırdan başlayarak hücreleri doldur.
kalan_miktari_gecen_sureyle_yaz,"Matematik · Sayı, Kesir, Yaş, İşçi Problemleri · 9. Sınıf","Sabit hızla azalan nesneler (mum, depo, pil) farklı sürelerde bitiyor; bir anda kalan miktarlar arasında ilişki veriliyor",T sürede tamamen biten nesnede t anında kalan = başlangıç·(1 − t/T); bu yalnız hız sabitken geçerlidir,Öğrenci hızlı bitenin daha kısa kalacağını görmez ya da kalan yerine harcanan miktarla denklem kurar,Her nesnenin t anındaki kalan miktarını başlangıç·(1 − t/T) diye yaz. Verilen ilişkiyi bu ifadelerle kur ve t'yi bul.,Sabit hızda harcanan miktar süreyle orantılıdır; kalanı bu yüzden doğrusal bir ifadeyle yazarız.,Birlikte iş yapma sorularında hızlar toplanır (birim_zamandaki_isi_topla); burada her nesne ayrı ayrı azalır,Eş boylu iki mum 4 ve 6 saatte bitiyor; 1 − t/6 = 2(1 − t/4) → t = 3 saat (kalanlar 1/2 ve 1/4),"MEB 3 Adım TYT Matematik hamle verisi (1 soru: Sayı, Kesir, Yaş, İşçi Problemleri); ajan yazdı, 7 Ekim 2026; az veri",Problem · sabit hızla azalma,Eşit başlayıp farklı sürede biten nesneler varsa her birinin kalanını 1 − t/T ile yaz.
degisimi_giris_cikis_farki_yaz,"Matematik · Sayı, Kesir, Yaş, İşçi Problemleri · 9. Sınıf","Bir yerdeki (otopark, salon) miktar iki farklı anda verilmiş; giren-çıkan sayıları ya da toplam hareket soruluyor",İki an arasındaki değişim = giren − çıkan; giren + çıkan da biliniyorsa iki denklemden giren ve çıkan ayrı bulunur,Öğrenci miktardaki azalmayı yalnız çıkan sayısı sanır ya da çıkanları girenlerden düşmeyi unutur,Her bölümdeki değişimi giren − çıkan olarak yaz ve topla. Varsa giren + çıkan toplamıyla birlikte iki denklemi çöz.,Hem giriş hem çıkış olunca net değişim ikisinin farkıdır; toplam hareket ise ikisinin toplamıdır.,Boş yer sayısı azaldığında dolu yer artmıştır; boş ve dolu sayıları karıştırma,"Otoparkta 09.00'da 40, 10.00'da 52 araç var ve 30 araç girip çıkmış: G − Ç = 12, G + Ç = 30 → G = 21, Ç = 9","MEB 3 Adım TYT Matematik hamle verisi (2 soru: Sayı, Kesir, Yaş, İşçi Problemleri, Veri); ajan yazdı, 7 Ekim 2026",Problem · giriş-çıkış farkı,İki farklı anda miktar ve giren-çıkan bilgisi varsa net değişimi giren − çıkan diye yaz.
periyodik_gruplari_fazlara_ayir,"Matematik · Sayı, Kesir, Yaş, İşçi Problemleri · 9. Sınıf","İki günde bir, üç günde bir gelen gruplar var; birkaç günün toplam sayısı verilip başka bir günün sayısı soruluyor","k günde bir gelen grup, başladığı güne göre k alt gruba ayrılır; aynı alt grup yalnız gün numarasının k'ye bölümünden kalanı aynı olan günlerde gelir",Öğrenci her grubun her gün geldiğini sanır ya da alt grupları ayırt etmez,Her grubu başlangıç gününe göre alt gruplara ayır ve her güne hangi alt grupların geldiğini yaz. Ortak alt grubu olan günleri çıkararak farkları bul.,İki gün arasında ortak alt gruplar çıkarılınca yalnız değişen alt grupların farkı kalır.,Ortak tekrar anı sorulursa EKOK kullanılır; burada ise günlere göre alt grup eşlemesi yapılır,"a/b: tek/çift günlerin grubu, c₁/c₂: 1, 4, 7…/2, 5, 8… günlerin grubu. 1. gün a + c₁ = 20, 4. gün b + c₁ = 17 → a − b = 3; 2. gün b + c₂ = 15 → 5. gün a + c₂ = 18","MEB 3 Adım TYT Matematik hamle verisi (1 soru: Sayı, Kesir, Yaş, İşçi Problemleri); ajan yazdı, 7 Ekim 2026; az veri",Periyodik durumlar · alt gruplara ayırma,Farklı aralıklarla gelen gruplar ve gün toplamları görüyorsan her grubu başladığı güne göre alt gruplara ayır.
zaman_cizelgesini_ciz,"Matematik · Sayı, Kesir, Yaş, İşçi Problemleri · 9. Sınıf","Olaylar farklı saatlerde başlıyor, mola veriliyor, biri sonradan katılıyor ya da saatler ileri-geri; geçen süre veya yapılan iş soruluyor","Toplam iş ya da süre, zaman aralıklarının her birinde ayrı hesaplanan değerlerin toplamıdır; her aralıkta çalışanlar ve hızlar sabittir","Öğrenci sonradan katılanın baştan çalıştığını sanır, molayı unutur ya da geri saatte dakikayı yanlış yöne ekler","Bir zaman çizgisi çiz ve başlama, mola, katılma anlarını işaretle. Her aralıkta yapılan işi ya da geçen süreyi ayrı yaz, sonra topla.",Her aralıkta koşullar değişmez; çizelge karışık olayı basit parçalara böler.,"Herkes baştan sona birlikte çalışıyorsa çizelgeye gerek kalmaz, hızlar doğrudan toplanır (birim_zamandaki_isi_topla)","Ali saatte 10 parça yapıyor; 2 saat sonra saatte 6 parça yapan Can katılıyor; 100 parça: 20 + 16t = 100 → t = 5, toplam 7 saat","MEB 3 Adım TYT Matematik hamle verisi (4 soru: Sayı, Kesir, Yaş, İşçi Problemleri, Kar - Zarar, Yüzde, Karışım, Hareket Problemleri); ajan yazdı, 7 Ekim 2026",Zaman problemi · zaman çizelgesi,"Olaylar farklı anlarda başlıyor ya da duruyorsa önce bir zaman çizgisi çiz, her aralığı ayrı hesapla."
ifadeyi_harflerle_kur_sadelestir,"Matematik · Sayı, Kesir, Yaş, İşçi Problemleri · 9. Sınıf","Sayılar yerine harfler (p park, a ağaç gibi) verilmiş; bir değişiklikten sonra toplamın ne kadar değiştiği ya da bir ifade soruluyor",Önceki ve sonraki toplam harflerle yazılır; fark alınıp parantez açılınca ortak terimler gider,Öğrenci yalnız bir harfi değiştirip diğerini sabit tutar ya da hangi büyüklüğün neyle çarpıldığını karıştırır,"Önceki ve sonraki durumun toplamını harflerle yaz. Farkı al, parantezleri aç ve sadeleştir.",Ortak terimler çıkarmada birbirini götürür; geriye yalnız değişikliğin etkisi kalır.,Sayı verilip uygun değer seçilerek de çözülebilir; ama şıklar harfliyse genel ifadeyi kurmak gerekir,"s sıra, sırada k koltuk; ikisi de 2 artarsa artış (s + 2)(k + 2) − sk = 2s + 2k + 4","MEB 3 Adım TYT Matematik hamle verisi (3 soru: Sayı, Kesir, Yaş, İşçi Problemleri, Fonksiyon Kavramı ve Özellikleri); ajan yazdı, 7 Ekim 2026",Cebirsel ifade · önce-sonra farkı,"Şıklar harfli bir ifadeyse önce ve sonraki durumu harflerle yaz, farkı alıp sadeleştir."
konum_eslemesini_tabloya_dok,"Matematik · Sayı, Kesir, Yaş, İşçi Problemleri · 9. Sınıf",Aynı yerdeki tuşların ya da hücrelerin iki farklı düzende farklı değerler gösterdiği (telefon ve hesap makinesi tuş takımı gibi) bir durum verilmiş,"Aynı konumdaki iki değer bire bir eşlenir; bir düzendeki sayı, rakamları bu eşlemeyle çevrilerek diğerine geçer",Öğrenci satırların yer değiştirdiğini görmez ya da değişmeyen satırı da çevirir,İki düzeni yan yana çiz ve aynı konumdaki değerleri eşleyen bir tablo yap. Basılan her rakamı bu tabloyla çevir.,"Konum aynı kalır, yalnız etiketler değişir; tablo bu değişimi tek tek gösterir.",Sıralama zincirinde değerler büyüklüğe göre dizilir (siralama_zincirini_kur); burada ise konuma göre eşlenir,"Telefonda üst satır 1-2-3, hesap makinesinde 7-8-9; telefonda 15 yazılan konumlara basınca hesap makinesi 75 gösterir (orta satır aynı kalır)","MEB 3 Adım TYT Matematik hamle verisi (1 soru: Sayı, Kesir, Yaş, İşçi Problemleri); ajan yazdı, 7 Ekim 2026; az veri",Mantık · konum eşleme tablosu,Aynı yere basıp farklı değer veren iki düzen varsa önce konum eşleme tablosunu yaz.
siralama_zincirini_kur,"Matematik · Sayı, Kesir, Yaş, İşçi Problemleri · 9. Sınıf","Nesneler arasında ""büyüktür/küçüktür"" ilişkileri (ok, kalem ucu, terazi) verilmiş; farklı değerler bunlara yerleştirilecek",Büyüklük ilişkisi geçişlidir: A < B ve B < C ise A < C; bütün ilişkiler tek bir zincire dizilince sıra belirlenir,Öğrenci ilişkinin yönünü ters okur ya da sırası kesin olmayan iki nesneyi kesin sanır,Her ilişkiyi küçükten büyüğe bir okla yaz ve okları tek zincirde birleştir. En küçükten başlayarak değerleri sırayla yerleştir; sırası belirsiz kalanları not et.,Zincir bütün ilişkileri tek bakışta gösterir; en küçük ve en büyük kesin olarak görülür.,Kurallarla tablo doldurmaya benzer (kisitlardan_tablo_doldur); ama burada yalnız büyüklük sırası vardır,"A > C, B > A, D < C ve değerler 1–4 farklı: D < C < A < B → D = 1, C = 2, A = 3, B = 4","MEB 3 Adım TYT Matematik hamle verisi (1 soru: Sayı, Kesir, Yaş, İşçi Problemleri); ajan yazdı, 7 Ekim 2026; az veri",Mantık · sıralama zinciri,"Birçok büyüktür-küçüktür ilişkisi varsa okları tek zincire diz, değerleri en küçükten yerleştir."
en_kotu_durumu_sinirla,"Matematik · Sayı, Kesir, Yaş, İşçi Problemleri · 9. Sınıf","""Her zaman"", ""hiçbir zaman"", ""en az … en çok"" koşulları verilmiş; bir sınır değer ya da en büyük/en küçük sayı soruluyor","""Her zaman aşar"" koşulu en elverişsiz (en küçük) durum için de geçerli olmalı; ""hiç aşmaz"" ise en büyük durum için; sınır bu iki uç arasındadır",Öğrenci uç durumları ters seçer (en ağır grup yerine en hafifi) ya da bir aralıktaki herkesi aynı tarafa koyar,"Koşulu en zor sağlayan durumu bul: ""her zaman"" için en küçük, ""hiçbir zaman"" için en büyük değeri al. Bu iki değer arasındaki aralığı yaz ve isteneni seç.",Bir koşul en kötü durumda sağlanıyorsa diğer bütün durumlarda da sağlanır.,Histogram ya da gruplu veride bir aralıktaki kişilerin hepsi sınırın lehine ya da aleyhine olabilir; en çok/en az için uygun olanı seç,"Herhangi 5 kişi kapasiteyi her zaman aşıyor (en hafif beşli 352 kg), herhangi 4 kişi hiç aşmıyor (en ağır dörtlü 340 kg) → 340 ≤ K < 352","MEB 3 Adım TYT Matematik hamle verisi (2 soru: Sayı, Kesir, Yaş, İşçi Problemleri, Veri); ajan yazdı, 7 Ekim 2026",Mantık · en kötü durum,"""Her zaman"" ya da ""hiçbir zaman"" görüyorsan en elverişsiz grubu seç ve sınırı ona göre koy."
toplam_yolu_toplam_sureye_bol,"Matematik · Kar - Zarar, Yüzde, Karışım, Hareket Problemleri · 9. Sınıf","Yolculuk farklı hızlarla birkaç bölümde yapılmış (ya da bekleme var); ortalama hız, toplam süre veya kalan yol soruluyor",Ortalama hız = toplam yol / toplam süre; bölümlerin süreleri eşit değilse hızların aritmetik ortalaması değildir,Öğrenci hızların ortalamasını alır ya da gidiş-dönüşte ortak yolu bir kez sayar,"Her bölümün yolunu ve süresini ayrı yaz. Yolları ve süreleri ayrı ayrı topla, toplam yolu toplam süreye böl.",Yavaş bölümde daha uzun süre geçer; bu yüzden ortalama hız yavaş hıza daha yakındır.,İki hareketlinin karşılaşmasında hızlar toplanır ya da çıkarılır (ayni_yonde_fark_zit_yonde_toplam); burada tek hareketlinin ortalaması alınır,"60 km'yi 60 km/sa, sonraki 60 km'yi 30 km/sa ile gidiyor: süre 1 + 2 = 3 sa → ortalama 120/3 = 40 km/sa (45 değil)","MEB 3 Adım TYT Matematik hamle verisi (4 soru: Kar - Zarar, Yüzde, Karışım, Hareket Problemleri, Üçgenler); ajan yazdı, 7 Ekim 2026",Hareket · ortalama hız,Ortalama hız soruluyorsa hızların ortalamasını alma; toplam yolu toplam süreye böl.
ayni_yonde_fark_zit_yonde_toplam,"Matematik · Kar - Zarar, Yüzde, Karışım, Hareket Problemleri · 9. Sınıf",İki hareketli (çoğu kez dairesel ya da kapalı pistte) zıt yönde karşılaşıyor ya da aynı yönde birbirine yetişiyor,"Zıt yönde aradaki yol hızların toplamıyla, aynı yönde hızların farkıyla kapanır; kapalı pistte aynı noktadan başlayınca her karşılaşma/yetişme için bir tur kapatılır",Öğrenci kapanması gereken mesafeyi yanlış alır (aradaki mesafe yerine tam tur ya da yarım tur) ya da yalnız ilk karşılaşmaya bakar,"Önce kapanması gereken mesafeyi belirle. Zıt yöndeyse hızları topla, aynı yöndeyse çıkar; mesafeyi bu hıza bölerek süreyi bul.","Birbirine göre bakınca biri duruyor, öteki iki hızın toplamı ya da farkı kadar hızla geliyor gibidir.",Tek hareketlinin ortalama hızında hızlar toplanmaz (toplam_yolu_toplam_sureye_bol); ayrıca başlangıç noktaları farklıysa kapanan mesafe tam tur değil aradaki yoldur,"400 m'lik pistte aynı noktadan hızları 7 ve 3 m/sn olan iki koşucu: zıt yönde 400/10 = 40 sn'de karşılaşır, aynı yönde 400/4 = 100 sn'de hızlı olan yetişir","MEB 3 Adım TYT Matematik hamle verisi (2 soru: Kar - Zarar, Yüzde, Karışım, Hareket Problemleri, Üçgenler); ajan yazdı, 7 Ekim 2026",Hareket · karşılaşma ve yetişme,"İki hareketli karşılaşıyor ya da yetişiyorsa yöne bak: zıt yönde hızları topla, aynı yönde çıkar."
yol_oranini_hiz_oranina_cevir,"Matematik · Kar - Zarar, Yüzde, Karışım, Hareket Problemleri · 9. Sınıf","İki hareketlinin aynı sürede aldığı yollar ya da aynı yolu aldıkları süreler (veya bunların oranı) verilmiş; hız, yol ya da süre soruluyor",Süre eşitse yolların oranı hızların oranına eşittir (x₁/x₂ = v₁/v₂); yol eşitse süreler hızlarla ters orantılıdır (t₁/t₂ = v₂/v₁).,"Öğrenci neyin ortak olduğunu (süre mi yol mu) fark etmez, her şeyi tek tek hesaplamaya kalkar ya da iki yolun gerçekten eşit olup olmadığını kontrol etmez","Önce ortak olanı belirle: süre mi, yol mu. Süre ortaksa yolları hızlarla, yol ortaksa süreleri hızların tersiyle orantıla; hızları k cinsinden yazıp k'yi bul.",Yol = hız × süre eşitliğinde bir çarpan sabit kalınca diğer ikisi doğru ya da ters orantılı olur; tek tek değer bulmaya gerek kalmaz.,Hareketliler arasındaki mesafenin kapanıp açıldığı durumda hızlar toplanır ya da çıkarılır: `ayni_yonde_fark_zit_yonde_toplam`,"Aynı anda zıt yönde çıkan iki araç karşılaştığında biri 120 km, öbürü 80 km gitmişse hızlar oranı 3 : 2'dir; hızlı olan 90 km/sa ise yavaş olan 60 km/sa gider.","MEB 3 Adım TYT Matematik hamle verisi (11 soru: Kar - Zarar, Yüzde, Karışım, Hareket Problemleri, İkinci Dereceden Denklemler, Karmaşık Sayılar, Dik Üçgen ve Trigonometri); ajan yazdı, 7 Ekim 2026",Hareket · yol-hız-süre orantısı,Hareketliler aynı sürede yol alıyor ya da aynı yolu gidiyorsa önce yol veya süre oranını hız oranına çevir.
yuzdeyi_carpan_olarak_yaz,"Matematik · Kar - Zarar, Yüzde, Karışım, Hareket Problemleri · 9. Sınıf","Fiyat, miktar ya da sayıda yüzde artış, azalış, indirim veya kayıp verilmiş; önceki ya da sonraki değer soruluyor","%a artış ×(1 + a/100), %a azalış ×(1 − a/100) demektir; art arda değişimlerde çarpanlar çarpılır, geriye gitmek için aynı çarpana bölünür.","Öğrenci yüzdeyi sabit bir miktar gibi çıkarır, yüzdeyi yanlış bütüne uygular ya da bir azalışı geri alırken bölmek yerine artış çarpanıyla çarpar","Her yüzdeyi çarpan olarak yaz ve hangi bütüne uygulandığını belirle. İleri giderken çarp, geriye giderken aynı çarpana böl.",Yüzde değişim bir çarpmadır; çarpan olarak yazınca art arda değişimler tek çarpana dönüşür ve geri dönüş bölmeyle doğru yapılır.,Kâr-zarar sorularında yüzdenin tabanı maliyettir ve fiyatlar maliyete bağlanır: `maliyete_gore_carpanlari_bagla`,"Bir ürün önce %25 zamlanıp sonra %20 indirilirse 1,25 · 0,8 = 1 olur; fiyat değişmez (%5 artış değil).","MEB 3 Adım TYT Matematik hamle verisi (27 soru: Kar - Zarar, Yüzde, Karışım, Hareket Problemleri, Veri); ajan yazdı, 7 Ekim 2026",Yüzde · çarpan yöntemi,Art arda yüzde değişim ya da yüzde sonrası değerden geriye gitme görüyorsan yüzdeleri toplamadan çarpan olarak yaz.
maliyeti_once_topla,"Matematik · Kar - Zarar, Yüzde, Karışım, Hareket Problemleri · 9. Sınıf","Birden çok maliyet kalemi (ham madde, ambalaj, alış fiyatı) ve bir kâr yüzdesi verilmiş; satış fiyatı ya da kâr soruluyor",Toplam maliyet = bütün kalemlerin toplamı; satış = toplam maliyet × (1 + kâr oranı). Kâr yüzdesi satışa değil toplam maliyete uygulanır.,"Öğrenci bir maliyet kalemini (ambalaj, bardak gibi) unutur ya da kârı satış fiyatı üzerinden hesaplar","Bütün maliyet kalemlerini aynı miktar için topla. Kâr çarpanını bu toplama uygula, sonra birim sayısına böl.",Kâr harcanan paranın tamamına göre tanımlanır; eksik bir kalem ya da yanlış taban sonucu doğrudan bozar.,"Etiket, indirim ve kâr yüzdeleri birlikte veriliyorsa fiyatlar maliyet cinsinden yazılır: `maliyete_gore_carpanlari_bagla`","20 kavanoz reçel için meyve 90 TL, kavanozlar 30 TL ise maliyet 120 TL; %50 kârla satış 180 TL, kavanoz başına 9 TL olur.","MEB 3 Adım TYT Matematik hamle verisi (3 soru: Kar - Zarar, Yüzde, Karışım, Hareket Problemleri); ajan yazdı, 7 Ekim 2026",Kâr-zarar · toplam maliyet,Maliyet birkaç kalemden oluşuyorsa kâr yüzdesini uygulamadan önce bütün kalemleri topla.
kendi_hizine_bant_hizini_ekle_cikar,"Matematik · Kar - Zarar, Yüzde, Karışım, Hareket Problemleri · 9. Sınıf","Yürüyen bant, akıntı ya da rüzgâr gibi kişiyi kendiliğinden taşıyan bir ortam ve kişinin kendi hızı verilmiş; süre ya da yürünen yol soruluyor","Ortamla aynı yönde gerçek hız = kendi hız + ortamın hızı, ters yönde = kendi hız − ortamın hızı; alınan yol = gerçek hız × süre.",Öğrenci bandın taşıdığı yolu ayrıca hesaba katmaz ya da bandın hızını süreyle çarpmayı unutur,"Önce bandın (akıntının) hızını bul. Kendi hızına ekle ya da çıkar; ya da bandın o sürede taşıdığı yolu toplam yoldan düş, kalanı yürüyerek alınan yol say.",Kişi aynı anda hem kendi hareketini hem ortamın hareketini yaşar; yer değiştirmesi bu ikisinin toplamıdır.,"İki ayrı hareketlinin birbirine yaklaşması ya da uzaklaşması `ayni_yonde_fark_zit_yonde_toplam` ile çözülür; burada ikinci hareketli değil, taşıyan bir ortam var",Bant 20 m/dk hızla akıyor ve 100 m uzunluğunda; üzerinde aynı yönde 30 m/dk yürüyen kişi 100/(20 + 30) = 2 dakikada karşıya varır.,"MEB 3 Adım TYT Matematik hamle verisi (1 soru: Kar - Zarar, Yüzde, Karışım, Hareket Problemleri); ajan yazdı, 7 Ekim 2026; az veri",Hareket · bant/akıntı hızı,"Soruda yürüyen bant, akıntı ya da rüzgâr varsa önce o ortamın hızını bulup kendi hızına ekle ya da çıkar."
yol_toplamini_krokiden_cikar,"Matematik · Kar - Zarar, Yüzde, Karışım, Hareket Problemleri · 9. Sınıf",Kroki ya da harita üzerinde yol parçalarının uzunlukları verilmiş; gidiş-dönüş güzergâhının toplam uzunluğu ya da süresi soruluyor,"Toplam yol, her parçanın uzunluğu ile kaç kez geçildiğinin çarpımlarının toplamıdır: hem gidişte hem dönüşte kullanılan parça 2 kez, bir kez dolaşılan döngü 1 kez sayılır.",Öğrenci gidişte ve dönüşte ortak kullanılan yolu bir kez sayar ya da yalnız bir kez dolaşılan döngüyü iki kez ekler,"Güzergâhı kalemle parça parça izle ve her parçanın yanına kaç kez geçildiğini yaz. Uzunlukları bu sayılarla çarpıp topla, sonra hıza bölerek süreye çevir.",Kroki tek tek parçalardan oluşur; geçiş sayısını yazmak hiçbir parçanın atlanmamasını ya da fazla sayılmamasını sağlar.,"Ortak parçanın iki uzaklığın farkında sadeleştiği sorular `ortak_parcayi_sadelestir` ile çözülür; burada parçalar toplanır, sadeleşmez",Evden kavşağa 300 m gidip orada 200 m'lik bir tur atan ve aynı yoldan eve dönen kişi 2 · 300 + 200 = 800 m yürür.,"MEB 3 Adım TYT Matematik hamle verisi (1 soru: Kar - Zarar, Yüzde, Karışım, Hareket Problemleri); ajan yazdı, 7 Ekim 2026; az veri",Hareket · krokide yol toplama,Krokide gidiş-dönüş varsa toplama yapmadan önce her parçanın kaç kez geçildiğini yaz.
grafikten_egim_oku,"Matematik · Kar - Zarar, Yüzde, Karışım, Hareket Problemleri · 9. Sınıf",Doğrusal (düz çizgi) bir grafik verilmiş; grafikte görünmeyen bir andaki değer ya da iki doğrunun kesiştiği/aştığı an soruluyor,Doğrusal değişimde eğim = değer farkı / zaman farkı sabittir; değer = başlangıç değeri + eğim × geçen süre.,"Öğrenci birimleri (saat-dakika) karıştırır, eşit olduğu anı aştığı an sanır ya da değeri yanlış doğru parçasından okur",Grafikte okunaklı iki noktadan eğimi bul. Değeri başlangıç + eğim · t diye yaz; gerekirse iki doğrunun denklemini eşitle ya da karşılaştır.,Doğrusal grafikte birim zamandaki değişim her yerde aynıdır; denklem kurulunca grafikte görünmeyen değerler de hesaplanır.,Doğrusal olmayan değişimde eğim sabit değildir; değerler tek tek okunmalıdır. Kâr-zarar sorusunda eşitlik anı henüz kâr değildir,"Bir depo 0. saatte 900 L, 3. saatte 600 L su içeriyorsa saatte 100 L azalır; 7. saatte 900 − 700 = 200 L kalır.","MEB 3 Adım TYT Matematik hamle verisi (5 soru: Kar - Zarar, Yüzde, Karışım, Hareket Problemleri, Fonksiyon Kavramı ve Özellikleri, Dik Üçgen ve Trigonometri, Katı Cisimler - Prizmalar); ajan yazdı, 7 Ekim 2026",Grafik · eğim ve doğru denklemi,Grafik düz çizgiyse ve grafikte okunmayan bir değer soruluyorsa önce eğimi bulup denklemi yaz.
madde_miktarini_ayri_izle,"Matematik · Kar - Zarar, Yüzde, Karışım, Hareket Problemleri · 9. Sınıf","Karışıma ekleme, boşaltma ya da kaplar arası aktarma yapılıyor; son karışımın yüzdesi ya da madde miktarı soruluyor","Her adımda madde miktarı = karışım miktarı × o anki oran; dökülen kısım o anki oranla madde götürür, saf su eklemek maddeyi değiştirmez. Son oran = madde / toplam karışım.","Öğrenci yüzdeleri toplayıp çıkarır, eklenen sıvının madde içeriğini karıştırır ya da dökülen kısmın maddesini eski oranla hesaplar",Her kap için 'toplam' ve 'madde' diye iki sütun aç ve her adımda ikisini birlikte güncelle. Sonda maddeyi toplam karışıma böl.,Yüzdeler farklı bütünlere ait olduğu için toplanamaz; madde miktarları ise doğrudan toplanıp çıkarılabilir.,Kuruma ya da buharlaşmada yalnız bir bileşen değişiyorsa `degismeyen_maddeyi_sabitle` daha hızlıdır,"%20 tuzlu 50 g suya %40 tuzlu 30 g su ekleniyor: tuz 10 + 12 = 22 g, karışım 80 g → 22/80 = %27,5.","MEB 3 Adım TYT Matematik hamle verisi (7 soru: Kar - Zarar, Yüzde, Karışım, Hareket Problemleri, Veri); ajan yazdı, 7 Ekim 2026",Karışım · madde miktarını izleme,Karışımda birden çok ekleme-boşaltma adımı varsa yüzdelerle değil gram ya da litre cinsinden madde miktarıyla ilerle.
birim_basina_tuketimi_bul,Matematik · Veri · 9. Sınıf,Tablo ya da grafikte tüketim oranları veya adet ile kütle gibi iki dağılım verilmiş; birim başına düşen miktar ya da kalanla kaç birim yapılabileceği soruluyor,Birim başına miktar = toplam miktar / birim sayısı; yapılabilecek iş sayısı = kalan miktar / birim başına tüketim. Daire grafiğinde açılar ancak aynı bütüne göre alındığında oranlanabilir.,"Öğrenci açıyı ya da yüzdeyi doğrudan birim değer sanır, birimleri (test-soru gibi) karıştırır",Her öğe için toplamı birim sayısına bölerek birim başına değeri bul. Kalan miktarı bu birim değere böl ya da birim değerleri karşılaştır.,Toplamlar farklı sayıda birime dağıldığından ancak birim başına indirgenince karşılaştırılabilir.,Bir grafiğin tamamı öbüründe bir dilimse önce ölçek taşınır: `ic_ice_grafigi_zincirle`,"Bir telefon 1 saat video ile pilinin %8'ini harcıyor; pil %60 iken 60/8 = 7,5 saat video izlenebilir.","MEB 3 Adım TYT Matematik hamle verisi (3 soru: Veri, Kar - Zarar, Yüzde, Karışım, Hareket Problemleri); ajan yazdı, 7 Ekim 2026",Veri · birim başına oran,"Toplamlar farklı sayıda birime ait görünüyorsa önce birim başına değeri bul, sonra karşılaştır ya da böl."
kademeli_ucreti_dilimle,"Matematik · Kar - Zarar, Yüzde, Karışım, Hareket Problemleri · 9. Sınıf","Miktara ya da tutara göre değişen fiyat dilimleri, ek ücretler, vergi veya indirim verilmiş; ödenecek tutar ya da fark soruluyor","Her dilim yalnız kendi aralığındaki miktar için kendi fiyatıyla ücretlenir; vergi ya da kesinti, kuralda hangi tutara uygulanıyorsa o toplama uygulanır.","Öğrenci tüm miktarı tek fiyatla çarpar, vergiyi yanlış tabana uygular ya da yanlış dilimin/tarifenin oranını kullanır","Miktarı dilim sınırlarında parçala ve her parçayı kendi fiyatıyla çarp. Sabit ücretleri ekle, vergiyi en son ve doğru tabana uygula.",Kademeli tarifede fiyat parça parçadır; her parçayı ayrı hesaplamak hangi birimin hangi fiyattan ücretlendiğini netleştirir.,Tek bir yüzde artış ya da azalış varsa `yuzdeyi_carpan_olarak_yaz` yeterlidir,"İlk 10 m³ 4 TL, fazlası 6 TL ise 16 m³ için 10 · 4 + 6 · 6 = 76 TL; %10 vergiyle 83,6 TL ödenir.","MEB 3 Adım TYT Matematik hamle verisi (4 soru: Kar - Zarar, Yüzde, Karışım, Hareket Problemleri); ajan yazdı, 7 Ekim 2026",Problemler · kademeli tarife,Fiyat belli bir miktardan sonra değişiyorsa miktarı dilimlere ayırmadan çarpma yapma.
ortak_parcayi_sadelestir,"Matematik · Kar - Zarar, Yüzde, Karışım, Hareket Problemleri · 9. Sınıf","Ortak bir noktadan (kavşak) geçen yolların uzunlukları ya da uzaklık farkları verilmiş, başka bir fark soruluyor; benzer biçimde iki ifadede ortak bir bilinmeyen var",İki uzaklık aynı ortak parçayı içeriyorsa farklarında o parça sadeleşir: (a + x) − (b + x) = a − b.,Öğrenci ortak parçayı (ya da ortak bilinmeyeni) bulmaya çalışıp takılır; onu hesaplamadan farkın elde edilebileceğini görmez,"Her uzaklığı 'ortak parça + kendi parçası' diye yaz. Farkı al, ortak parçayı sadeleştir ve bilinen farkları yerine koy.",İstenen fark ortak parçaya bağlı değildir; onu bulmadan yapılan çıkarma işlemi yeterli olur.,Gidiş-dönüşte parçaların toplandığı sorular `yol_toplamini_krokiden_cikar` ile çözülür,"Kavşak K'den A'ya 7 km, B'ye 12 km ve P'den K'ye x km ise PB − PA = (x + 12) − (x + 7) = 5 km olur.","MEB 3 Adım TYT Matematik hamle verisi (3 soru: Kar - Zarar, Yüzde, Karışım, Hareket Problemleri, İkinci Dereceden Denklemler, Karmaşık Sayılar, Üçgende Temel Kavramlar, Üçgen Eşitsizliği, Üçgenin Yardımcı Elemanları); ajan yazdı, 7 Ekim 2026",Hareket · ortak parçayı sadeleştirme,"Uzaklıklar aynı kavşaktan geçiyor ve bir fark soruluyorsa ortak parçayı bulmaya uğraşma, farkta sadeleştir."
karsilasma_sonrasi_sureleri_carp,"Matematik · Kar - Zarar, Yüzde, Karışım, Hareket Problemleri · 9. Sınıf",Karşılıklı yönden aynı anda çıkan iki hareketlinin karşılaştıktan sonra varacakları yere kalan süreleri verilmiş; karşılaşma süresi soruluyor,"Sabit hızlarla karşılıklı yola çıkan iki aracın karşılaşma süresi t, sonra kalan süreleri t₁ ve t₂ ise t² = t₁ · t₂.",Öğrenci kalan sürelerin ortalamasını alır ya da onları toplar,Kalan iki süreyi çarp ve karekökünü al. Toplam yolculuk süresi gerekiyorsa t'ye kalan süreyi ekle.,Karşılaşmadan sonra her araç ötekinin o ana kadar aldığı yolu gider: v₁t = v₂t₂ ve v₂t = v₁t₁; bu iki eşitlik çarpılınca t² = t₁t₂ çıkar.,Hızlar ve aradaki uzaklık verilmişse karşılaşma süresi doğrudan yol/(v₁ + v₂) ile bulunur: `ayni_yonde_fark_zit_yonde_toplam`,"Karşılaştıktan sonra biri 4 saat, öbürü 9 saat daha yol alıyorsa karşılaşma √(4 · 9) = 6 saat sonra olmuştur.","MEB 3 Adım TYT Matematik hamle verisi (1 soru: Kar - Zarar, Yüzde, Karışım, Hareket Problemleri); ajan yazdı, 7 Ekim 2026; az veri",Hareket · karşılaşma sonrası süreler,"Karşılaşmadan sonraki kalan süreler verilip karşılaşma süresi soruluyorsa hızlarla uğraşma, süreleri çarpıp karekök al."
maliyete_gore_carpanlari_bagla,"Matematik · Kar - Zarar, Yüzde, Karışım, Hareket Problemleri · 9. Sınıf","Maliyet, etiket fiyatı, indirimli fiyat ve kâr/zarar yüzdeleri birlikte verilmiş; yeni kâr yüzdesi ya da bir fiyat soruluyor",Kâr-zarar yüzdesi maliyete göredir: satış = M · (1 ± oran). İndirim ya da zam yüzdesi ise etiket fiyatına göredir: satış = E · (1 ± oran).,"Öğrenci kâr yüzdesini etiket fiyatına göre hesaplar, indirimle kârı karıştırır ya da farklı tabanlı yüzdeleri doğrudan toplar",Bütün fiyatları maliyet M cinsinden yaz ve etiket fiyatını E = … · M olarak bul. Yeni satış fiyatını M'ye oranlayıp kâr yüzdesini oku.,Her yüzdenin tabanı farklıdır; hepsini tek bir değişkene (maliyete) bağlamak oranları karşılaştırılabilir yapar.,Önce birden çok maliyet kalemi toplanacaksa `maliyeti_once_topla`; yalnız art arda yüzde değişim varsa `yuzdeyi_carpan_olarak_yaz`,"Etiket fiyatından %20 indirimle satılan mal %20 kâr ediyorsa 0,8E = 1,2M → E = 1,5M; indirimsiz satılırsa kâr %50 olur.","MEB 3 Adım TYT Matematik hamle verisi (6 soru: Kar - Zarar, Yüzde, Karışım, Hareket Problemleri); ajan yazdı, 7 Ekim 2026",Kâr-zarar · maliyete göre çarpan,"Etiket, indirim ve kâr yüzdesi aynı soruda geçiyorsa her fiyatı maliyet cinsinden yazarak başla."
ortak_sureyi_bul_yollara_uygula,"Matematik · Kar - Zarar, Yüzde, Karışım, Hareket Problemleri · 9. Sınıf","İki hareketli aynı anda başlayıp aynı anda duruyor; birinin yolu ve hızı belli, ötekinin aldığı yol soruluyor",Süre = yol / hız; iki hareketli aynı süre boyunca sabit hızla hareket ediyorsa ikincinin yolu = kendi hızı × bu ortak süre.,Öğrenci gidip gelmeleri ya da ara karşılaşmaları tek tek hesaplamaya uğraşır veya hızları yanlış yollarla eşler,Yolu ve hızı belli olan hareketlinin süresini bul. Bu süreyi öbür hareketlinin hızıyla çarp.,Hız sabitse toplam yol yalnız toplam süreye bağlıdır; yolun kaç parçaya bölündüğü önemli değildir.,Yol oranından hız oranı isteniyorsa `yol_oranini_hiz_oranina_cevir` daha kısadır,İki koşucu 2 saat sonra buluşuyor; bu sürede aralarında 30 km/sa hızla durmadan gidip gelen arı 30 · 2 = 60 km uçar.,"MEB 3 Adım TYT Matematik hamle verisi (2 soru: Kar - Zarar, Yüzde, Karışım, Hareket Problemleri); ajan yazdı, 7 Ekim 2026",Hareket · ortak süre,Biri durmadan gidip geliyor ya da ikisi aynı süre hareket ediyorsa önce ortak süreyi bul.
pisagor_ucluyu_tani,Matematik · Dik Üçgen ve Trigonometri · 9. Sınıf,"Dik üçgende (dikdörtgenin köşegeni, merdiven, birim çember) kenarlardan biri ya da ikisi tam sayı verilmiş; öbür kenar ya da bir oran soruluyor","Dik üçgende a² + b² = c² (c hipotenüs); 3-4-5, 5-12-13, 8-15-17, 7-24-25 ve bunların katları tam sayı kenarlı üçlülerdir. Üçlü yalnız üçgen dik ise ve verilen kenarlar üçlüyle uyuşuyorsa kullanılır.","Öğrenci hipotenüsü yanlış kenar sanır, kenarları rastgele tam sayılar alır ya da birim çemberde apsis ile ordinatı karıştırır","Hipotenüsü belirle ve verilen kenarların hangi üçlünün (ya da katının) parçası olduğuna bak. Eksik kenarı üçlüden yaz, emin değilsen a² + b² = c² ile doğrula.","Bilinen üçlüler karekök almadan kenarı verir, hesabı kısaltır.","Özel açılı dik üçgenler (30-60-90, 45-45-90) kenarlar arasındaki sabit oranla çözülür; tam sayı üçlüleriyle karıştırma","Hipotenüsü 26, bir dik kenarı 10 olan üçgen 5-12-13'ün 2 katıdır; öbür dik kenar 24 olur (100 + 576 = 676).","MEB 3 Adım TYT Matematik hamle verisi (14 soru: Dik Üçgen ve Trigonometri, Dörtgenler, Üçgenin Alanı, Eşkenar Dörtgen, Dikdörtgen, Kar - Zarar, Yüzde, Karışım, Hareket Problemleri, Kare, Deltoid); ajan yazdı, 7 Ekim 2026",Dik üçgen · Pisagor üçlüleri,"Dik üçgende 5, 13, 17, 25 ya da bunların katları gibi sayılar görüyorsan önce bilinen bir üçlü ara."
degismeyen_maddeyi_sabitle,"Matematik · Kar - Zarar, Yüzde, Karışım, Hareket Problemleri · 9. Sınıf","Kurutma, buharlaşma, su kaybı gibi bir işlemle bir maddenin oranı değişiyor; yeni toplam ya da kaybolan miktar soruluyor","Yalnız bir bileşen (su) azalıyorsa öbür bileşenin (kuru madde, tuz) miktarı sabittir: eski toplam × eski oran = yeni toplam × yeni oran.",Öğrenci yüzdelerin farkını doğrudan kaybedilen miktar sanır ya da kayıp yüzdesini yanlış bütüne uygular,Değişmeyen maddenin miktarını bul. Yeni oranla yeni toplamı hesapla; kayıp = eski toplam − yeni toplam.,Sabit kalan madde iki durum arasında köprüdür; oran değişse de miktarı aynıdır.,Karışıma ekleme-çıkarma yapılıp birden çok madde değişiyorsa `madde_miktarini_ayri_izle` kullanılır,"%90'ı su olan 200 kg meyvede 20 kg kuru madde var; su oranı %60'a inerse yeni kütle 20/0,4 = 50 kg, buharlaşan su 150 kg olur.","MEB 3 Adım TYT Matematik hamle verisi (2 soru: Kar - Zarar, Yüzde, Karışım, Hareket Problemleri, Veri); ajan yazdı, 7 Ekim 2026",Karışım · sabit kalan madde,"Kuruma ya da buharlaşma varsa önce hiç değişmeyen maddeyi bul, her şeyi onun üzerinden hesapla."
eksik_yuzdeyi_100den_tamamla,"Matematik · Kar - Zarar, Yüzde, Karışım, Hareket Problemleri · 9. Sınıf",Tablo ya da daire grafiğinde bir dilimin yüzdesi veya açısı eksik verilmiş; eksik değer ya da iki grubun karşılaştırması soruluyor,"Bir bütünün dilimlerinin yüzdeleri toplamı 100, açıları toplamı 360°'dir. Farklı toplamlara ait yüzdeler gerçek sayılara çevrilmeden karşılaştırılamaz.",Öğrenci farklı toplamlara ait yüzdeleri doğrudan karşılaştırır ya da şekildeki dik açı gibi işaretleri görmez,Bilinen yüzdeleri (açıları) 100'den (360°'den) çıkararak eksik dilimi bul. Karşılaştırma gerekiyorsa her yüzdeyi kendi toplamıyla çarpıp gerçek sayıya çevir.,"Yüzde, bir toplamın payıdır; toplamlar farklıysa aynı yüzde farklı sayılara karşılık gelir.",Art arda yüzde değişimler `yuzdeyi_carpan_olarak_yaz` ile çözülür; burada yüzdeler bir bütünün parçalarıdır,"Bir sınıfta %35 futbol, %25 basketbol, %15 voleybol seçmişse yüzme %25'tir; sınıf 40 kişiyse yüzmeyi 10 kişi seçmiştir.","MEB 3 Adım TYT Matematik hamle verisi (2 soru: Kar - Zarar, Yüzde, Karışım, Hareket Problemleri, Veri); ajan yazdı, 7 Ekim 2026",Veri · eksik yüzdeyi tamamlama,"Tablo ya da grafikte bir yüzde eksikse önce 100'e tamamla, karşılaştırmayı gerçek sayılarla yap."
herkesin_saatini_gercege_cevir,"Matematik · Kar - Zarar, Yüzde, Karışım, Hareket Problemleri · 9. Sınıf","Zamanlar, ileri ya da geri giden farklı kişilerin saatlerine göre verilmiş; gerçek süre soruluyor","Saat a dakika ileriyse gerçek zaman = gösterilen − a, a dakika geriyse gerçek zaman = gösterilen + a.","Öğrenci geri saatte dakikayı çıkarır, ileri saatte ekler ya da farklı saatlerden okunan zamanları çevirmeden birbirinden çıkarır",Her zamanı kimin saatine göre verildiğine bakarak gerçek saate çevir. Süreleri yalnız gerçek saatler arasında hesapla.,Farklı hatalı saatlerin gösterdiği zamanlar ortak bir ölçüye çevrilmezse saat hataları süreye karışır.,Aynı saatten okunan iki zaman arasındaki süre o saatin hatasından etkilenmez; çevirme farklı saatler karışınca gerekir,"5 dk ileri saatine göre 10.20'de çıkan biri, 10 dk geri saate göre 11.00'de varıyor: gerçek çıkış 10.15, varış 11.10 → yolculuk 55 dk.","MEB 3 Adım TYT Matematik hamle verisi (1 soru: Kar - Zarar, Yüzde, Karışım, Hareket Problemleri); ajan yazdı, 7 Ekim 2026; az veri",Problemler · saat düzeltme,Zamanlar farklı kişilerin ileri-geri saatlerinden okunuyorsa süre hesaplamadan önce hepsini gerçek saate çevir.
hizi_adim_boyu_ve_adim_sayisina_ayir,"Matematik · Kar - Zarar, Yüzde, Karışım, Hareket Problemleri · 9. Sınıf",Kişilerin aynı yolu kaç adımda aldıkları ve aynı sürede kaç adım attıkları verilmiş; hız sıralaması ya da hız oranı soruluyor,Hız = adım boyu × birim zamandaki adım sayısı; aynı yol için adım boyu adım sayısıyla ters orantılıdır (adım boyu = yol / adım sayısı).,Öğrenci yalnız adım sayısına bakar; aynı yolu az adımla alanın adımının uzun olduğunu hesaba katmaz,"Adım boyunu yol / adım sayısı diye yaz, birim zamandaki adım sayısını süreden bul. İkisini çarpıp hızları karşılaştır.","Hız iki çarpana bağlıdır; birinde önde olan öbüründe geride olabilir, sıralama ancak çarpım alınınca belli olur.",Yalnız aynı sürede alınan yollar verilmişse doğrudan `yol_oranini_hiz_oranina_cevir` yeterlidir,"A 60 m'yi 80 adımda, B 100 adımda alıyor; A dakikada 90, B 120 adım atıyorsa hızlar 0,75 · 90 = 67,5 ve 0,6 · 120 = 72 m/dk olur, B daha hızlıdır.","MEB 3 Adım TYT Matematik hamle verisi (1 soru: Kar - Zarar, Yüzde, Karışım, Hareket Problemleri); ajan yazdı, 7 Ekim 2026; az veri",Hareket · adım boyu × adım sıklığı,Soruda adım sayıları geçiyorsa hızı adım boyu ile adım sıklığının çarpımı olarak yazmadan karşılaştırma yapma.
grafikten_deger_oku,Matematik · Fonksiyon Kavramı ve Özellikleri · 10. Sınıf,"Sütun, çizgi ya da histogram grafiği verilmiş; toplam, ortalama, fark ya da yargıların doğruluğu soruluyor",Her sütunun ya da noktanın değeri eksendeki ölçek çizgisinden okunur; yorum ve hesap ancak okunan sayılarla yapılır.,"Öğrenci bir değeri okumayı atlar, giriş-çıkış gibi zıt nicelikleri birbirinden düşmeyi unutur ya da ölçeği ve grup genişliğini yanlış alır","Grafikteki her değeri eksene bakarak oku ve bir listeye yaz. İstenen toplamı, farkı ya da ortalamayı bu listeden hesapla, yargıları tek tek kontrol et.",Grafiğin görüntüsü yanıltıcı olabilir; sayılar listelenince her yargı açıkça doğrulanır.,"Doğrusal bir grafikte görünmeyen bir değeri bulmak için değer okumak yetmez, eğim kullanılır","Grafikte 5 günün satışları 12, 15, 9, 20, 14 okunuyorsa toplam 70, ortalama 14 olur.","MEB 3 Adım TYT Matematik hamle verisi (18 soru: Fonksiyon Kavramı ve Özellikleri, Veri); ajan yazdı, 7 Ekim 2026",Veri · grafikten değer okuma,Grafikli soruda yargılara bakmadan önce bütün değerleri okuyup listele.
tepe_deger_en_cok_tekrar,Matematik · Veri · 9. Sınıf,Bir veri listesi ya da tablo verilmiş; tepe değer (mod) ya da modla ilgili bir eşitlik soruluyor,Tepe değer en çok tekrar eden değerdir; en çok tekrar eden birden fazla değer varsa hepsi tepe değerdir.,Öğrenci tepe değer yerine ortalamayı ya da en büyük değeri alır; mod-medyan eşitliğinde bilinmeyenin bir komşusuna eşit olması gerektiğini görmez,Her değerin kaç kez geçtiğini say. En çok tekrar edeni (ya da edenleri) tepe değer olarak yaz.,Tepe değer sıklığa dayanır; değerlerin büyüklüğü ya da sırası önemli değildir.,"Ortanca, sıralı verinin ortasındaki değerdir: `ortanca_sirasini_kumulatif_bul`","4, 7, 7, 9, 4, 7, 10 verisinde 7 üç kez, 4 iki kez geçer; tepe değer 7'dir.","MEB 3 Adım TYT Matematik hamle verisi (6 soru: Veri); ajan yazdı, 7 Ekim 2026",Veri · tepe değer,"Mod soruluyorsa sayıları sıralamaya gerek yok, her değerin kaç kez tekrarlandığını say."
frekansli_ortalama_al,Matematik · Veri · 9. Sınıf,"Değerlerle birlikte her değerin kaç kez görüldüğünü (öğrenci sayısı, sıklık) gösteren bir tablo verilmiş; ortalama soruluyor",Ortalama = Σ(değer × sıklık) / Σ sıklık.,Öğrenci değerlerin düz ortalamasını alır ya da değerleri sıklıklarla çarpmadan toplar,Her değeri kendi sıklığıyla çarp ve çarpımları topla. Bu toplamı toplam sıklığa böl.,Bir değer kaç kişide varsa toplama o kadar kez katılır; sıklıkla çarpmak bunu sağlar.,Tabloda ortanca soruluyorsa sıklıklar birikimli sayılır: `ortanca_sirasini_kumulatif_bul`,"Puanları 2, 3, 5 olan öğrenci sayıları 3, 4, 3 ise ortalama (6 + 12 + 15)/10 = 3,3 olur.","MEB 3 Adım TYT Matematik hamle verisi (3 soru: Veri); ajan yazdı, 7 Ekim 2026",Veri · ağırlıklı ortalama,Tabloda değerlerin yanında kişi ya da sıklık sayısı varsa ortalamayı çarpımlar toplamıyla hesapla.
ortanca_sirasini_kumulatif_bul,Matematik · Veri · 9. Sınıf,Veri listesi ya da frekans tablosu verilmiş; ortanca (medyan) soruluyor,"Veri küçükten büyüğe sıralanır; n tekse (n + 1)/2. değer, n çiftse n/2. ve (n/2 + 1). değerlerin ortalaması ortancadır.",Öğrenci sıralamadan ortadaki değeri alır ya da frekans tablosunda sıklıkların (sütun yüksekliklerinin) ortancasını alır,"Toplam veri sayısını bul ve ortanca sırasını hesapla. Sıklıkları küçük değerden başlayarak birikimli topla, o sıranın hangi değere düştüğünü bul.",Ortanca bir sıra numarasıdır; birikimli sayım bu sırayı listeyi tek tek yazmadan bulur.,"Tepe değer sıklığa bakar, sıralamaya değil: `tepe_deger_en_cok_tekrar`","1, 2, 3, 4 puanlarının sıklıkları 4, 6, 7, 3 ise n = 20; birikimli 4, 10, 17 → 10. değer 2, 11. değer 3, ortanca 2,5.","MEB 3 Adım TYT Matematik hamle verisi (9 soru: Veri); ajan yazdı, 7 Ekim 2026",Veri · ortanca (birikimli sayım),Medyan soruluyorsa önce sırala; tabloda veri varsa sıklıkları birikimli toplayarak ortadaki sırayı bul.
ortalamayi_toplama_cevir,Matematik · Veri · 9. Sınıf,Bir grubun ortalaması verilmiş; gruba eleman eklenip çıkarılınca yeni ortalama ya da bir eleman soruluyor,"Toplam = ortalama × eleman sayısı; ekleme-çıkarmada toplam ve eleman sayısı birlikte güncellenir, yeni ortalama = yeni toplam / yeni sayı.",Öğrenci ortalamaları doğrudan toplayıp çıkarır ya da çıkan elemanı kişi sayısından düşmeyi unutur,"Her ortalamayı hemen toplama çevir. Ekleneni ya da çıkanı toplamda işle, eleman sayısını güncelle ve gerekiyorsa yeni ortalamayı hesapla.",Ortalamalar toplanamaz ama toplamlar toplanır; toplama geçince her değişiklik basit bir ekleme-çıkarmaya döner.,Eklenen ya da çıkan sayı ortalamaya eşitse hesap gerekmez: `ortalamaya_esit_eleman_ortalamayi_degistirmez`,"8 kişinin yaş ortalaması 15; 33 yaşında biri katılınca toplam 120 + 33 = 153, yeni ortalama 153/9 = 17 olur.","MEB 3 Adım TYT Matematik hamle verisi (12 soru: Veri); ajan yazdı, 7 Ekim 2026",Veri · ortalamadan toplama,Ortalama verilip grup değişiyorsa ilk iş toplamı (ortalama × kişi sayısı) yaz.
ic_ice_grafigi_zincirle,Matematik · Veri · 9. Sınıf,İki grafik verilmiş; birinin tamamı öbüründe tek bir dilime (ya da sütuna) karşılık geliyor,"Alt grafiğin toplamı, üst grafikteki o dilimin değerine eşittir; daire grafiğinde 1°'nin değeri = dilim değeri / dilim açısı ve her grafik için ayrı hesaplanır.",Öğrenci alt grafikteki açıyı bütün topluluğa göre okur ya da iki grafiği aynı ölçekte sanır,"Alt grafikte bilinen bir dilimden o grafiğin toplamını bul. Bu toplamı üst grafikteki dilimin açısına bölerek 1°'nin değerini bul, sonra istenen dilime uygula.",Her grafiğin kendi bütünü vardır; ortak dilim iki grafiğin ölçeğini birbirine bağlar.,Tek bir grafikte eksik dilimi bulmak 100'e ya da 360°'ye tamamlamaktır; ölçek taşımakla karıştırma,"Alt grafikte 90°'lik roman dilimi 30 kitapsa alt grafik 120 kitap eder; üst grafikte kitaplar 60°'lik dilimse 1° = 2, 90°'lik dergi dilimi 180 dergidir.","MEB 3 Adım TYT Matematik hamle verisi (3 soru: Veri); ajan yazdı, 7 Ekim 2026",Veri · iç içe grafik,Bir grafik ötekinin bir dilimini ayrıntılandırıyorsa önce alt grafiğin toplamını bulup üst grafiğe taşı.
ortadaki_terimi_ortalama_sec,Matematik · Veri · 9. Sınıf,"Ardışık ya da eşit aralıklı sayıların ortalaması verilmiş; en küçük, en büyük ya da belli bir terim soruluyor",Eşit aralıklı dizide ortalama ortadaki terime eşittir (terim sayısı çiftse ortadaki iki terimin ortalamasına); öbür terimler ortadan adım adım uzaklaşır.,Öğrenci terimler arasındaki adımı (ardışık tek sayılarda 2) yanlış alır ya da ortadan kaç adım uzaklaşacağını yanlış sayar,Ortalamayı ortadaki terim kabul et. İstenen terime kaç adım olduğunu say ve adım sayısını aralıkla çarpıp ekle ya da çıkar.,Eşit aralıklı dizide ortanın iki yanındaki terimler simetriktir; farklar birbirini götürdüğü için ortalama ortaya düşer.,Genel bir grupta ortalamadan eleman bulmak için toplam kullanılır: `ortalamayi_toplama_cevir`,Ardışık 7 çift sayının ortalaması 30 ise ortadaki terim 30'dur; en küçüğü 3 adım geride: 30 − 6 = 24.,"MEB 3 Adım TYT Matematik hamle verisi (1 soru: Veri); ajan yazdı, 7 Ekim 2026; az veri",Veri · ardışık dizide ortalama,"Ardışık sayıların ortalaması verilmişse ortalamayı ortadaki terim al, oradan adım say."
ortalamaya_esit_eleman_ortalamayi_degistirmez,Matematik · Veri · 9. Sınıf,"Bir sayı eklenince, çıkarılınca ya da unutulunca ortalamanın değişmediği söyleniyor; o sayı soruluyor","Ortalaması x̄ olan gruba x̄ eklenirse ya da gruptan x̄ çıkarılırsa ortalama değişmez; tersine, ortalamayı değiştirmeyen sayı ortalamanın kendisidir.",Öğrenci ortalamayı değiştirmeyen sayının en büyük ya da en küçük sayı olduğunu sanır,Değişmeyen ortalamayı hesapla. Eklenen ya da çıkarılan sayıyı bu ortalamaya eşitle.,"x̄ eklenince toplam x̄ kadar, eleman sayısı 1 artar; toplamın sayıya oranı aynı kalır.",Eklenen sayı ortalamadan farklıysa toplam üzerinden hesaplanır: `ortalamayi_toplama_cevir`,5 sayının toplamı 60'tır; bir sayı silinince ortalama değişmiyorsa silinen sayı 60/5 = 12'dir (kalan 48/4 = 12).,"MEB 3 Adım TYT Matematik hamle verisi (1 soru: Veri); ajan yazdı, 7 Ekim 2026; az veri",Veri · ortalamayı koruyan eleman,Ortalama değişmiyor deniyorsa uzun hesaba girmeden eklenen ya da çıkan sayıyı ortalamaya eşitle.
aciklik_en_buyuk_eksi_en_kucuk,Matematik · Veri · 9. Sınıf,Bilinmeyen bir değer içeren veri ve açıklık verilmiş; bilinmeyen ya da ondan türeyen bir değer soruluyor,Açıklık = en büyük değer − en küçük değer. Bilinmeyen sayı en büyük de en küçük de olabilir; iki durum ayrı denenir ve koşula uyan alınır.,Öğrenci bilinmeyeni yalnız en büyük ya da yalnız en küçük kabul eder,"Bilinmeyeni önce en küçük, sonra en büyük say ve iki denklem kur. Her çözümün gerçekten en küçük ya da en büyük olduğunu kontrol et.",Bilinmeyenin sıralamadaki yeri belli olmadığı için iki durum da açıklık tanımını sağlayabilir.,Standart sapma da yayılımı ölçer ama bütün verileri kullanır: `standart_sapmayi_yayilim_olarak_karsilastir`,"4, 9, 12, x verisinin açıklığı 10 ise x en küçükken x = 2, en büyükken x = 14 olur.","MEB 3 Adım TYT Matematik hamle verisi (2 soru: Veri); ajan yazdı, 7 Ekim 2026",Veri · açıklık,Açıklık verilip bir değer bilinmiyorsa o değeri hem en büyük hem en küçük kabul ederek iki durumu da dene.
standart_sapmayi_yayilim_olarak_karsilastir,Matematik · Veri · 9. Sınıf,Grupların ortalama ve standart sapmaları ya da verileri verilmiş; hangisinin daha tutarlı olduğu ya da kesin doğru/yanlış yargı soruluyor,"Standart sapma küçükse veriler ortalamaya yakındır (daha tutarlı), büyükse dağınıktır. Aynı ortalama aynı veriler demek değildir.",Öğrenci aynı ortalamayı aynı veriler sanır ya da verilmeyen bilgiden (grafikte olmayan bir yıl gibi) yargıya varır,Standart sapmaları karşılaştır: küçük olan daha tutarlıdır. Yargılarda yalnız verilen ortalama ve sapmanın kesin söylettiklerini kabul et.,Standart sapma verilerin ortalamadan ne kadar uzaklaştığını özetler; tek tek değerleri belirlemez.,Sapmayı sayısal olarak hesaplamak gerekiyorsa `farklari_karele_topla_n_eksi_1e_bol`,"8, 10, 12 ile 4, 10, 16 verilerinin ortalaması 10'dur; standart sapmaları 2 ve 6 olduğundan ilk grup daha tutarlıdır.","MEB 3 Adım TYT Matematik hamle verisi (2 soru: Veri); ajan yazdı, 7 Ekim 2026",Veri · standart sapma yorumu,Ortalamalar eşit ama tutarlılık soruluyorsa standart sapmaya bak; küçük sapma daha tutarlı demektir.
farklari_karele_topla_n_eksi_1e_bol,Matematik · Veri · 9. Sınıf,Bir veri grubunun değerleri ya da ortalamadan farkları verilmiş; standart sapma soruluyor,Ders kitabındaki tanımla standart sapma s = √[Σ(xᵢ − x̄)² / (n − 1)] (örneklem standart sapması).,"Öğrenci n'ye böler, farkların karesini almadan toplar ya da karekök almayı unutur","Ortalamayı bul ve her verinin ortalamadan farkını yaz. Farkların karelerini topla, (n − 1)'e böl ve karekökünü al.",Farkları karelemek eksi ve artı sapmaların birbirini götürmesini önler; karekök sonucu verinin birimine geri döndürür.,Yalnız hangi grubun daha tutarlı olduğu soruluyorsa hesap gerekmez: `standart_sapmayi_yayilim_olarak_karsilastir`,"4, 6, 8, 10, 12 verisinde ortalama 8, farkların kareleri 16 + 4 + 0 + 4 + 16 = 40 → s = √(40/4) = √10.","MEB 3 Adım TYT Matematik hamle verisi (2 soru: Veri); ajan yazdı, 7 Ekim 2026",Veri · standart sapma hesabı,Standart sapma sayı olarak isteniyorsa farkların karelerini toplayıp n − 1'e böl ve karekökünü al.
kisitli_yerleri_once_doldur,"Matematik · Permütasyon, Kombinasyon, Binom · 10. Sınıf","Sıralama ya da seçimde bazı kişiler veya yerler için kural (uçta olsun, şu gün olmasın, en fazla 2 kişi) verilmiş","Çarpma ilkesi: önce kısıtlı kişilerin ya da yerlerin seçenekleri sayılır, sonra kalanlar kalan yerlere serbestçe dizilir; sonuç bu sayıların çarpımıdır.",Öğrenci herkesi birlikte dizip kısıtı sonradan düzeltmeye çalışır ya da kısıtsız olanı önce yerleştirip kısıtlıyı zorlaştırır,Kısıtı olan kişileri ya da yerleri önce yerleştir ve seçeneklerini say. Kalanları kalan yerlere diz ve bütün sayıları çarp.,"Kısıtlı adımı başta yapmak sonraki adımlardaki seçenek sayısını sabit tutar, sonradan çıkarma gerektirmez.",Kısıt 'yan yana olsunlar' ise `yan_yana_olanlari_tek_blok_say` kullanılır,"5 kişi sıraya diziliyor ve Ali ile Can uçlarda olacak: uçlar 2!, ortadaki 3 kişi 3! → 2 · 6 = 12.","MEB 3 Adım TYT Matematik hamle verisi (7 soru: Permütasyon, Kombinasyon, Binom, Olasılık); ajan yazdı, 7 Ekim 2026",Sayma · kısıtlı yerleri önce doldurma,Bazı kişilerin yeri ya da seçenekleri sınırlıysa saymaya önce onları yerleştirerek başla.
secimleri_ayri_sayip_carp,"Matematik · Permütasyon, Kombinasyon, Binom · 10. Sınıf","Birbirini etkilemeyen birkaç seçim art arda yapılıyor (önce şu, sonra bu); toplam durum sayısı soruluyor",Çarpma ilkesi: işlemler art arda yapılıyor ve her adımın seçenek sayısı öncekilere bağlı değilse toplam durum = adımların seçenek sayılarının çarpımı.,Öğrenci adımları toplar ya da adımlardan birini (kimin ne aldığı gibi bir sıralamayı) saymayı unutur,İşi adımlara ayır ve her adımın seçenek sayısını yaz. Bu sayıları çarp.,Her adımdaki her seçim sonraki adımın bütün seçimleriyle birleşebildiği için durumlar çarpılarak çoğalır.,Seçeneklerden yalnız biri seçilecekse sayılar toplanır: `veya_ise_topla_ve_ise_carp`,"3 gömlek, 4 pantolon ve 2 ayakkabıyla 3 · 4 · 2 = 24 farklı kombin yapılır.","MEB 3 Adım TYT Matematik hamle verisi (7 soru: Permütasyon, Kombinasyon, Binom, Olasılık); ajan yazdı, 7 Ekim 2026",Sayma · çarpma ilkesi,Seçimler 've' ile art arda yapılıyorsa her adımı ayrı say ve çarp.
sabit_sirali_elemanlarda_bol,"Matematik · Permütasyon, Kombinasyon, Binom · 10. Sınıf","Bazı elemanların kendi arasındaki sırası önceden belli (yaşa göre, alfabetik, öndeki araç geçilemez) bir diziliş soruluyor",n elemanlı dizilişte k elemanın kendi arasındaki sırası sabitse diziliş sayısı n!/k!'dir (birkaç sabit grup varsa her grubun faktöriyeline bölünür).,Öğrenci sırası sabit elemanları da kendi arasında dizip k! ile çarpar ya da kısıtı görmeyip n! alır,Bütün elemanları serbestçe diz. Sırası sabit olan k elemanın kendi dizilişine (k!) böl.,k elemanın k! farklı sırasından yalnız biri uygundur; bu yüzden her uygun diziliş n! içinde k! kez sayılmıştır.,Özdeş harflerin tekrarında da aynı bölme yapılır: `tekrarli_permutasyon_bol`,6 kişi sıraya diziliyor ve 3 kardeş soldan sağa büyükten küçüğe olacak: 6!/3! = 120.,"MEB 3 Adım TYT Matematik hamle verisi (5 soru: Permütasyon, Kombinasyon, Binom); ajan yazdı, 7 Ekim 2026",Permütasyon · sabit sıralı elemanlar,"Bazı elemanların sırası kendiliğinden belliyse önce hepsini diz, sonra o elemanların k!'ine böl."
once_iki_kisilik_grubu_sec,"Matematik · Permütasyon, Kombinasyon, Binom · 10. Sınıf","n farklı nesne n − 1 farklı kutuya (kişiye, yere) her kutu dolu olacak biçimde dağıtılıyor","n nesne n − 1 kutuya her kutu dolu dağıtılırsa tam bir kutuya iki nesne düşer: dağılım sayısı C(n,2) · (n − 1)!.",Öğrenci bütün dağılımları (kutu sayısının kuvvetini) sayar ya da aynı kutudaki iki nesnenin sırasını da sayıp sonucu ikiye katlar,"Aynı kutuya düşecek ikiliyi C(n,2) ile seç. İkiliyi tek nesne say, n − 1 nesneyi n − 1 kutuya (n − 1)! biçimde diz ve çarp.",İkili seçilince geriye her kutuya tam bir 'nesne' düşen sıradan bir diziliş kalır.,Yan yana durma sorusunda bloğun içi sıralanır (`yan_yana_olanlari_tek_blok_say`); kutuya giren ikilinin ise içi sıralanmaz,"4 farklı top 3 farklı kutuya her kutu dolu olacak biçimde C(4,2) · 3! = 6 · 6 = 36 yolla atılır.","MEB 3 Adım TYT Matematik hamle verisi (1 soru: Permütasyon, Kombinasyon, Binom); ajan yazdı, 7 Ekim 2026; az veri",Sayma · n nesne n − 1 kutu,Nesne sayısı kutu sayısından bir fazla ve her kutu dolu olacaksa önce aynı kutuya düşecek ikiliyi seç.
yan_yana_olanlari_tek_blok_say,"Matematik · Permütasyon, Kombinasyon, Binom · 10. Sınıf",Diziliş sorusunda belli kişilerin yan yana olması (ya da olmaması) isteniyor,Yan yana olacak k kişi tek blok sayılır: n kişide (n − k + 1)! · k! diziliş. 'Yan yana olmasın' = bütün dizilişler − yan yana olanlar.,Öğrenci blok içindeki yer değiştirmeyi (k!) unutur ya da bloğun yerleşebileceği farklı yerleri (koltuk türleri gibi) ayrı ayrı saymaz,Yan yana olacakları tek blok yap ve bloğu diğerleriyle diz. Blok içini kendi arasında dizip çarp; 'olmasın' isteniyorsa bunu tüm dizilişlerden çıkar.,"Blok, yan yana olma koşulunu kendiliğinden sağlar; iç sıralama da sayılınca her diziliş tam bir kez sayılmış olur.",Kişilerin yalnız sırası belli ama bitişik olmaları gerekmiyorsa `sabit_sirali_elemanlarda_bol`,6 kitaptan belli 2'si yan yana dizilecekse 5! · 2! = 240; yan yana olmadıkları dizilişler 720 − 240 = 480.,"MEB 3 Adım TYT Matematik hamle verisi (5 soru: Permütasyon, Kombinasyon, Binom, Olasılık); ajan yazdı, 7 Ekim 2026",Permütasyon · blok yöntemi,'Yan yana' ifadesini görünce o kişileri tek blok yap; 'yan yana olmasın' için tümden çıkar.
veya_ise_topla_ve_ise_carp,"Matematik · Permütasyon, Kombinasyon, Binom · 10. Sınıf",Farklı türdeki seçeneklerden yalnız birinin seçileceği (ya … ya …) ya da art arda seçimlerin yapılacağı belirtilmiş,Toplama ilkesi: ayrık seçeneklerden yalnız biri seçilecekse sayılar toplanır. Çarpma ilkesi: seçimler art arda yapılıyorsa sayılar çarpılır.,Öğrenci yalnız birinin seçileceği durumda seçenek sayılarını çarpar,"Seçimin tek mi, art arda mı yapıldığına karar ver. Tek seçimse grupların sayılarını topla, art ardaysa çarp.",Tek seçimde her seçenek ayrı bir sonuçtur; art arda seçimde ise her birleşim ayrı bir sonuçtur.,Art arda bağımsız seçimler için `secimleri_ayri_sayip_carp`,"4 roman ve 6 hikâye kitabından yalnız bir kitap 4 + 6 = 10 yolla, bir roman ile bir hikâye 4 · 6 = 24 yolla seçilir.","MEB 3 Adım TYT Matematik hamle verisi (1 soru: Permütasyon, Kombinasyon, Binom); ajan yazdı, 7 Ekim 2026; az veri",Sayma · toplama ve çarpma ilkesi,"'Ya biri ya öteki' ise topla, 'hem biri hem öteki' ise çarp."
binom_genel_terimini_yaz,"Matematik · Permütasyon, Kombinasyon, Binom · 10. Sınıf","(a + b)ⁿ açılımında belli bir terim, katsayı, sabit terim ya da x'in belli bir kuvvetinin katsayısı soruluyor","(a + b)ⁿ açılımında baştan (k + 1). terim C(n,k) · aⁿ⁻ᵏ · bᵏ'dir (k = 0, 1, …, n); b negatifse bᵏ işaretiyle birlikte alınır.","Öğrenci terim sırasını k ile karıştırır, katsayıların kuvvetini ya da eksi işaretini unutur, üsleri toplamak yerine çarpar","Genel terimi C(n,k) · aⁿ⁻ᵏ · bᵏ diye yaz ve x'in üssünü k cinsinden bul. Bunu istenen üsse (sabit terimde 0'a) eşitleyip k'yi bul, katsayıyı işaretiyle hesapla.",Bütün terimler aynı kalıptan geldiği için k'yi bulmak açılımı yazmadan istenen terime götürür.,Yalnız terim sayısı soruluyorsa `kuvvetten_terim_sayisini_bul`,"(x − 2)⁶ açılımında x⁴'lü terim k = 2 için C(6,2) · x⁴ · (−2)² = 60x⁴ olur.","MEB 3 Adım TYT Matematik hamle verisi (3 soru: Permütasyon, Kombinasyon, Binom, Olasılık); ajan yazdı, 7 Ekim 2026",Binom · genel terim,"Açılımda tek bir terim soruluyorsa açılımı yazma, genel terimden k'yi bul."
kuvvetten_terim_sayisini_bul,"Matematik · Permütasyon, Kombinasyon, Binom · 10. Sınıf",Binom açılımının terim sayısı verilmiş ya da soruluyor; üsteki bilinmeyen bulunacak,(a + b)ⁿ açılımında (a ile b benzer terim değilken) n + 1 terim vardır.,Öğrenci terim sayısını doğrudan üsse eşitler,Terim sayısından 1 çıkararak üssü bul. Üs bir ifadeyse bu değere eşitleyip bilinmeyeni çöz.,k = 0'dan n'ye kadar her k bir terim verdiği için n + 1 terim oluşur.,Belli bir terimin katsayısı isteniyorsa `binom_genel_terimini_yaz`,"(x + y)^(3m − 1) açılımında 12 terim varsa 3m − 1 = 11, m = 4 olur.","MEB 3 Adım TYT Matematik hamle verisi (1 soru: Permütasyon, Kombinasyon, Binom); ajan yazdı, 7 Ekim 2026; az veri",Binom · terim sayısı,Terim sayısı verilmişse önce üssü 'terim sayısı − 1' olarak yaz.
siranin_onemini_kontrol_et,"Matematik · Permütasyon, Kombinasyon, Binom · 10. Sınıf","Seçilenler farklı görevlere, yerlere ya da kişilere gidiyor olabilir; seçim veya dağıtım sayısı soruluyor","Seçilenler farklı rollere atanıyorsa (sıra önemli) P(n,r) = n!/(n − r)!, yalnız bir grup oluşturuluyorsa (sıra önemsiz) C(n,r) = n!/(r!(n − r)!).",Öğrenci kimin neyi aldığını (sıralamayı) unutur ya da çift içindeki yer değiştirmeyi saymaz,"Seçilen iki elemanın yerini değiştir ve yeni bir durum oluşup oluşmadığını sor. Oluşuyorsa permütasyon, oluşmuyorsa kombinasyon kullan.",Rol farkı varsa aynı kişilerin farklı dağılımı farklı bir sonuçtur; rol yoksa aynı gruptur.,Eşit büyüklükte adsız gruplar oluşturuluyorsa ayrıca bölünür: `adsiz_gruplarda_bol`,"8 kişiden başkan ve yardımcı P(8,2) = 56 yolla, iki kişilik komite C(8,2) = 28 yolla seçilir.","MEB 3 Adım TYT Matematik hamle verisi (7 soru: Permütasyon, Kombinasyon, Binom); ajan yazdı, 7 Ekim 2026",Sayma · permütasyon mu kombinasyon mu,"Seçtiklerinin yerini değiştirince sonuç değişiyorsa permütasyon, değişmiyorsa kombinasyon kullan."
kombinasyon_simetrisini_kullan,"Matematik · Permütasyon, Kombinasyon, Binom · 10. Sınıf","Alt indisleri farklı iki kombinasyonun eşitliği verilmiş: C(n,a) = C(n,b)","C(n,r) = C(n, n − r) olduğundan C(n,a) = C(n,b) ve a ≠ b ise a + b = n'dir.",Öğrenci a = b olması gerektiğini sanıp takılır ya da n'yi alt indislerin farkı alır,Alt indisleri topla ve n'yi bul. İstenen kombinasyonu bu n ile hesapla.,"n elemandan r eleman seçmek, dışarıda kalacak n − r elemanı seçmekle aynı sayıdadır.",Bir satırdaki bütün kombinasyonların toplamı soruluyorsa `pascal_satirini_2_ussu_olarak_topla`,"C(n,2) = C(n,7) ise n = 9 ve C(9,2) = 36 olur.","MEB 3 Adım TYT Matematik hamle verisi (2 soru: Permütasyon, Kombinasyon, Binom); ajan yazdı, 7 Ekim 2026",Kombinasyon · simetri,Alt indisleri farklı iki kombinasyon eşitse hemen alt indisleri toplayıp n'yi bul.
tekrarli_permutasyon_bol,"Matematik · Permütasyon, Kombinasyon, Binom · 10. Sınıf","Dizilecek elemanlar arasında birbirinin aynısı olanlar var (aynı harfler, özdeş nesneler) ya da her grubun iç sırası sabit","n elemandan n₁, n₂, … tanesi kendi arasında özdeşse diziliş sayısı n!/(n₁! · n₂! · …).",Öğrenci tekrarları görmeyip n! alır ya da bir tekrar grubunu bölmeyi unutur,Toplam eleman sayısının faktöriyelini yaz. Her tekrar eden (ya da sırası sabit) grubun eleman sayısının faktöriyeline böl.,Özdeş elemanların yer değiştirmesi yeni bir diziliş oluşturmaz; bu fazla sayımlar faktöriyellere bölünerek atılır.,Farklı ama sırası sabit elemanlarda da aynı bölme yapılır: `sabit_sirali_elemanlarda_bol`,"ANANAS kelimesinin harfleri (3 A, 2 N, 1 S) 6!/(3! · 2!) = 60 farklı biçimde dizilir.","MEB 3 Adım TYT Matematik hamle verisi (2 soru: Permütasyon, Kombinasyon, Binom); ajan yazdı, 7 Ekim 2026",Permütasyon · tekrarlı,Dizilecekler arasında aynı olanlar varsa n!'i tekrar sayılarının faktöriyellerine böl.
ara_noktada_parcala_carp,Matematik · Olasılık · 10. Sınıf,Kareli yolda ya da ızgarada en kısa yolların belli bir noktadan geçmesi isteniyor; yol sayısı ya da olasılık soruluyor,A'dan C'ye B üzerinden giden en kısa yol sayısı = (A→B yol sayısı) · (B→C yol sayısı); her parçanın yol sayısı kendi sağ/yukarı adımlarının tekrarlı permütasyonudur.,Öğrenci B'den geçmeyen yolları da sayar ya da adım sayılarını şekilden yanlış okur,Yolu ara noktada ikiye böl. Her parçadaki sağ ve yukarı adımları sayıp yol sayılarını bul ve çarp; olasılık isteniyorsa bütün en kısa yolların sayısına böl.,B'den geçen her yol bir ilk parça ile bir ikinci parçanın birleşimidir; iki seçim bağımsız olduğu için çarpılır.,Ara nokta şartı yoksa yol sayısı doğrudan adımların dizilişinden bulunur; olasılık için sonuç tüm yollara bölünür (`istenen_durumlari_say_tume_bol`),"A'dan B'ye 2 sağ 1 yukarı, B'den C'ye 2 sağ 2 yukarı gidiliyorsa B'den geçen yollar C(3,1) · C(4,2) = 3 · 6 = 18 tanedir.","MEB 3 Adım TYT Matematik hamle verisi (3 soru: Olasılık, Permütasyon, Kombinasyon, Binom); ajan yazdı, 7 Ekim 2026",Sayma · ara noktadan geçen yol,"Yolun bir noktadan geçmesi şartsa yolu o noktada böl, iki parçayı ayrı sayıp çarp."
en_kisa_yolu_adim_harfleriyle_say,"Matematik · Permütasyon, Kombinasyon, Binom · 10. Sınıf","Izgara, kareli sokak ya da petek üzerinde iki nokta arasındaki en kısa yolların sayısı soruluyor","a sağ ve b yukarı adımla gidilen en kısa yolların sayısı (a + b)!/(a! · b!) = C(a + b, a)'dır.","Öğrenci adım sayılarını şekilden yanlış sayar, gidiş ile dönüşü çarpmak yerine toplar ya da izin verilmeyen bölgeleri hesaba katmaz","Gereken sağ ve yukarı adım sayılarını yaz. Bu harflerin (S, Y) dizilişlerini tekrarlı permütasyonla say.","Her en kısa yol, belli sayıda S ve Y harfinin bir dizilişine tam olarak karşılık gelir.",Belli bir noktadan geçme şartı varsa `ara_noktada_parcala_carp`,5 sağ ve 2 yukarı adımla gidilecekse 7!/(5! · 2!) = 21 en kısa yol vardır.,"MEB 3 Adım TYT Matematik hamle verisi (4 soru: Permütasyon, Kombinasyon, Binom, Olasılık); ajan yazdı, 7 Ekim 2026",Sayma · en kısa yol,"En kısa yol soruluyorsa yolları çizme, sağ ve yukarı adımları sayıp harf dizilişi olarak hesapla."
dogrusal_noktalari_ucgenden_cikar,"Matematik · Permütasyon, Kombinasyon, Binom · 10. Sınıf",Bazıları aynı doğru üzerinde olan noktalar verilmiş; köşeleri bu noktalardan seçilen üçgen sayısı soruluyor,"Üçgen sayısı = C(n,3) − Σ C(kᵢ,3); kᵢ aynı doğru üzerindeki nokta sayılarıdır, çünkü doğrusal üç nokta üçgen oluşturmaz.",Öğrenci doğrusal üçlüleri çıkarmayı unutur ya da iki doğrunun kesişim noktasını iki kez sayar,"Bütün üçlüleri C(n,3) ile say. Her doğrunun üzerindeki noktalardan seçilen üçlüleri çıkar.","Aynı doğrudaki üç nokta bir doğru parçası verir, alanı sıfırdır; üçgen değildir.",Köşeler için ek bir koşul (tam iki köşe çemberde gibi) varsa önce koşullu gruplardan ayrı seçilir: `kisitli_yerleri_once_doldur`,"8 noktadan yalnız 4'ü aynı doğrudaysa ve başka doğrusal üçlü yoksa üçgen sayısı C(8,3) − C(4,3) = 56 − 4 = 52 olur.","MEB 3 Adım TYT Matematik hamle verisi (2 soru: Permütasyon, Kombinasyon, Binom); ajan yazdı, 7 Ekim 2026",Kombinasyon · üçgen sayısı,"Noktaların bir kısmı aynı doğrudaysa C(n,3)'ten o doğrudaki üçlüleri çıkarmayı unutma."
pascal_satirini_2_ussu_olarak_topla,"Matematik · Permütasyon, Kombinasyon, Binom · 10. Sınıf",Pascal üçgeninde bir satırın toplamı verilmiş ya da soruluyor; ya da her adımda iki seçeneğin olduğu bir sayım isteniyor,"C(n,0) + C(n,1) + … + C(n,n) = 2ⁿ; en üstteki 1 sıfırıncı satırdır, n. satır C(n,0)'dan başlar.",Öğrenci satır numarasını bir kaydırır (n. satırı n + 1. satır sanır) ya da bir adımdaki seçenekleri saymayı unutur,"Satır toplamını 2ⁿ'e eşitleyip n'yi bul. Satırı C(n,0), C(n,1), … diye yaz ve istenen terimleri topla ya da çıkar.",Her eleman ya seçilir ya seçilmez; bütün seçimlerin sayısı 2ⁿ olduğundan satırdaki kombinasyonların toplamı da 2ⁿ'dir.,İki kombinasyonun eşitliği verilmişse `kombinasyon_simetrisini_kullan`,Pascal üçgeninde satır toplamı 64 ise bu 6. satırdır; baştaki ve sondaki 1'ler dışındaki sayıların toplamı 64 − 2 = 62 olur.,"MEB 3 Adım TYT Matematik hamle verisi (2 soru: Permütasyon, Kombinasyon, Binom); ajan yazdı, 7 Ekim 2026",Binom · Pascal satır toplamı,Pascal satırının toplamı ya da bütün alt küme sayısı geçiyorsa 2ⁿ'i düşün.
adsiz_gruplarda_bol,"Matematik · Permütasyon, Kombinasyon, Binom · 10. Sınıf",Kişiler eşit büyüklükte gruplara ya da takımlara ayrılıyor ve grupların adı/yeri belirtilmemiş,k tane eşit büyüklükte adsız grup oluşturulurken sırayla seçimle bulunan sayı k!'e bölünür; gruplar sonra farklı yerlere atanıyorsa atama ayrıca çarpılır.,Öğrenci takımları adlandırılmış sayıp k!'e bölmez ya da grupları gereksiz yere eşleştirerek fazla sayar,Grupları sırayla seç ve seçim sayılarını çarp. Gruplar adsızsa grup sayısının faktöriyeline böl; sonra farklı yerlere gidiyorlarsa atamayı ayrıca çarp.,"Adsız gruplarda aynı bölünüş, grupların seçilme sırası kadar (k! kez) sayılmıştır.",Seçilenler farklı rollere gidiyorsa bölme yapılmaz: `siranin_onemini_kontrol_et`,"6 kişi ikişerli 3 adsız gruba C(6,2) · C(4,2) · C(2,2)/3! = 90/6 = 15 yolla ayrılır.","MEB 3 Adım TYT Matematik hamle verisi (2 soru: Permütasyon, Kombinasyon, Binom); ajan yazdı, 7 Ekim 2026",Kombinasyon · adsız gruplar,Eşit büyüklükte gruplar oluşturuluyorsa grupların adı var mı bak; yoksa grup sayısının faktöriyeline böl.
toplam_gorevi_kisilere_bol,"Matematik · Permütasyon, Kombinasyon, Binom · 10. Sınıf","Belli sayıda iş ya da sınav, her birinde kaç görevli olacağı ve görevi eşit paylaşacak kişi sayısı verilmiş; kişi başına görev soruluyor",Toplam görev = iş sayısı × her işteki görevli sayısı; eşit paylaşımda kişi başına görev = toplam görev / kişi sayısı.,"Öğrenci bir işe birden çok görevli gittiğini ya da birden çok grup (sınıf, hafta) olduğunu hesaba katmaz",Bütün işlerin sayısını her işteki görevli sayısıyla çarparak toplam görevi bul. Bu toplamı kişi sayısına böl.,Eşit dağılımda her kişi toplamın aynı payını alır; önce toplamı doğru bulmak yeter.,Kimin hangi görevi alacağının kaç yolla seçileceği soruluyorsa `secimleri_ayri_sayip_carp`,12 hafta boyunca her hafta 3 nöbet ve her nöbette 2 kişi varsa 72 görev olur; 8 kişiye eşit dağıtılınca kişi başına 9 nöbet düşer.,"MEB 3 Adım TYT Matematik hamle verisi (1 soru: Permütasyon, Kombinasyon, Binom); ajan yazdı, 7 Ekim 2026; az veri",Problemler · eşit görev dağılımı,"Görevin eşit paylaşıldığı bir soruda önce toplam görev sayısını bul, sonra kişi sayısına böl."
ikili_kesisim_sayisini_topla,"Matematik · Permütasyon, Kombinasyon, Binom · 10. Sınıf","Birkaç doğru, çember, çokgen gibi şekil verilmiş; en çok kaç noktada kesişebilecekleri soruluyor","En çok kesişim = Σ (bir türden çift sayısı × o çiftin en çok kesişimi): iki doğru 1, doğru-çember 2, iki çember 2, iki dörtgen 8, dörtgen-çember 8 noktada kesişebilir.",Öğrenci aynı tür şekillerin kendi aralarındaki kesişimini unutur ya da çift sayısını yanlış hesaplar,"Şekil çiftlerini türlerine göre ayır; aynı türden çiftleri C(n,2), farklı türden çiftleri çarpımla say. Her çift sayısını o çiftin en çok kesişimiyle çarpıp topla.",Her kesişim noktası iki şeklin buluştuğu yerdir; en çok durumda farklı çiftlerin noktaları çakışmaz.,Seçilen noktalarla üçgen sayma ayrı bir sorudur: `dogrusal_noktalari_ucgenden_cikar`,"4 doğru ve 2 çember: doğru-doğru C(4,2) · 1 = 6, çember-çember 1 · 2 = 2, doğru-çember 8 · 2 = 16 → en çok 24 nokta.","MEB 3 Adım TYT Matematik hamle verisi (1 soru: Permütasyon, Kombinasyon, Binom); ajan yazdı, 7 Ekim 2026; az veri",Kombinasyon · en çok kesişim,"En çok kesişim soruluyorsa şekilleri çiftlere ayır, her çift türünün kesişim sayısını çarp ve topla."
her_adimda_secenekleri_carp,"Matematik · Permütasyon, Kombinasyon, Binom · 10. Sınıf","Adım adım ilerleyen bir hareket (basamak inme, yol seçme) var ve her adımda belli sayıda seçenek veriliyor; toplam yol sayısı soruluyor",Her adımdaki seçenek sayısı önceki seçimlere bağlı değilse toplam yol = adımların seçenek sayılarının çarpımı.,Öğrenci son adımdaki ya da bir ara adımdaki seçenekleri saymayı unutur,Her adımı sırayla yaz ve yanına seçenek sayısını koy. Bütün adımların sayılarını çarp.,"Bir adımın her seçimi, sonraki adımların bütün seçimleriyle birleşebilir.",Izgarada en kısa yolda adımların sırası seçilir: `en_kisa_yolu_adim_harfleriyle_say`,Her katta 3 merdivenden biri seçilerek 4 kat inen biri 3⁴ = 81 farklı yol izleyebilir.,"MEB 3 Adım TYT Matematik hamle verisi (1 soru: Permütasyon, Kombinasyon, Binom); ajan yazdı, 7 Ekim 2026; az veri",Sayma · adım adım çarpma,Hareket adımlara bölünüyor ve her adımın seçenek sayısı belliyse seçenekleri çarp.
olasiligi_sayi_oranina_cevir,Matematik · Olasılık · 10. Sınıf,Bir olayın olasılığı ya da iki olasılık arasındaki ilişki verilmiş; bilinmeyen eleman sayısı soruluyor,Eşit olası durumlarda olasılık = istenen durum sayısı / tüm durum sayısı; olasılık verilince bu oran bir denklem olarak kurulur.,Öğrenci örnek uzayı yalnız istenen grup sanır ya da olasılıktaki pay ve paydayı doğrudan eleman sayısı sanır,Bilinmeyeni x diye adlandır ve istenen/toplam oranını x cinsinden yaz. Verilen olasılığa eşitleyip x'i çöz.,Olasılık bir sayı oranı olduğu için verilen olasılık doğrudan bir orantı denklemi verir.,Sayılar belli olup olasılık isteniyorsa `istenen_durumlari_say_tume_bol`,Torbada 6 kırmızı ve x mavi top var; mavi çekme olasılığı 3/5 ise x/(6 + x) = 3/5 → x = 9.,"MEB 3 Adım TYT Matematik hamle verisi (5 soru: Olasılık); ajan yazdı, 7 Ekim 2026",Olasılık · orandan sayı bulma,Olasılık verilip bir sayı soruluyorsa istenen/toplam oranını bilinmeyenle yazıp eşitle.
istenen_durumlari_say_tume_bol,Matematik · Olasılık · 10. Sınıf,"Eşit olası durumların olduğu bir deney (seçim, atış, çekiliş) verilmiş; belli bir olayın olasılığı soruluyor",P(A) = s(A)/s(E); pay ve payda aynı biçimde (ikisi de sıralı ya da ikisi de sırasız) sayılmalıdır.,"Öğrenci paydada sıralı, payda sırasız sayar ya da örnek uzayı yanlış kurar (çarpım yerine toplam almak gibi)",Önce örnek uzaydaki bütün eşit olası durumları say. Aynı yöntemle istenen durumları say ve oranla.,Olasılık ancak eşit olası durumlar aynı ölçüyle sayılınca doğru çıkar.,'En az bir' gibi olaylarda tümleyen daha kısadır: `tumleyen_olayi_cikar`,"Sıradaki 6 sandalyeden rastgele 2'si seçiliyor; yan yana olma olasılığı 5/C(6,2) = 5/15 = 1/3.","MEB 3 Adım TYT Matematik hamle verisi (11 soru: Olasılık); ajan yazdı, 7 Ekim 2026",Olasılık · sayarak oran,"Olasılık sorusunda önce bütün durumları say, istenenleri aynı biçimde sayıp böl."
tumleyen_olayi_cikar,Matematik · Olasılık · 10. Sınıf,"Olasılık sorusunda 'en az bir', 'farklı', 'en az birinin farklı olması' gibi çok durumlu bir olay soruluyor","P(A) = 1 − P(A'); tümleyen olay (hiç olmaması, hepsinin aynı olması) genelde daha az durum içerir.",Öğrenci 'en az bir'i 'tam bir' sanır ya da tümleyeni yanlış kurar,"İstenen olayın tersini (hiç, hepsi aynı) yaz ve olasılığını bul. Bunu 1'den çıkar.",Bir olay ile tümleyeninin olasılıkları toplamı 1'dir; az durumlu tarafı hesaplamak daha kısadır.,Ayrık olaylardan birinin olasılığı doğrudan toplanır: `ayrik_olaylari_topla`,Bir zar 2 kez atılıyor; en az bir kez 6 gelme olasılığı 1 − (5/6)² = 11/36.,"MEB 3 Adım TYT Matematik hamle verisi (4 soru: Olasılık); ajan yazdı, 7 Ekim 2026",Olasılık · tümleyen,"'En az bir' ya da 'farklı' görürsen önce tersini hesapla, sonra 1'den çıkar."
kalani_secilen_gibi_dusun,Matematik · Olasılık · 10. Sınıf,Torbadan birkaç nesne çekilince geriye tek nesne kalıyor; kalanın rengi ya da özelliği soruluyor,Rastgele çekilişte torbada kalan nesne de rastgele bir nesnedir; kalanın belli bir renkte olma olasılığı = o renkteki sayı / toplam sayı.,Öğrenci çekilen grupları tek tek sayarak uzun ve hataya açık bir hesaba girer,Kalan nesneyi 'seçilen tek nesne' gibi düşün. O renkteki nesne sayısını toplam nesne sayısına böl.,"Hangi nesnenin dışarıda kalacağı, hangisinin seçileceği kadar rastgeledir; bu simetri hesabı kısaltır.",Çekilenlerin kendisi soruluyorsa `kombinasyonla_olumlu_durumu_say`,3 sarı ve 2 yeşil bilyeden 4'ü çekiliyor; kalan bilyenin yeşil olma olasılığı 2/5'tir.,"MEB 3 Adım TYT Matematik hamle verisi (1 soru: Olasılık); ajan yazdı, 7 Ekim 2026; az veri",Olasılık · simetri,Çekilişten sonra geriye kalan tek nesne soruluyorsa onu tek çekilen nesne gibi düşün.
bagimsiz_olaylari_carp,Matematik · Olasılık · 10. Sınıf,"Birbirini etkilemeyen olayların (iki sınav, iki atış, iki torba) olasılıkları verilmiş; birlikte ya da yalnız birinin gerçekleşmesi soruluyor",A ve B bağımsızsa P(A ∩ B) = P(A) · P(B); olmama olasılığı 1 − p'dir. Yalnız birinin olması = P(A)(1 − P(B)) + (1 − P(A))P(B).,Öğrenci 'yalnız biri' durumunda öbürünün olmama olasılığıyla çarpmayı unutur,"Her durumu 'olur/olmaz' diye yaz ve her olaya p ya da 1 − p koy. Bir durumun olasılıklarını çarp, istenen durumları topla.",Bağımsız olaylarda biri ötekinin olasılığını değiştirmez; birlikte olma olasılığı bu yüzden çarpımdır.,Aynı anda olamayan olayların 'veya'sı toplanır: `ayrik_olaylari_topla`,"A'nın geçme olasılığı 1/2, B'ninki 1/3 ise yalnız birinin geçmesi 1/2 · 2/3 + 1/2 · 1/3 = 1/2 olur.","MEB 3 Adım TYT Matematik hamle verisi (6 soru: Olasılık); ajan yazdı, 7 Ekim 2026",Olasılık · bağımsız olaylar,Olaylar birbirini etkilemiyorsa olasılıkları çarp; 'olmama'yı 1 − p ile hesaba kat.
iki_kosulu_birlikte_saglayanlari_bul,Matematik · Olasılık · 10. Sınıf,İstenen eleman aynı anda iki koşulu sağlamalı (iki kümede birden bulunmalı),Hem A hem B koşulunu sağlayan elemanlar A ∩ B'dedir; sayıları s(A ∩ B)'dir.,Öğrenci örnek uzayı kümelerin eleman sayılarını toplayarak kurar ya da yalnız bir koşula bakar,İki kümenin ortak elemanlarını bul. Olasılık soruluyorsa bu sayıyı bütün durumların sayısına böl.,İki koşulu birlikte sağlamak kesişimde bulunmakla aynı şeydir.,Bütün durumların sayısı için `istenen_durumlari_say_tume_bol`,"A = {1, 2, 3, 4}, B = {3, 4, 5} ise A × B'den seçilen bir elemanın (a, a) biçiminde olma olasılığı 2/12 = 1/6.","MEB 3 Adım TYT Matematik hamle verisi (1 soru: Olasılık); ajan yazdı, 7 Ekim 2026; az veri",Kümeler · kesişim,Bir eleman iki koşulu birden sağlayacaksa önce kesişimi bul.
kombinasyonla_olumlu_durumu_say,Matematik · Olasılık · 10. Sınıf,"Bir topluluktan sırasız birkaç eleman seçiliyor (ekip, çekiliş, alt küme); 'tam', 'en az' ya da 'en çok' koşullu bir olasılık soruluyor","Sırasız seçimde olumlu durum sayısı her gruptan seçilenlerin kombinasyonlarının çarpımıdır; P = olumlu / C(n,r). 'En az k' için k, k + 1, … durumları ayrı sayılıp toplanır.","Öğrenci 'en az iki'de daha büyük durumları unutur, payı eksik kurar ya da boş küme gibi uç durumları atlar","Koşulu sağlayan durumları gruplara göre ayır (2 kız + 1 erkek, 3 kız gibi). Her durumu kombinasyonla say, topla ve C(n,r)'ye böl.",Pay ve payda aynı sırasız yöntemle sayılınca eşit olası durumlar korunur.,Durum sayısı çoksa tümleyen daha kısa olabilir: `tumleyen_olayi_cikar`,"4 kız ve 3 erkekten 3 kişi seçiliyor; en az 2 kız olma olasılığı [C(4,2) · 3 + C(4,3)]/C(7,3) = 22/35.","MEB 3 Adım TYT Matematik hamle verisi (9 soru: Olasılık); ajan yazdı, 7 Ekim 2026",Olasılık · kombinasyonla sayma,Sırasız seçimde 'en az' ya da 'tam' koşulu varsa durumları gruplara ayırıp kombinasyonla say.
ayrik_olaylari_topla,Matematik · Olasılık · 10. Sınıf,Aynı anda gerçekleşemeyen olaylardan birinin ya da ötekinin olasılığı soruluyor; ya da tümleyenlerin kesişimi verilmiş,A ∩ B = ∅ ise P(A ∪ B) = P(A) + P(B); her durumda P(A ∪ B) = 1 − P(A' ∩ B').,Öğrenci 'veya' olasılığında olasılıkları çarpar ya da A' ∩ B' ile tek bir tümleyeni karıştırır,Olayların ayrık olduğunu kontrol et ve olasılıklarını topla. Tümleyenlerin kesişimi verilmişse onu 1'den çıkararak birleşimi bul.,Ayrık olayların ortak durumu olmadığından hiçbir durum iki kez sayılmaz; olasılıklar doğrudan toplanır.,Bağımsız olayların birlikte olması çarpılır: `bagimsiz_olaylari_carp`,"Torbada 4 kırmızı, 3 mavi, 5 beyaz top var; çekilen topun kırmızı ya da mavi olma olasılığı (4 + 3)/12 = 7/12.","MEB 3 Adım TYT Matematik hamle verisi (2 soru: Olasılık); ajan yazdı, 7 Ekim 2026",Olasılık · ayrık olaylar,'Ya biri ya öteki' isteniyor ve ikisi birlikte olamıyorsa olasılıkları topla.
istenen_alani_toplam_alana_oranla,Matematik · Olasılık · 10. Sınıf,"Bir bölgeden rastgele bir nokta seçiliyor; noktanın belli bir alt bölgede (köşeye yakın, iç bölge) olma olasılığı soruluyor","Geometrik olasılık = istenen bölgenin alanı / tüm bölgenin alanı. Çokgenin köşelerindeki eşit yarıçaplı daire dilimleri, açıları toplamı iç açılar toplamı olan tek bir dilim gibi hesaplanır.",Öğrenci daire dilimleri yerine tam daireleri alır ya da kenar oranını alan oranı sanır,İstenen bölgenin alanını bul; köşe dilimlerini açılarını toplayarak tek parça yap. Bu alanı tüm alana bölerek olasılığı yaz.,Nokta rastgele seçildiğinde eşit alanlı her parçaya düşme şansı eşittir.,Sayılabilir durumlarda alan değil durum sayısı oranlanır: `istenen_durumlari_say_tume_bol`,"Kenarı 6 olan karede köşelere 2 birimden yakın bölge 4 çeyrek daire, yani π · 2² = 4π eder; olasılık 4π/36 = π/9.","MEB 3 Adım TYT Matematik hamle verisi (1 soru: Olasılık); ajan yazdı, 7 Ekim 2026; az veri",Olasılık · alan oranı,"Rastgele nokta seçimi varsa durum saymaya çalışma, alanları oranla."
kosuldan_olasi_durumlari_ele,Matematik · Olasılık · 10. Sınıf,"Gözlemler ya da ek bilgiler (bulaştı/bulaşmadı, kazandı/kaybetti) verilmiş; bu bilgiye göre kalan durumların olasılığı soruluyor",Verilen koşul örnek uzayı daraltır: P = hem koşulu hem isteneni sağlayan durumlar / koşulu sağlayan durumlar.,Öğrenci gözlemlerin hangi durumları elediğini düşünmeden bütün durumları sayar ya da tek bir durum arar,Her gözlemin hangi durumları imkânsız kıldığını yaz ve onları ele. Kalan durumlar arasında istenenleri say ve oranla.,Bilgi geldikten sonra yalnız onunla uyumlu durumlar mümkündür; olasılık bu küçülmüş uzayda hesaplanır.,Koşulsuz olasılık için `istenen_durumlari_say_tume_bol`,"Bir zar atılıyor ve sonucun çift olduğu biliniyor; 4'ten büyük olma olasılığı {6} / {2, 4, 6} = 1/3.","MEB 3 Adım TYT Matematik hamle verisi (1 soru: Olasılık); ajan yazdı, 7 Ekim 2026; az veri",Olasılık · koşulla eleme,Soruda 'biliniyor ki' ya da bir gözlem sonucu varsa önce o bilgiyle uyumsuz durumları ele.
goruntu_kumesini_bul_kapsayani_sec,Matematik · Fonksiyon Kavramı ve Özellikleri · 10. Sınıf,"Tanım kümesi bir aralık olan fonksiyon verilmiş; değer kümesi olabilecek küme ya da içine, örten, bire bir yargıları soruluyor","f: A → B fonksiyonunda görüntü kümesi f(A) ⊆ B olmalıdır; f(A) = B ise f örtendir, değilse içinedir. İkinci derece fonksiyonda aralıktaki en küçük ve en büyük değerler tepe noktasından ve uçlardan gelir.",Öğrenci yalnız uç değerleri yerine koyup tepe noktasını unutur ya da değerlerin tekrar edip etmediğine bakmaz,"Aralığın uçlarındaki değerleri ve tepe noktası aralıktaysa oradaki değeri hesapla, görüntü kümesini yaz. Değer kümesinin bunu kapsadığını, örtenlik için eşit olduğunu kontrol et.",Fonksiyonun aldığı her değer değer kümesinde bulunmak zorundadır; görüntüyü bulmak bu kontrolü doğrudan yapar.,Bire bir olmak farklı girdilerin farklı görüntü vermesidir; görüntünün değer kümesine eşit olması (örtenlik) ile karıştırma,"f(x) = (x − 2)² + 1, [0, 3] aralığında: tepe f(2) = 1, uçlar f(0) = 5, f(3) = 2 → görüntü kümesi [1, 5].","MEB 3 Adım TYT Matematik hamle verisi (3 soru: Fonksiyon Kavramı ve Özellikleri); ajan yazdı, 7 Ekim 2026",Fonksiyon · görüntü kümesi,Tanım aralığı verilip değer kümesi soruluyorsa önce uçları ve tepe noktasını hesaplayıp görüntüyü bul.
ici_degiskene_benzet,Matematik · Fonksiyon Kavramı ve Özellikleri · 10. Sınıf,f(ifade) = … biçiminde bir eşitlik ya da bileşke verilmiş; f(x) veya f'nin belli bir değeri soruluyor,f(g(x)) = h(x) ise f(a) için g(x) = a yapan x değeri yerine konur; f(x) için sağ taraf g(x) cinsinden yazılıp g(x) yerine x konur.,Öğrenci istenen sayıyı doğrudan x yerine koyar ya da içteki ifadeyi değiştirmeden yalnız bir tarafı değiştirir,"İçteki ifadeyi istenen sayıya eşitleyip x'i bul ve yerine koy. f(x) isteniyorsa sağ tarafı iç ifade cinsinden yaz, sonra iç ifadeyi x ile değiştir.",f yalnız kendi girdisine bakar; girdinin hangi x'ten geldiği önemli değildir.,Fonksiyon birim fonksiyonsa sağ taraf doğrudan iç ifadeye eşittir: `birim_fonksiyonda_ic_aynen_cikar`,f(2x − 1) = 6x + 5 ise f(7) için 2x − 1 = 7 → x = 4 ve f(7) = 29 olur.,"MEB 3 Adım TYT Matematik hamle verisi (7 soru: Fonksiyon Kavramı ve Özellikleri, Polinomlar ve Çarpanlara Ayırma); ajan yazdı, 7 Ekim 2026",Fonksiyon · iç ifadeye eşitleme,"f'nin içinde x yerine bir ifade varsa sayıyı x'e değil, o ifadeye eşitle."
bagintiyi_adim_adim_uygula,Matematik · Fonksiyon Kavramı ve Özellikleri · 10. Sınıf,Fonksiyonun ardışık değerleri arasında bir bağıntı ve bir başlangıç değeri verilmiş; başka bir değer soruluyor,"Ardışık değerleri bağlayan bağıntı, bilinen değerden istenen değere kadar her adımda bir kez uygulanır; hangi değerin hangisinden hesaplandığı bağıntıdan okunur.",Öğrenci bağıntıyı ters yönde kullanır ya da bir adımı atlar,Bağıntıda hangi değerin hangisinden hesaplandığını belirle. Bilinen değerden başla ve istenen değere varana kadar adım adım uygula.,Bağıntı yalnız komşu değerleri bağladığı için istenen değere zincirleme ulaşılır.,f(ifade) için açık bir formül verilmişse adım gerekmez: `ici_degiskene_benzet`,"f(x + 1) = 2f(x) − 1 ve f(1) = 3 ise f(2) = 5, f(3) = 9, f(4) = 17 olur.","MEB 3 Adım TYT Matematik hamle verisi (1 soru: Fonksiyon Kavramı ve Özellikleri); ajan yazdı, 7 Ekim 2026; az veri",Fonksiyon · ardışık bağıntı,Fonksiyonun komşu değerleri arasında bağıntı varsa bilinen değerden başlayıp adım adım ilerle.
negatif_girdiyi_tek_ciftlige_gore_cevir,Matematik · Fonksiyon Kavramı ve Özellikleri · 10. Sınıf,Tek ya da çift olduğu söylenen fonksiyonlar verilmiş; negatif girdilerdeki değerler soruluyor,"Çift fonksiyonda her x için f(−x) = f(x), tek fonksiyonda f(−x) = −f(x).","Öğrenci tek fonksiyonda işareti değiştirmeyi unutur, T(−a) = T(a) sanır","Negatif girdili değerleri pozitif girdiye çevir: çift fonksiyonda aynen, tek fonksiyonda eksiyle. Sonra pozitif girdili denklemleri çöz.",Tek-çift tanımı negatif ve pozitif girdileri birbirine bağlar; bilinmeyen sayısı azalır.,Fonksiyonun içinde bir ifade varsa önce `ici_degiskene_benzet`,"f çift, g tek ve f(2) = 5, g(2) = 3 ise f(−2) − g(−2) = 5 − (−3) = 8.","MEB 3 Adım TYT Matematik hamle verisi (1 soru: Fonksiyon Kavramı ve Özellikleri); ajan yazdı, 7 Ekim 2026; az veri",Fonksiyon · tek-çift,Tek ya da çift fonksiyon ile negatif girdi görürsen önce girdiyi pozitife çevir.
birim_fonksiyonda_ic_aynen_cikar,Matematik · Fonksiyon Kavramı ve Özellikleri · 10. Sınıf,Fonksiyonun birim (özdeşlik) fonksiyon olduğu söylenmiş; f(ifade) = … eşitliğindeki katsayılar soruluyor,Birim fonksiyonda f(x) = x olduğundan f(ifade) = ifade; sağ taraf iç ifadeyle özdeş olmalıdır.,Öğrenci sağ tarafı iç ifadeye değil x'e eşitler,Sağ tarafı iç ifadeye eşitle. Aynı dereceli terimlerin katsayılarını eşitleyerek bilinmeyenleri bul.,Birim fonksiyon girdiyi değiştirmeden verir; çıktı tam olarak girdi ifadesidir.,Katsayıların eşitlenmesi için `katsayilari_esitle`,"f birim fonksiyon ve f(3x − 2) = (a − 1)x + b ise a − 1 = 3, b = −2 → a = 4, a + b = 2.","MEB 3 Adım TYT Matematik hamle verisi (1 soru: Fonksiyon Kavramı ve Özellikleri); ajan yazdı, 7 Ekim 2026; az veri",Fonksiyon · birim fonksiyon,Birim fonksiyon geçiyorsa f'yi kaldır ve sağ tarafı içteki ifadeye eşitle.
katsayilari_esitle,Matematik · Polinomlar ve Çarpanlara Ayırma · 10. Sınıf,İki polinom ya da fonksiyon ifadesinin her x için eşit olduğu verilmiş; bilinmeyen katsayılar soruluyor,İki polinom her x için eşitse aynı dereceli terimlerin katsayıları (sabit terimler dahil) eşittir; üslü ifadelerde aynı tabanların üsleri eşitlenir.,"Öğrenci ifadeyi açmadan ya da tabanları ayırmadan uğraşır, ters fonksiyon gibi ara adımları yanlış yapar",İki tarafı da açıp aynı dereceli terimleri grupla. Karşılık gelen katsayıları eşitleyerek denklem sistemini çöz.,Her x için sıfır olan bir polinomun bütün katsayıları sıfırdır; bu yüzden eşit polinomlarda katsayılar tek tek eşittir.,Tek bir x değeri koymak yalnız bir denklem verir; birden çok bilinmeyen varsa katsayıların hepsini eşitlemek gerekir,"a(x + 2) + b(x − 1) = 5x + 4 ise a + b = 5 ve 2a − b = 4 → a = 3, b = 2.","MEB 3 Adım TYT Matematik hamle verisi (15 soru: Polinomlar ve Çarpanlara Ayırma, Fonksiyon Kavramı ve Özellikleri, İkinci Dereceden Denklemler, Karmaşık Sayılar); ajan yazdı, 7 Ekim 2026",Polinom · katsayı eşitleme,Her x için geçerli bir eşitlik görüyorsan iki tarafı açıp aynı dereceli terimlerin katsayılarını eşitle.
bire_bir_yatay_dogru_testi,Matematik · Fonksiyon Kavramı ve Özellikleri · 10. Sınıf,"Bir fonksiyonun grafiği ya da kuralı verilmiş; belli bir aralıkta bire bir, içine ya da örten olup olmadığı soruluyor","f bire birdir ⇔ her yatay doğru grafiği en çok bir kez keser (farklı girdiler farklı değer verir); f örtendir ⇔ değer kümesindeki her eleman en az bir kez alınır, yani görüntü kümesi = değer kümesi. Örten değilse içinedir",Öğrenci x² gibi çift kuvvetlerde f(a) = f(−a) olduğunu ya da grafikte değerlerin tekrar ettiğini görmez; görüntü kümesini değer kümesiyle karşılaştırmayı unutur,Grafiğe yatay doğrular çiz ya da aynı değeri veren iki farklı girdi ara. Sonra fonksiyonun o aralıkta aldığı en küçük ve en büyük değeri bulup değer kümesiyle karşılaştır.,Yatay doğrunun iki kez kesmesi iki farklı girdinin aynı çıktıyı verdiğini gösterir; aralıktaki değerlerin tamamı da örtenliği belirler.,"Dikey doğru testi bağıntının fonksiyon olup olmadığını sınar, bire birliği değil; aldığı değerleri bulmak için `goruntu_kumesini_bul_kapsayani_sec`","f: ℝ → ℝ, f(x) = x² − 4 bire bir değildir, çünkü f(2) = f(−2) = 0; en küçük değeri −4 olduğundan −5 hiç alınmaz, yani örten değil içinedir","MEB 3 Adım TYT Matematik hamle verisi (3 soru: Fonksiyon Kavramı ve Özellikleri); ajan yazdı, 7 Ekim 2026",Fonksiyon · bire bir ve örten testi,"Bire bir mi, örten mi diye soruluyorsa önce aynı değeri veren iki farklı girdi ara, sonra aldığı değerleri değer kümesiyle karşılaştır."
nokta_dogru_uzerinde_denklemi_saglar,Matematik · Fonksiyon Kavramı ve Özellikleri · 10. Sınıf,Koordinat düzleminde eğik bir doğru (ya da iki noktası) verilmiş; bir köşesi bu doğru üzerinde olan şeklin uzunluğu ya da alanı soruluyor,"Bir nokta doğrunun üzerindeyse koordinatları doğrunun denklemini sağlar; (a, 0) ve (0, b)'den geçen doğru x/a + y/b = 1'dir",Öğrenci şeklin genişliğini ve yüksekliğini birbirinden bağımsız bilinmeyenler sanır; köşenin doğruda olmasının ikisini bağladığını görmez,"Doğrunun denklemini yaz. Doğrudaki köşenin apsisine x de, ordinatını denklemden x cinsinden yaz; istenen uzunluğu ya da alanı tek değişkenle kur.","Doğru üzerindeki her noktada y, x'e bağlıdır; böylece iki bilinmeyen teke iner.","Noktanın değerini grafikten okumak (`grafikten_deger_oku`) ile karışır; burada değer okunmaz, doğru denkleminden hesaplanır","(0, 6) ve (3, 0)'dan geçen doğru y = 6 − 2x; bir köşesi orijinde, karşı köşesi bu doğruda ve x = 1'de olan dikdörtgenin yüksekliği 4, alanı 1·4 = 4 olur","MEB 3 Adım TYT Matematik hamle verisi (1 soru: Fonksiyon Kavramı ve Özellikleri); ajan yazdı, 7 Ekim 2026; az veri",Koordinat · noktayı doğru denklemine koyma,Şeklin bir köşesi eğik bir doğru üzerinde duruyorsa o köşenin y'sini doğru denkleminden x cinsinden yaz.
parcalarin_ucunu_birlestir,Matematik · Fonksiyon Kavramı ve Özellikleri · 10. Sınıf,Parçalı tanımlı bir fonksiyonun bire bir ve örten (ya da kesintisiz) olması isteniyor; parçalardan birindeki parametre soruluyor,"Parçalar aynı yönde artan (ya da azalan) ve sürekliyse, fonksiyonun bire bir ve örten olması için sınır noktasında iki parçanın aynı değeri vermesi gerekir; arada boşluk ya da çakışma olmamalıdır",Öğrenci yalnız bir parçaya bakar; sınırdaki iki değerin eşit olması gerektiğini görmez,Sınır noktasını iki parçanın kuralına da koy. Çıkan iki değeri birbirine eşitle ve parametreyi bul.,Uçlar arasında boşluk kalırsa bazı değerler hiç alınmaz (örten olmaz); uçlar üst üste binerse bazı değerler iki kez alınır (bire bir olmaz).,"Bir girdinin hangi parçaya düştüğünü seçmek (`parcanin_kosuluna_bak`) ile karışır; orada değer hesaplanır, burada sınırda iki parça eşitlenir",f(x) = 2x + 1 (x < 3) ve f(x) = x + k (x ≥ 3) bire bir ve örten olsun: 2·3 + 1 = 3 + k → k = 4,"MEB 3 Adım TYT Matematik hamle verisi (3 soru: Fonksiyon Kavramı ve Özellikleri); ajan yazdı, 7 Ekim 2026",Parçalı fonksiyon · sınırda uçları eşitleme,Parçalı fonksiyonun bire bir-örten ya da kesintisiz olması isteniyorsa sınır noktasında iki parçanın değerini eşitle.
bileskeyi_icten_disa_hesapla,Matematik · Fonksiyon Kavramı ve Özellikleri · 10. Sınıf,"f(g(a)) ya da (f∘g)(a) gibi iç içe fonksiyon değeri soruluyor; fonksiyonlar kural, tablo ya da grafikle verilmiş","(f∘g)(a) = f(g(a)): önce g(a) hesaplanır, çıkan sayı f'ye verilir; sıra değiştirilemez, genelde f∘g ≠ g∘f",Öğrenci bileşkenin sırasını karıştırıp önce dıştakini hesaplar ya da parçalı fonksiyonda koşula bakmadan yanlış parçayı kullanır,En içteki fonksiyonun değerini bul. Çıkan sayıyı bir dıştakine ver ve en dışa kadar böyle devam et.,Bileşke bir fonksiyonun çıktısını diğerinin girdisi yapar; içteki sonuç bilinmeden dıştaki hesaplanamaz.,"İki bileşke bağıntısından ortak fonksiyon üzerinden değer bulmak (`bileskeyi_zincirle`) ile karışır; burada her fonksiyon bilinir, sadece sırayla hesaplanır","f(x) = x + 3, g(x) = 2x ise f(g(4)) = f(8) = 11, ama g(f(4)) = g(7) = 14","MEB 3 Adım TYT Matematik hamle verisi (4 soru: Fonksiyon Kavramı ve Özellikleri, Polinomlar ve Çarpanlara Ayırma); ajan yazdı, 7 Ekim 2026",Bileşke · içten dışa değer hesaplama,"İç içe f(g(…)) değeri soruluyorsa en içtekinden başla, her sonucu bir dıştaki fonksiyona taşı."
parcanin_kosuluna_bak,Matematik · Fonksiyon Kavramı ve Özellikleri · 10. Sınıf,"Parçalı tanımlı bir fonksiyon verilmiş; belli girdilerde, çoğu kez bir bileşkenin içinde, değer soruluyor","Parçalı fonksiyonda bir girdi hangi koşulu sağlıyorsa yalnız o parçanın kuralı kullanılır; sınır noktası eşitliğin (≤, ≥) yazıldığı parçaya aittir",Öğrenci koşula bakmadan ilk gördüğü parçayı kullanır; bileşkede ara sonucun başka bir parçaya düştüğünü fark etmez,Her girdi için önce koşulları kontrol edip doğru parçayı seç. Sonra o parçanın kuralına koy; bileşkede her ara sonuç için yeniden kontrol et.,Her parça yalnız kendi aralığında geçerlidir; yanlış parçayı kullanmak başka bir fonksiyonu hesaplamak demektir.,"Sınırda iki parçayı eşitlemek (`parcalarin_ucunu_birlestir`) ile karışır; burada eşitleme yapılmaz, yalnız doğru parça seçilir","f(x) = x² (x < 2), f(x) = 3x − 1 (x ≥ 2) ise f(1) = 1, f(2) = 5 ve f(f(3)) = f(8) = 23","MEB 3 Adım TYT Matematik hamle verisi (1 soru: Fonksiyon Kavramı ve Özellikleri); ajan yazdı, 7 Ekim 2026; az veri",Parçalı fonksiyon · koşula göre parça seçme,"Parçalı fonksiyonda değer hesaplayacaksan, kurala koymadan önce sayının hangi koşula düştüğüne bak."
fonksiyon_tersiyle_birlesince_x,Matematik · Fonksiyon Kavramı ve Özellikleri · 10. Sınıf,"İfadede bir fonksiyon kendi tersiyle iç içe geçiyor (f(f⁻¹(…)), f⁻¹∘f…) ya da bağıntıda f⁻¹ var; bir fonksiyon ya da değer isteniyor",f bire bir ve örten ise f(f⁻¹(x)) = x ve f⁻¹(f(x)) = x; ayrıca f bire bir ise f(a) = f(b) ⇒ a = b,Öğrenci f(f⁻¹(x))'i adım adım hesaplamaya ya da f⁻¹'i ayrıca bulmaya çalışır; işi gereksiz uzatır,Fonksiyonla tersinin yan yana geldiği yeri doğrudan x yaz; gerekirse iki tarafa f ya da f⁻¹ uygula. Kalan basit denklemi çöz.,Bir fonksiyon ve tersi birbirini götürür; ifade ters fonksiyonu hesaplamadan basit bir denkleme döner.,Tersi formülle çekmek (`ters_fonksiyonu_cek`) ile karışır; sadeleştirme yapılabiliyorsa tersi açıkça bulmak gereksizdir,"f(x) = x − 1 ve g(f⁻¹(x)) = 2x + 3 ise x yerine f(x) yaz: g(f⁻¹(f(x))) = g(x) = 2(x − 1) + 3 = 2x + 1, yani g(4) = 9","MEB 3 Adım TYT Matematik hamle verisi (3 soru: Fonksiyon Kavramı ve Özellikleri); ajan yazdı, 7 Ekim 2026",Ters fonksiyon · f∘f⁻¹ = birim sadeleştirmesi,Bir fonksiyon kendi tersiyle iç içe görünüyorsa hesaplamaya girişme; o ikiliyi doğrudan x yaz.
kendi_tersi_fonksiyonu_tani,Matematik · Fonksiyon Kavramı ve Özellikleri · 10. Sınıf,(ax + b)/(cx − a) biçiminde bir fonksiyon verilmiş ve kendisiyle çok kez bileşkesi ya da tersi soruluyor,"f(x) = (ax + b)/(cx − a) (a² + bc ≠ 0) ise f⁻¹ = f, yani f∘f = birim; çift sayıda f bileşkesi x, tek sayıda f bileşkesi f verir",Öğrenci bileşkeleri tek tek hesaplamaya kalkar; paydaki x katsayısıyla paydadaki sabitin zıt olduğunu fark etmez,"Paydaki x'in katsayısının paydadaki sabitin ters işaretlisi olup olmadığını kontrol et. Bileşke sayısı tekse f(sayı), çiftse sayının kendisini yaz.","(ax + b)/(cx + d)'nin tersi (−dx + b)/(cx − a)'dır; d = −a iken bu, f'nin kendisi olur.",Tersi formülle çekmek (`ters_fonksiyonu_cek`) ile karışır; d ≠ −a ise fonksiyon kendi tersi değildir ve kısayol çalışmaz,f(x) = (3x + 1)/(2x − 3) kendi tersidir; f(f(f(2))) = f(2) = 7/1 = 7,"MEB 3 Adım TYT Matematik hamle verisi (1 soru: Fonksiyon Kavramı ve Özellikleri); ajan yazdı, 7 Ekim 2026; az veri",Ters fonksiyon · kendi tersi olan fonksiyon,Rasyonel bir fonksiyon kendisiyle çok kez bileşke ediliyorsa önce d = −a mı diye bak; öyleyse bileşke sayısının tek ya da çift olmasına göre cevapla.
fonksiyonu_yalniz_birak,Matematik · Fonksiyon Kavramı ve Özellikleri · 10. Sınıf,f(x)'in başka terimlerle karıştığı bir bağıntı verilmiş (x·f(x) + … = … gibi); f'nin kuralı ya da tanım/değer kümesi soruluyor,"Bağıntı f(x)'e göre doğrusalsa f(x)'li terimler bir tarafa toplanır, f(x) ortak paranteze alınıp katsayısına bölünür; bu katsayı sıfır olamaz",Öğrenci f(x)'i ortak paranteze almadan uğraşır ya da kural bulununca tanım dışı ve değer dışı sayıları karıştırır,"f(x)'li terimleri bir tarafa, diğerlerini öbür tarafa topla. f(x)'i ortak paranteze al ve katsayısına böl.",Kural açıkça yazılınca tanım ve değer kümesi doğrudan okunur.,Tanım ve değer kümesinden çıkan sayıları bulmak `paydayi_sifirlayani_ele` ile yapılır; ama önce f yalnız bırakılmalıdır,x·f(x) − 3 = 2f(x) + x ise f(x)(x − 2) = x + 3 → f(x) = (x + 3)/(x − 2),"MEB 3 Adım TYT Matematik hamle verisi (1 soru: Fonksiyon Kavramı ve Özellikleri); ajan yazdı, 7 Ekim 2026; az veri",Fonksiyon · bağıntıdan f(x)'i çekme,f(x) bir bağıntının içinde birden çok yerde geçiyorsa önce onu tek başına bırak.
paydayi_sifirlayani_ele,Matematik · Fonksiyon Kavramı ve Özellikleri · 10. Sınıf,(ax + b)/(cx + d) biçiminde (ya da bu biçime getirilebilen) bir fonksiyon verilmiş; tanım kümesine ya da değer kümesine girmeyen sayı soruluyor,"f(x) = (ax + b)/(cx + d), c ≠ 0 ve ad − bc ≠ 0 ise x = −d/c tanım kümesinden çıkar; f hiçbir zaman a/c değerini almaz, bu yüzden a/c değer kümesinden çıkar",Öğrenci tanım dışı sayı ile değer dışı sayıyı ters yazar ya da a/c yerine b/d alır,Paydayı sıfıra eşitleyip tanım dışı x'i bul. x'li terimlerin katsayılarını oranla (a/c); bu sayı değer kümesinden çıkar.,Payda sıfırken kesir tanımsızdır; x büyüdükçe kesir a/c'ye yaklaşır ama ona hiç eşit olmaz (tersinin paydası tam orada sıfırlanır).,Kural bağıntı içinde gizliyse önce `fonksiyonu_yalniz_birak`; ayrıca f'nin değer dışı sayısı f⁻¹'in tanım dışı sayısıdır,"f(x) = (6x − 1)/(2x + 4) için x = −2 tanım kümesinden, 6/2 = 3 de değer kümesinden çıkar","MEB 3 Adım TYT Matematik hamle verisi (1 soru: Fonksiyon Kavramı ve Özellikleri); ajan yazdı, 7 Ekim 2026; az veri",Rasyonel fonksiyon · tanım ve değer dışı sayı,Birinci dereceden bölü birinci dereceden bir fonksiyonda dışarıda kalan sayılar soruluyorsa paydanın kökünü ve a/c'yi yaz.
uclari_birbirine_esle,Matematik · Fonksiyon Kavramı ve Özellikleri · 10. Sınıf,Bir kümeden yine aynı kümeye giden azalan bir fonksiyon (m − x gibi) verilmiş; parametre soruluyor,"Kesin azalan bir f bir sonlu kümeyi (ya da kapalı aralığı) kendine götürüyorsa en küçük eleman en büyüğe, en büyük eleman en küçüğe gider; f(x) = m − x için m = en küçük + en büyük",Öğrenci kümenin elemanlarını yanlış okuyup en küçük ya da en büyük elemanı hatalı alır; uçları eşlemek yerine rastgele deneme yapar,Kümenin en küçük ve en büyük elemanını dikkatle belirle. En küçüğün görüntüsünü en büyüğe eşitleyip parametreyi bul.,Azalan fonksiyon sıralamayı ters çevirir; küme kendine gittiği için iki uç yer değiştirmek zorundadır.,Artan fonksiyonda uçlar yer değiştirmez (en küçük en küçüğe gider); parabolde eşit değerlerden eksen bulmak (`simetrik_degerlerden_ekseni_bul`) ile de karışabilir,"A = {3, 5, 7, …, 21} ve f(x) = m − x, A'yı A'ya götürüyorsa m = 3 + 21 = 24 (kontrol: f(5) = 19 ∈ A)","MEB 3 Adım TYT Matematik hamle verisi (1 soru: Fonksiyon Kavramı ve Özellikleri); ajan yazdı, 7 Ekim 2026; az veri",Fonksiyon · uç değerleri eşleme,Azalan bir fonksiyon bir kümeyi kendine götürüyorsa en küçük elemanın görüntüsünü en büyük elemana eşitle.
ters_fonksiyonu_cek,Matematik · Fonksiyon Kavramı ve Özellikleri · 10. Sınıf,"Bir fonksiyonun tersi isteniyor ya da bileşke bağıntısında f⁻¹, g⁻¹ geçiyor; katsayılar ya da bir ters değer soruluyor","f bire bir ve örten ise y = f(x) yazılır, x y cinsinden çekilir, sonra x ile y yer değiştirir; f(x) = ax + b (a ≠ 0) için f⁻¹(x) = (x − b)/a. Ayrıca f⁻¹(k) = t ⇔ f(t) = k",Öğrenci f⁻¹(a)'yı f(a) sanar ya da tersi çekerken işareti ve bölmeyi yanlış çevirir,y = f(x) yaz ve x'i yalnız bırak; sonra x ile y'yi değiştir. Yalnız bir ters değer isteniyorsa f(t) = k denklemini çözmen yeter.,Ters fonksiyon girdi ile çıktının yer değiştirmesidir; denklemi x'e göre çözmek tam olarak bunu yapar.,Ters ile bileşke yan yanaysa önce `fonksiyon_tersiyle_birlesince_x` ile sadeleşiyor mu bak; ayrıca f⁻¹(x) ile 1/f(x) aynı şey değildir,"f(x) = 4x − 3 ise x = (y + 3)/4, yani f⁻¹(x) = (x + 3)/4 ve f⁻¹(9) = 3 (kontrol: f(3) = 9)","MEB 3 Adım TYT Matematik hamle verisi (3 soru: Fonksiyon Kavramı ve Özellikleri); ajan yazdı, 7 Ekim 2026",Ters fonksiyon · x'i çekip harf değiştirme,f⁻¹'in kuralı ya da f⁻¹ içeren katsayılar soruluyorsa y = f(x) yazıp x'i çek; tek bir değer yetiyorsa f(t) = k'yı çöz.
kokler_toplami_eksi_b_bolu_a,"Matematik · İkinci Dereceden Denklemler, Karmaşık Sayılar · 10. Sınıf","İkinci dereceden bir denklemin kökleriyle kurulmuş bir ifade (toplam, çarpım, terslerin toplamı, x₁x₂² gibi) ya da köklere bağlı bir parametre soruluyor","ax² + bx + c = 0 (a ≠ 0) için x₁ + x₂ = −b/a ve x₁·x₂ = c/a (karmaşık kökler için de geçerli); simetrik ifadeler bu ikisiyle yazılır: 1/x₁ + 1/x₂ = (x₁ + x₂)/(x₁x₂), x₁² + x₂² = (x₁ + x₂)² − 2x₁x₂","Öğrenci kökleri tek tek bulmaya çalışır, −b/a'daki eksi işaretini unutur ya da x₁x₂² gibi bir ifadeyi çarpımın karesi sanır","Denklemi ax² + bx + c = 0 biçimine getir; toplamı −b/a, çarpımı c/a olarak yaz. İstenen ifadeyi bu ikisi cinsinden aç.",a(x − x₁)(x − x₂) açılınca katsayılar doğrudan kökler toplamını ve çarpımını verir; kökleri bulmaya gerek kalmaz.,Kökleri dönüştürülmüş yeni bir denklem isteniyorsa `yeni_kokleri_toplam_carpimla_kur`; köklerin reel olup olmadığı soruluyorsa `diskriminant_isaretine_bak`,"2x² − 6x − 4 = 0 için x₁ + x₂ = 3, x₁x₂ = −2, buradan 1/x₁ + 1/x₂ = 3/(−2) = −3/2","MEB 3 Adım TYT Matematik hamle verisi (20 soru: İkinci Dereceden Denklemler, Karmaşık Sayılar, Fonksiyon Kavramı ve Özellikleri, Eşkenar Dörtgen, Dikdörtgen); ajan yazdı, 7 Ekim 2026",İkinci derece denklem · kökler toplamı ve çarpımı,Kökleri bulmadan köklerle kurulmuş bir ifade isteniyorsa önce toplam −b/a ve çarpım c/a'yı yaz.
simetrik_degerlerden_ekseni_bul,Matematik · Fonksiyon Kavramı ve Özellikleri · 10. Sınıf,"İkinci dereceden bir fonksiyon (çoğu kez bir alan probleminden) iki farklı girdide eşit değer veriyor, f(p) = f(q); bilinmeyen katsayı ya da başka bir değer soruluyor",f(x) = ax² + bx + c ve p ≠ q için f(p) = f(q) ise simetri ekseni x = (p + q)/2 = −b/(2a)'dır,Öğrenci fonksiyonu problemden yanlış kurar (ör. üçgen alanında 1/2'yi unutur) ya da eşitliği açıp uzun hesaba girer,Fonksiyonu kur ve tepe noktasının apsisini (−b/2a ya da köklerin ortası) yaz. Bunu (p + q)/2'ye eşitleyip bilinmeyeni bul.,"Parabol, tepe noktasından geçen dikey doğruya göre simetriktir; eşit değer veren iki girdi bu eksene eşit uzaklıktadır.",Bire bir fonksiyonda f(p) = f(q) doğrudan p = q demektir (`bire_bir_yatay_dogru_testi`); parabolde ise p ve q eksenin iki yanındadır,f(x) = x(k − x) ve f(3) = f(11) ise eksen 7 = k/2 → k = 14 ve f(5) = 5·9 = 45,"MEB 3 Adım TYT Matematik hamle verisi (1 soru: Fonksiyon Kavramı ve Özellikleri); ajan yazdı, 7 Ekim 2026; az veri",Parabol · simetri ekseni,İkinci derece bir ifade iki farklı yerde aynı değeri veriyorsa bu iki noktanın ortasını simetri ekseni olarak yaz.
y_esittir_x_ile_kesistir,Matematik · Fonksiyon Kavramı ve Özellikleri · 10. Sınıf,Grafiği verilen bir fonksiyon için f(k) = k denkleminin çözümünün hangi aralıkta olduğu ya da kaç çözüm olduğu soruluyor,f(k) = k'nın çözümleri y = f(x) grafiği ile y = x doğrusunun kesişim noktalarının apsisleridir; f sürekli ve bir aralığın uçlarında f(x) − x zıt işaretliyse o aralıkta çözüm vardır,"Öğrenci f(k) = k yerine f(k) = 0'ı, yani grafiğin x eksenini kestiği yerleri arar",Grafiğin üzerine y = x doğrusunu çiz ya da her aralığın uçlarında f(x) ile x'i karşılaştır. f(x) − x'in işaret değiştirdiği aralığı seç.,"f(x) − x işaret değiştiriyorsa grafik doğrunun bir yanından öbür yanına geçmiştir, yani onu kesmiştir.","f(x) = 0'ın köklerini aramakla karışır: orada x ekseni, burada y = x doğrusu kullanılır; yalnız değer okumak (`grafikten_deger_oku`) yetmez","f(x) = x² − 2 için f(1) − 1 = −2 < 0 ve f(3) − 3 = 4 > 0 → (1, 3)'te bir çözüm var; gerçekten f(2) = 2","MEB 3 Adım TYT Matematik hamle verisi (1 soru: Fonksiyon Kavramı ve Özellikleri); ajan yazdı, 7 Ekim 2026; az veri",Grafik · y = x ile kesişim,Girdisiyle çıktısı eşit olan bir değer (f(k) = k) soruluyorsa grafiğe y = x doğrusunu çiz.
bileskeyi_zincirle,Matematik · Fonksiyon Kavramı ve Özellikleri · 10. Sınıf,"İki bileşke bağıntısı ya da bir bileşke ile birkaç değer verilmiş; fonksiyonlardan biri bilinmiyor, ortak fonksiyon üzerinden başka bir değer soruluyor","(f∘g)(a) = f(g(a)); bilinmeyen fonksiyonun kuralı gerekmez, yalnız bir bağıntının çıktısını öbürünün girdisine bağlayarak gerekli değerler taşınır. Bileşke birleşmelidir: f∘(g∘h) = (f∘g)∘h",Öğrenci ara fonksiyonu (g'yi) bütünüyle bulmaya ya da bir değeri ayrıca hesaplamaya çalışır,Bağıntılarda ortak geçen fonksiyonu bul. Birinin çıktısını öbürüne girdi yapacak x değerini seç ve istenen değere ulaş.,Bileşkede sadece belirli noktalardaki değerler gerekir; zincir bu değerleri bir fonksiyondan öbürüne taşır.,Bütün fonksiyonlar biliniyorsa içten dışa hesaplamak (`bileskeyi_icten_disa_hesapla`) yeter; burada eksik fonksiyonun kuralı aranmaz,(g∘f)(x) = 2x + 1 ve f(x) = x + 4 ise g(9) için f(5) = 9 olduğundan g(9) = g(f(5)) = 2·5 + 1 = 11,"MEB 3 Adım TYT Matematik hamle verisi (2 soru: Fonksiyon Kavramı ve Özellikleri); ajan yazdı, 7 Ekim 2026",Bileşke · ortak fonksiyon üzerinden değer taşıma,Bir fonksiyon bilinmiyor ama başka bir fonksiyonla bileşkesi veriliyorsa onun kuralını arama; girdiyi uygun seçip değeri bileşkeden oku.
carpimi_toplam_ve_farktan_yaz,Matematik · Fonksiyon Kavramı ve Özellikleri · 10. Sınıf,f + g ve f − g'nin grafikleri ya da değerleri verilmiş; f·g'nin bir değeri ya da bir parametre soruluyor,"Her x için f·g = [(f + g)² − (f − g)²]/4; ayrıca f = [(f + g) + (f − g)]/2, g = [(f + g) − (f − g)]/2",Öğrenci f ve g'yi ayrı ayrı bulmaya uğraşır,İstenen x'te f + g ve f − g değerlerini oku. Karelerinin farkını alıp 4'e böl.,(f + g)² − (f − g)² açılınca yalnız 4fg kalır; ayrı fonksiyonları bilmek gerekmez.,(f + g)(f − g) çarpımı f·g değil f² − g²'dir; ikisini karıştırma,"x = 2'de f + g = 7 ve f − g = 3 ise f(2)·g(2) = (49 − 9)/4 = 10 (gerçekten f = 5, g = 2)","MEB 3 Adım TYT Matematik hamle verisi (1 soru: Fonksiyon Kavramı ve Özellikleri); ajan yazdı, 7 Ekim 2026; az veri",Fonksiyon işlemleri · çarpımı toplam ve farktan bulma,Grafikte f ve g değil de f + g ile f − g veriliyorsa çarpım için karelerinin farkının dörtte birini al.
akan_hacmi_taban_alana_bol,Matematik · Fonksiyon Kavramı ve Özellikleri · 10. Sınıf,Sabit hızla su akan ve taban alanı farklı bölümlerden (üst üste kaplardan) oluşan bir kap verilmiş; su yüksekliğinin zamana bağlı fonksiyonu ya da bir andaki yükseklik soruluyor,Dik prizma ya da silindir biçimli bölümde yükseklik artışı = akan hacim / taban alanı; akış hızı v ise o bölümde t sürede yükseklik v·t/S artar. Taban alanı değişince yeni parça başlar ve önceki bölümlerin yüksekliği eklenir,Öğrenci taban alanını her bölümde aynı alır ya da yeni bölüme geçerken önceki bölümün yüksekliğini eklemeyi unutur,Önce akış hızını (hacim/süre) bul. Her bölümün dolma süresini hesapla; o bölümde yükseklik = önceki yükseklik + v·(o bölümde geçen süre)/S diye yaz.,Dik kapta hacim = taban alanı × yükseklik olduğundan sabit akışta yükseklik doğrusal artar; artış hızı yalnız taban alanı değişince değişir.,Bölümlerin sınırda kesintisiz birleşmesi `parcalarin_ucunu_birlestir` ile aynı fikirdir; koni gibi daralan kaplarda ise yükseklik doğrusal artmaz,"Dakikada 12 cm³ akan su, tabanı 6 cm², yüksekliği 5 cm olan alt bölümü 30/12 = 2,5 dakikada doldurur; tabanı 4 cm² olan üst bölümde 4,5. dakikada yükseklik 5 + 12·2/4 = 11 cm olur","MEB 3 Adım TYT Matematik hamle verisi (1 soru: Fonksiyon Kavramı ve Özellikleri); ajan yazdı, 7 Ekim 2026; az veri",Fonksiyon modelleme · yükseklik = hacim / taban alanı,"Sabit akışla dolan, tabanı farklı bölümlü bir kap görüyorsan her bölümde yüksekliği akan hacim bölü o bölümün taban alanı diye ayrı yaz."
tum_carpanlari_ac_us_say,Matematik · Polinomlar ve Çarpanlara Ayırma · 10. Sınıf,Çarpanlara ayrılabilen bir ifade verilmiş; tam kare olması için hangi çarpanlarla çarpılması gerektiği soruluyor,"Bir polinom, tüm indirgenemez çarpanlarının üsleri çift (ve baş katsayısı tam kare) olduğunda bir polinomun karesidir; üssü tek olan her çarpan bir kez daha gelmelidir",Öğrenci tek bir çarpanın yeteceğini sanır ya da ifadeyi sonuna kadar çarpanlarına ayırmadan karar verir,İfadeyi tamamen çarpanlarına ayır ve her çarpanın üssünü yaz. Üssü tek olan çarpanların hepsini seç; eklenmesi gereken bunların çarpımıdır.,Karesi alınmış bir ifadede her çarpan çift üsle görünür; tek üslü bir çarpan kaldıkça ifade tam kare olamaz.,İfadeyi a² ± 2ab + b² biçiminde tanımak (`tam_kare_ozdesligi_gor`) farklıdır; burada çarpanların üsleri sayılır,"(x² − 4)(x + 2) = (x − 2)(x + 2)²: yalnız (x − 2)'nin üssü tek, (x − 2) ile çarpınca (x − 2)²(x + 2)² tam kare olur","MEB 3 Adım TYT Matematik hamle verisi (1 soru: Polinomlar ve Çarpanlara Ayırma); ajan yazdı, 7 Ekim 2026; az veri",Çarpanlara ayırma · tam kare için üs sayma,"""Tam kare olması için neyle çarpılmalı"" soruluyorsa ifadeyi sonuna kadar çarpanlarına ayır ve tek üslü çarpanları topla."
iki_kare_farki_ac,Matematik · Polinomlar ve Çarpanlara Ayırma · 10. Sınıf,"İfadede iki karenin farkı (x² − y², Pisagor'dan çıkan c² − 9a² gibi) ya da köklü bir fark (x − y) var; sadeleştirme, ortak çarpan ya da bir oran soruluyor","Her a, b için a² − b² = (a − b)(a + b); x, y ≥ 0 ise x − y = (√x − √y)(√x + √y). Ayrıca y² − x² = −(x² − y²)",Öğrenci y² − x²'nin x² − y²'nin ters işaretlisi olduğunu görmez ya da x − y'yi kökler cinsinden açmayı akıl etmez,Kare farkını bul ve (a − b)(a + b) diye yaz. Ortak çarpanları sadeleştir; işaret ters ise −1 parantezine al.,Çarpanlara ayrılınca pay ve paydadaki ya da terimlerdeki ortak çarpanlar görünür ve sadeleşir.,a² + b² gerçek sayılarda çarpanlarına ayrılmaz; küplerin farkı için `kup_farkini_carpanlara_ayir`,(x² − 9)/(3x + 9) = (x − 3)(x + 3)/[3(x + 3)] = (x − 3)/3,"MEB 3 Adım TYT Matematik hamle verisi (7 soru: Polinomlar ve Çarpanlara Ayırma, Kare, Deltoid, İkinci Dereceden Denklemler, Karmaşık Sayılar, Eşkenar Dörtgen, Dikdörtgen); ajan yazdı, 7 Ekim 2026",Çarpanlara ayırma · iki kare farkı,İki karenin ya da iki kökün farkını görüyorsan hemen toplam ile farkın çarpımına çevir.
dogal_sayi_olmayan_usleri_ele,Matematik · Polinomlar ve Çarpanlara Ayırma · 10. Sınıf,Üslerinde parametre (kesirli ya da çıkarmalı) bulunan bir ifadenin polinom olduğu söylenmiş; parametrenin değerleri ya da polinomla ilgili bir değer soruluyor,"Polinomda x'in bütün üsleri doğal sayıdır (0, 1, 2, …); kesirli ya da negatif üs veren parametre değerleri elenir","Öğrenci negatif üs veren değeri elemeyi unutur, 0'ın da doğal sayı olduğunu atlar ya da parametrenin negatif olabileceğini hesaba katmaz","Her üssü ayrı yaz ve doğal sayı olma koşulunu kur (kesirli üste bölme yap, ör. 3 + 7/(n + 2)). Bütün üsleri aynı anda doğal sayı yapan değerleri seç.",Tek bir üs bile doğal sayı değilse ifade polinom olmaz; koşulların hepsi birlikte sağlanmalıdır.,Polinomun derecesini bulmak (`dereceyi_islemine_gore_bul`) bu elemeden sonra gelir; önce hangi değerlerin geçerli olduğu belirlenmelidir,"P(x) = x^(6/n) + x^(n − 2) polinom ise n, 6'nın pozitif böleni ve n ≥ 2 olmalı → n ∈ {2, 3, 6}, toplamları 11","MEB 3 Adım TYT Matematik hamle verisi (3 soru: Polinomlar ve Çarpanlara Ayırma); ajan yazdı, 7 Ekim 2026",Polinom · üslerin doğal sayı koşulu,Üssünde harf bulunan bir ifadeye polinom deniyorsa her üssü doğal sayı yapan değerleri ayıkla.
polinomu_uzun_bolmeyle_bol,Matematik · Polinomlar ve Çarpanlara Ayırma · 10. Sınıf,"Bir polinomun başka bir polinoma bölümü ve kalanı belli bir biçimde (bölüm Ax, kalan Bx + C gibi) yazılmış; katsayılar soruluyor",P(x) = B(x)·Q(x) + K(x) ve der K < der B; bölüm ve kalan tek türlüdür ve uzun bölmeyle bulunur,Öğrenci kalanın işaretini ters alır ya da kalanın derecesinin bölenden küçük olması gerektiğini unutur,Uzun bölmeyi yap ya da P'yi B(x)·(bölüm) + kalan biçimine getir. Bulduğun bölüm ve kalanın katsayılarını verilen biçimle eşleştir.,Bölüm ve kalan tek olduğundan bulduğun ifadeyle verilen biçimin katsayıları birebir eşittir.,"Yalnız kalan isteniyorsa uzun bölmeye gerek yok, `kalan_icin_bolenin_kokunu_koy` yeter","x³ + 2x + 5 = x(x² + 1) + x + 5 olduğundan x² + 1'e bölümde bölüm x, kalan x + 5'tir","MEB 3 Adım TYT Matematik hamle verisi (1 soru: Polinomlar ve Çarpanlara Ayırma); ajan yazdı, 7 Ekim 2026; az veri",Polinom · uzun bölme,Hem bölümün hem kalanın biçimi soruluyorsa uzun bölme yap; yalnız kalan soruluyorsa kök koymak yeter.
kok_yerine_konunca_sifir,Matematik · Polinomlar ve Çarpanlara Ayırma · 10. Sınıf,"(x − a) çarpan ya da kalansız bölen olarak verilmiş, bir kesirde (x − a) sadeleşmesi gerekiyor ya da bir özdeşlikte bir çarpan sıfırlanabiliyor; bilinmeyen katsayı soruluyor","P(x), (x − a) ile tam bölünüyorsa P(a) = 0'dır (çarpan teoremi); özdeşlik her x için doğru olduğundan istenen çarpanı sıfırlayan x yerine konabilir",Öğrenci kökü ters işaretli alır ((x − 9) için −9 koyar) ya da ifadeyi açıp sistem kurarak işi uzatır,"Çarpanı sıfıra eşitleyip kökü bul. Bu kökü polinomda ya da özdeşlikte yerine koy, sıfıra eşitleyip bilinmeyeni çöz.",Çarpanlardan biri sıfır olunca bütün çarpım sıfır olur; o çarpanla çarpılmış bilinmeyen terimler de yok olur.,Bölme kalanlıysa `kalan_icin_bolenin_kokunu_koy`: P(a) sıfıra değil kalana eşittir,"P(x) = x³ − 2x² + kx + 6, (x − 3) ile tam bölünüyorsa P(3) = 27 − 18 + 3k + 6 = 0 → k = −5","MEB 3 Adım TYT Matematik hamle verisi (10 soru: Polinomlar ve Çarpanlara Ayırma, İkinci Dereceden Denklemler, Karmaşık Sayılar); ajan yazdı, 7 Ekim 2026",Polinom · çarpan teoremi,Bir çarpan ya da kalansız bölme verilmişse önce o çarpanın kökünü polinomda yerine koy.
kup_farkini_carpanlara_ayir,Matematik · Polinomlar ve Çarpanlara Ayırma · 10. Sınıf,İki küpün farkı (ör. iki küpün hacim farkı) ile a − b ya da kareler toplamı verilmiş; ab gibi bir çarpım soruluyor,a³ − b³ = (a − b)(a² + ab + b²) ve a³ + b³ = (a + b)(a² − ab + b²); ayrıca a² + b² = (a − b)² + 2ab,Öğrenci küplerin farkını (a − b)³ sanar,Küp farkını (a − b)(a² + ab + b²) diye yaz ve a − b'yi koyup a² + ab + b²'yi bul. a² + b²'yi (a − b)² + 2ab ile değiştirip ab'yi çöz.,Özdeşlik farkı ve kareler toplamını birbirine bağlar; a ve b'yi tek tek bulmak gerekmez.,İki kare farkı için `iki_kare_farki_ac`; (a − b)³ = a³ − 3a²b + 3ab² − b³ ise başka bir açılımdır,"a − b = 3 ve a³ − b³ = 117 ise a² + ab + b² = 39; 9 + 3ab = 39 → ab = 10 (a = 5, b = 2 ile uyar)","MEB 3 Adım TYT Matematik hamle verisi (1 soru: Polinomlar ve Çarpanlara Ayırma); ajan yazdı, 7 Ekim 2026; az veri",Çarpanlara ayırma · küp farkı,İki küpün farkı ile iki sayının farkı birlikte veriliyorsa küp farkını açıp a² + ab + b²'yi bul.
farklari_toplayarak_ilerle,Matematik · Polinomlar ve Çarpanlara Ayırma · 10. Sınıf,P(x) − P(x − 1) bir formülle ve bir başlangıç değeri (P(0) gibi) verilmiş; uzaktaki bir değer soruluyor,"P(n) = P(0) + Σ [P(k) − P(k − 1)], k = 1…n; ara terimler birbirini götürür (teleskopik toplam)",Öğrenci farkı yalnız bir kez ekler ya da toplamı yanlış sınırlarla alır,P(n) − P(0)'ı k = 1'den n'ye kadar farkların toplamı olarak yaz. Bu toplamı (ör. 1 + 2 + … + n = n(n + 1)/2 ile) hesapla ve P(0)'a ekle.,"Farklar art arda toplanınca ara değerler sadeleşir, geriye yalnız son değer ile ilk değer kalır.",P(x)'in kuralını bulmaya çalışmak ya da değerleri tek tek hesaplamak gereksiz uzundur; farkların toplamı doğrudan sonuca götürür,P(x) − P(x − 1) = 2x ve P(0) = 5 ise P(10) = 5 + 2(1 + 2 + … + 10) = 5 + 110 = 115,"MEB 3 Adım TYT Matematik hamle verisi (1 soru: Polinomlar ve Çarpanlara Ayırma); ajan yazdı, 7 Ekim 2026; az veri",Polinom · ardışık farkları toplama,P(x) − P(x − 1) verilip uzak bir değer soruluyorsa başlangıç değerine bütün farkların toplamını ekle.
dereceyi_islemine_gore_bul,Matematik · Polinomlar ve Çarpanlara Ayırma · 10. Sınıf,"Polinomların çarpımı, bileşkesi, kuvveti ya da toplamı verilmiş; derecesi ya da dereceden çıkan bir parametre soruluyor","Sabit olmayan P ve Q için der(P·Q) = der P + der Q, der(P∘Q) = der P · der Q, der(Pⁿ) = n·der P; der(P + Q) dereceler farklıysa büyük olana eşittir",Öğrenci bileşkede dereceleri çarpmak yerine toplar ya da toplamda büyüğü almak yerine dereceleri toplar,"Her parçanın derecesini yaz. İşleme göre topla (çarpım), çarp (bileşke) ya da büyüğünü al (toplam) ve verilen dereceye eşitle.","Derece en büyük üslü terimden gelir; çarpımda bu üsler toplanır, bileşkede iç polinomun derecesi kadar kuvvete yükselir.",Önce üslerin doğal sayı olduğunu kontrol et (`dogal_sayi_olmayan_usleri_ele`); aynı dereceli iki polinomun toplamında baş katsayılar birbirini götürürse derece düşebilir,"der P = 3 ve der Q = 2 ise der(P·Q) = 5, der(P∘Q) = 6, der(P(x)²) = 6 ve der(P + Q) = 3","MEB 3 Adım TYT Matematik hamle verisi (2 soru: Polinomlar ve Çarpanlara Ayırma); ajan yazdı, 7 Ekim 2026",Polinom · işleme göre derece,"Çarpım, bileşke ya da kuvvet içeren bir ifadenin derecesi soruluyorsa açmadan dereceleri işleme göre topla ya da çarp."
istenen_dereceyi_veren_ciftleri_topla,Matematik · Polinomlar ve Çarpanlara Ayırma · 10. Sınıf,İki polinomun çarpımında belli dereceli bir terimin katsayısı soruluyor,"(Σ aᵢxⁱ)(Σ bⱼxʲ) çarpımında xⁿ'nin katsayısı, i + j = n olan bütün aᵢ·bⱼ çarpımlarının toplamıdır",Öğrenci bütün çarpımı açmaya çalışır ya da bazı terim çiftlerini atlar,Birinci polinomdaki her terim için ikinci polinomda üssü n'ye tamamlayan terimi bul. Bu çiftlerin katsayılarını çarp ve hepsini topla.,xⁿ terimi yalnız üsleri toplamı n olan terimlerin çarpımından doğar; diğer çarpımlar başka derecelere gider.,Katsayılar toplamı P(1) ile karışır; o tek bir terimin değil bütün terimlerin katsayılarını toplar,(x² + 3x − 2)(2x² − x + 5) çarpımında x²'nin katsayısı 1·5 + 3·(−1) + (−2)·2 = −2,"MEB 3 Adım TYT Matematik hamle verisi (1 soru: Polinomlar ve Çarpanlara Ayırma); ajan yazdı, 7 Ekim 2026; az veri",Polinom · çarpımda belli dereceli terim,Çarpımda tek bir terimin katsayısı soruluyorsa her şeyi açma; üsleri o dereceyi veren çiftleri çarpıp topla.
kalan_icin_bolenin_kokunu_koy,Matematik · Polinomlar ve Çarpanlara Ayırma · 10. Sınıf,Bir polinomun birinci ya da ikinci dereceden bir bölene bölümünden kalan soruluyor ya da kalanlar verilip katsayı isteniyor,"P(x)'in (x − a)'ya bölümünden kalan P(a)'dır, (ax − b)'ye bölümünden kalan P(b/a)'dır. İkinci derece bölende kalan mx + n biçimindedir; bölenin iki kökü konarak iki denklem kurulur ya da bölen = 0 bağıntısı (ör. x² = −x − 1) polinomda kullanılır","Öğrenci bölenin kökünü bulmadan bölmeye girişir, kökü ters işaretle koyar, baş katsayıyı unutur ya da ikinci derece bölende kalanı sabit sanır",Böleni sıfıra eşitleyip kökünü bul ve P'de yerine koy. İkinci derece bölende kalanı mx + n diye yaz; her kök ya da bölen = 0 bağıntısı için ayrı denklem kur.,"P(x) = B(x)·Q(x) + K(x) eşitliğinde bölenin kökünde B(x) sıfır olur, geriye yalnız kalan kalır.",Kalan sıfırsa `kok_yerine_konunca_sifir`; x² + x + 1 gibi gerçek kökü olmayan bölenlerde `kosuldan_x_kup_bir`,P(x) = x³ − 4x + 7'nin (x + 2)'ye bölümünden kalan P(−2) = −8 + 8 + 7 = 7,"MEB 3 Adım TYT Matematik hamle verisi (8 soru: Polinomlar ve Çarpanlara Ayırma); ajan yazdı, 7 Ekim 2026",Polinom · kalan teoremi,Bölme yapmadan kalan soruluyorsa bölenin kökünü polinomda yerine koy.
kosuldan_x_kup_bir,Matematik · Polinomlar ve Çarpanlara Ayırma · 10. Sınıf,"x² + x + 1 = 0 koşulu verilmiş ya da bölen x² + x + 1, x³ − 1 veya x³ + 1; çok yüksek kuvvetli bir ifadenin değeri ya da kalanı soruluyor","x² + x + 1 = 0 ise (x − 1)(x² + x + 1) = x³ − 1 = 0 → x³ = 1 ve x² = −x − 1; x³ − 1'e bölmede x³ = 1, x³ + 1'e bölmede x³ = −1 yazılır. Böylece xⁿ, üssün 3'e bölümünden kalanlı kuvvete iner (x³ = −1 iken işaret (−1)^bölüm olur)","Öğrenci x'i çözmeye çalışır, üsleri 3'e göre indirgemez ya da x³ = −1 durumunda işareti kaçırır",Her xⁿ'yi x³'ün kuvvetleri cinsinden yaz ve x³ yerine 1 (ya da −1) koy. Kalan x²'yi gerekirse −x − 1 ile değiştir.,x³ = 1 olduğundan kuvvetler üçte bir tekrar eder; çok büyük üsler küçük üslere iner.,"Birinci derece bölende kökü koymak (`kalan_icin_bolenin_kokunu_koy`) yeter; x² + x + 1 = 0'dan x = 1 çıkmaz, 1 bu denklemin kökü değildir","x² + x + 1 = 0 ise x³ = 1, bu yüzden x¹⁰ + x⁵ = x + x² = −1","MEB 3 Adım TYT Matematik hamle verisi (3 soru: Polinomlar ve Çarpanlara Ayırma); ajan yazdı, 7 Ekim 2026",Polinom · x³ = 1 ile üs indirgeme,x² + x + 1 ya da x³ ± 1 ile birlikte çok büyük üsler görüyorsan önce x³ = 1 (ya da −1) yaz.
kokleri_carpanlara_yaz,Matematik · Polinomlar ve Çarpanlara Ayırma · 10. Sınıf,Bir polinomun kökleri ve bir değeri ya da baş katsayısı verilmiş; başka bir değer ya da kalan soruluyor,"n. dereceden P'nin kökleri x₁, …, xₙ ise P(x) = a(x − x₁)(x − x₂)…(x − xₙ); a baş katsayıdır",Öğrenci baş katsayıyı unutur ya da 1 kabul eder,"P'yi a(x − kök)… biçiminde yaz. a bilinmiyorsa verilen bir değerden bul, sonra istenen değeri hesapla.",Her kök bir (x − kök) çarpanı verir; polinom bu çarpanlar ve baş katsayıyla tamamen belirlenir.,Tek bir çarpan biliniyorsa bilinmeyen katsayı için `kok_yerine_konunca_sifir` yeter; bütün kökler biliniyorsa çarpan biçimi kurulur,"Kökleri −1, 2, 4 olan üçüncü derece P için P(0) = 16 ise a·1·(−2)·(−4) = 8a = 16 → a = 2, P(3) = 2·4·1·(−1) = −8","MEB 3 Adım TYT Matematik hamle verisi (2 soru: Polinomlar ve Çarpanlara Ayırma); ajan yazdı, 7 Ekim 2026",Polinom · köklerden çarpan biçimi,Polinomun bütün kökleri biliniyorsa onu baş katsayı çarpı (x − kök) çarpanları diye yaz.
p1_ve_p_eksi1den_tek_cifti_ayir,Matematik · Polinomlar ve Çarpanlara Ayırma · 10. Sınıf,Bir polinomun ya da kaydırılmış hâlinin değerlerinden P(1) ve P(−1) bulunabiliyor; tek ya da çift dereceli terimlerin katsayıları toplamı soruluyor,"P(1) bütün katsayıların toplamıdır, P(−1) = çift dereceliler − tek dereceliler; buradan tek dereceliler toplamı (P(1) − P(−1))/2, çift dereceliler toplamı (P(1) + P(−1))/2",Öğrenci P(1) ile P(−1)'i yanlış eşler ya da P(x + a) gibi kaydırılmış bilgiden P(1)'e hangi x ile ulaşılacağını karıştırır,"Verilen bağıntıda uygun x'i seçerek P(1) ve P(−1)'i bul. Tekler için farkın, çiftler için toplamın yarısını al.","x = −1'de tek dereceli terimler işaret değiştirir, çiftler değiştirmez; toplayıp çıkarınca biri yok olur.","Sabit terim P(0)'dır, katsayılar toplamı P(1)'dir; ikisini karıştırma. Yerine koyma mantığı `kalan_icin_bolenin_kokunu_koy` ile aynıdır","P(x) = 2x³ − x² + 5x + 4 için P(1) = 10, P(−1) = −4 → tek dereceliler (10 + 4)/2 = 7, çift dereceliler (10 − 4)/2 = 3","MEB 3 Adım TYT Matematik hamle verisi (1 soru: Polinomlar ve Çarpanlara Ayırma); ajan yazdı, 7 Ekim 2026; az veri",Polinom · tek ve çift dereceli katsayılar toplamı,Yalnız tek ya da yalnız çift dereceli katsayıların toplamı isteniyorsa P(1) ve P(−1)'i bulup farkın ya da toplamın yarısını al.
tekrar_eden_ifadeye_harf_ver,Matematik · Polinomlar ve Çarpanlara Ayırma · 10. Sınıf,"Bir denklemde ya da polinomda aynı ifade (x² − 2x, (x² + 18)/x gibi) birden çok kez geçiyor; çarpanlar ya da kökler soruluyor",Tekrar eden ifadeye t dersen ifade t'ye göre daha düşük dereceye iner; t'nin her değeri yeniden x denklemine çevrilir ve her birinin gerçek çözümü olup olmadığı ayrıca kontrol edilir,Öğrenci dördüncü dereceyi açıp uğraşır ya da t'den x'e dönerken gerçek olmayan kökleri de çözüm sayar,Tekrar eden ifadeye yeni bir harf ver ve ikinci derece ifadeyi çarpanlarına ayır. Her t değerini eski ifadeye eşitleyip x'i bul; gerçek kökü olmayanı ele.,Aynı blok tek bir bilinmeyen gibi davranır; yüksek dereceli ifade tanıdık bir ikinci derece denkleme döner.,t'nin bulunan değerleri x'in kökleri değildir; x'e dönerken her yeni denklemin diskriminantına bakmak gerekir,"(x² + x)² − 8(x² + x) + 12 = 0'da t = x² + x: t² − 8t + 12 = 0 → t = 2 ya da 6 → x ∈ {1, −2, 2, −3}","MEB 3 Adım TYT Matematik hamle verisi (2 soru: Polinomlar ve Çarpanlara Ayırma, İkinci Dereceden Denklemler, Karmaşık Sayılar); ajan yazdı, 7 Ekim 2026",Çarpanlara ayırma · değişken değiştirme,Aynı ifade bir denklemde hem kendisi hem karesiyle geçiyorsa ona yeni bir harf ver.
kup_acilimiyla_parcalari_esle,Matematik · Polinomlar ve Çarpanlara Ayırma · 10. Sınıf,Bir küp kenarları iki parçaya bölünerek küçük küp ve prizmalara ayrılmış; eksik parçanın boyutları soruluyor,"(b + c)³ = b³ + 3b²c + 3bc² + c³; kenarı b + c olan küp bir b³ küpü, üç b×b×c prizması, üç b×c×c prizması ve bir c³ küpünden oluşur",Öğrenci hacimleri sayısal olarak toplamaya çalışır ya da hangi terimin karşılıksız kaldığını görmez,Büyük küpün kenarını iki parçanın toplamı olarak yaz ve (b + c)³'ü aç. Verilen her parçayı bir terimle eşle; eşleşmeyen terim eksik parçadır.,Açılımdaki her terim bir parçanın hacmidir; toplam hacim aynı olduğundan eksik parça artakalan terimdir.,Küp farkı a³ − b³ = (a − b)(a² + ab + b²) (`kup_farkini_carpanlara_ayir`) ile karışır; burada açılımın terimleri parçalara karşılık gelir,"Kenarı 5 = 3 + 2 olan küp: 27 + 54 + 36 + 8 = 125; parçalar 27, 54 ve 36'yı veriyorsa eksik parça 2 × 2 × 2 küptür","MEB 3 Adım TYT Matematik hamle verisi (1 soru: Polinomlar ve Çarpanlara Ayırma); ajan yazdı, 7 Ekim 2026; az veri",Polinom · küp açılımıyla hacim parçalama,Bir küpün parçaları verilip eksik parça soruluyorsa (b + c)³ açılımını yaz ve terimleri parçalarla eşle.
diskriminant_isaretine_bak,"Matematik · İkinci Dereceden Denklemler, Karmaşık Sayılar · 10. Sınıf","İkinci derece denklemin gerçek kökü olmadığı, eşit (çakışık) kökleri olduğu, çözüm kümesinin tek elemanlı olduğu ya da karmaşık kökleri soruluyor; parametre ya da kökler isteniyor","ax² + bx + c = 0 (a ≠ 0) için Δ = b² − 4ac: Δ > 0 ise iki farklı gerçek kök, Δ = 0 ise çakışık (eşit) iki kök, Δ < 0 ise gerçek kök yoktur ve kökler (−b ± i√(−Δ))/(2a) karmaşık sayılardır",Öğrenci koşulu ters kurar (gerçek kök yokken Δ > 0 yazar) ya da √(−16)'yı 4 alır; doğrusu 4i'dir,"Δ = b² − 4ac'yi parametreyle yaz. Duruma göre Δ > 0, Δ = 0 ya da Δ < 0 kur ve çöz; karmaşık kökte √(−k) = i√k kullan.",Kök formülündeki karekökün içi Δ'dır; işareti köklerin var olup olmadığını ve kaç tane olduğunu belirler.,Kökler toplamı ve çarpımı (`kokler_toplami_eksi_b_bolu_a`) köklerin gerçek olup olmadığını söylemez; Δ < 0 iken de toplam −b/a'dır,"x² − 6x + m = 0'ın gerçek kökü yoksa 36 − 4m < 0 → m > 9, en küçük tam değer 10; x² − 4x + 13 = 0'da Δ = −36 → x = (4 ± 6i)/2 = 2 ± 3i","MEB 3 Adım TYT Matematik hamle verisi (7 soru: İkinci Dereceden Denklemler, Karmaşık Sayılar); ajan yazdı, 7 Ekim 2026",İkinci derece denklem · diskriminant,"Soruda gerçek kök olmaması, eşit kök ya da tek elemanlı çözüm kümesi geçiyorsa önce Δ = b² − 4ac'yi yaz."
karmasik_kokun_eslenigi_de_kok,"Matematik · İkinci Dereceden Denklemler, Karmaşık Sayılar · 10. Sınıf","Gerçek katsayılı bir denklemin karmaşık bir kökü verilmiş; diğer kök, katsayılar ya da kökle kurulmuş bir ifade soruluyor","Katsayıları gerçek olan polinomda m + ni (n ≠ 0) kökse eşleniği m − ni de köktür; ikinci derecede bu iki kökün toplamı 2m, çarpımı m² + n²'dir",Öğrenci eşleniğin de kök olduğunu kullanmadan ifadeyi açıp uzun hesaba girer,Eşleniği ikinci kök olarak yaz. Katsayılar isteniyorsa toplam (2m) ve çarpımdan (m² + n²) bul; ifade isteniyorsa kökün denklemi sıfırladığını kullan.,Gerçek katsayılı denklemde sanal kısımlar ancak eşlenik bir çiftle birbirini götürebilir.,Katsayılarda i varsa eşlenik kök kuralı geçmez; bir karmaşık eşitliği çözmek için `karmasik_esitlikte_gercek_sanal_esitle`,"x² + bx + c = 0 (b, c gerçek) denkleminin bir kökü 3 − 2i ise diğeri 3 + 2i; b = −6, c = 9 + 4 = 13","MEB 3 Adım TYT Matematik hamle verisi (2 soru: İkinci Dereceden Denklemler, Karmaşık Sayılar); ajan yazdı, 7 Ekim 2026",Karmaşık sayılar · eşlenik kök,Gerçek katsayılı bir denklemde karmaşık bir kök verilmişse hemen eşleniğini de kök olarak yaz.
yeni_kokleri_toplam_carpimla_kur,"Matematik · İkinci Dereceden Denklemler, Karmaşık Sayılar · 10. Sınıf","Bir denklemin kökleri cinsinden yeni kökler (2x₁ + 1, 1/x₁ gibi) tanımlanmış; bu kökleri olan denklem ya da katsayılar soruluyor",Kökleri r₁ ve r₂ olan baş katsayısı 1 olan denklem x² − (r₁ + r₂)x + r₁r₂ = 0'dır; r₁ + r₂ ve r₁r₂ eski köklerin toplamı (−b/a) ve çarpımı (c/a) cinsinden hesaplanır,Öğrenci yeni köklerin çarpımını açarken terim kaçırır ya da ters köklerde toplam ile çarpımı karıştırır,Eski köklerin toplamını ve çarpımını yaz. Yeni köklerin toplamını ve çarpımını bunlar cinsinden hesapla; x² − (toplam)x + (çarpım) = 0 yaz.,"İkinci derece denklem, kökler toplamı ve çarpımıyla tamamen belirlenir; kökleri tek tek bulmak gerekmez.",Yalnız bir ifadenin değeri isteniyorsa `kokler_toplami_eksi_b_bolu_a` yeter; ters kökler için katsayıları ters sırayla yazmak (cx² + bx + a = 0) kısa yoldur,"x² − 5x + 3 = 0'ın köklerinin 2 fazlası için toplam 5 + 4 = 9, çarpım 3 + 2·5 + 4 = 17 → x² − 9x + 17 = 0","MEB 3 Adım TYT Matematik hamle verisi (3 soru: İkinci Dereceden Denklemler, Karmaşık Sayılar); ajan yazdı, 7 Ekim 2026",İkinci derece denklem · kökleri verilen denklemi kurma,Kökleri eski köklerden türetilmiş yeni bir denklem isteniyorsa önce yeni köklerin toplamını ve çarpımını hesapla.
kok_disi_cozumu_ele,"Matematik · İkinci Dereceden Denklemler, Karmaşık Sayılar · 10. Sınıf",Köklü ya da kesirli bir denklem kare alınarak veya değişken değiştirilerek çözülüyor; ya da bulunan kökler bir kenar uzunluğu gibi pozitif olması gereken bir şeyi veriyor,"√A = B denkleminde kare alınca A = B² çıkar ama ayrıca B ≥ 0 olmalıdır; kare alma yeni (kök dışı) çözümler ekleyebilir. Uzunluklar pozitif olmalı, paydalar sıfır olmamalıdır",Öğrenci kare almadan sonra bulduğu bütün değerleri çözüm sayar; kenarı negatif yapan ya da kökün eşit olduğu tarafı negatif yapan değeri elemez,"Denklemi çöz ve bulduğun her değeri asıl denklemde ya da koşullarda dene. Kökün eşit olduğu tarafı negatif yapan, bir uzunluğu sıfır ya da negatif yapan veya paydayı sıfırlayan değeri ele.",Kare alma iki tarafın işaretini siler; bu yüzden −B = √A'nın çözümleri de denkleme karışır.,Değişken değiştirmede x'e dönerken gerçek kök olup olmadığına `diskriminant_isaretine_bak` ile bakılır; kök dışı çözüm ise asıl denklemde denenerek elenir,"√(x + 7) = x + 1 → x² + x − 6 = 0 → x = 2 ya da −3; x + 1 ≥ 0 olmalı, çözüm yalnız 2","MEB 3 Adım TYT Matematik hamle verisi (4 soru: İkinci Dereceden Denklemler, Karmaşık Sayılar); ajan yazdı, 7 Ekim 2026",Köklü denklem · kök dışı çözümü eleme,Kare alarak ya da değişken değiştirerek çözdüğün her denklemde bulduğun değerleri asıl denklemde dene.
karmasik_esitlikte_gercek_sanal_esitle,"Matematik · İkinci Dereceden Denklemler, Karmaşık Sayılar · 10. Sınıf","İçinde z, z̄ ya da a + bi bulunan bir karmaşık sayı eşitliği verilmiş; z, a ya da b soruluyor","a, b, c, d gerçek olmak üzere a + bi = c + di ⇔ a = c ve b = d; z = a + bi ise z̄ = a − bi ve i² = −1","Öğrenci eşleniği almayı unutur, eşleniği başka bir sayıyla karıştırır ya da i'li terimleri gerçek kısma katar","z = a + bi ve z̄ = a − bi yaz, eşitliği açıp i² yerine −1 koy. Gerçek kısımları ve i'nin katsayılarını ayrı ayrı eşitleyip sistemi çöz.",Bir karmaşık sayı gerçek ve sanal kısmıyla tek türlü yazılır; iki sayı ancak iki kısmı da eşitse eşittir.,Gerçek katsayılı denklemin karmaşık kökü için `karmasik_kokun_eslenigi_de_kok`; z̄ ile |z|'yi karıştırma,"2z + z̄ = 9 − 4i ise z = a + bi için 3a + bi = 9 − 4i → a = 3, b = −4, yani z = 3 − 4i","MEB 3 Adım TYT Matematik hamle verisi (3 soru: İkinci Dereceden Denklemler, Karmaşık Sayılar); ajan yazdı, 7 Ekim 2026",Karmaşık sayılar · gerçek ve sanal kısımları eşitleme,Karmaşık sayılarla bir eşitlik verilmişse z = a + bi yazıp gerçek kısımları ve sanal kısımları ayrı ayrı eşitle.
sozu_denkleme_cevir_coz,"Matematik · İkinci Dereceden Denklemler, Karmaşık Sayılar · 10. Sınıf","Bir sayıya sırayla uygulanan işlemler (program, makine, adımlar) sözle anlatılmış; sonucu belli bir değer yapan sayılar soruluyor","Her adım bir önceki sonucun üzerine uygulanır; adımları sırasıyla, parantezleri koruyarak ifadeye çevirip sonuca eşitlemek doğru denklemi verir",Öğrenci bir adımı atlar (ör. sondaki çıkarmayı unutur) ya da işlem sırasını karıştırır,Sayıya x de ve her adımı bir önceki ifadeye uygula. Son ifadeyi verilen sonuca eşitle ve denklemi çöz.,Adım adım anlatılan işlem iç içe bir cebirsel ifadedir; sıra korunursa denklem doğru çıkar.,"Sonuçtan geriye ters işlem yapmak birinci derecede işe yarar, ama kare alma gibi bir adım varsa iki çözümden birini kaçırabilir","Sayının karesinden 5 katını çıkar, 6 ekle; sonuç 0 ise x² − 5x + 6 = 0 → x = 2 ya da 3","MEB 3 Adım TYT Matematik hamle verisi (1 soru: İkinci Dereceden Denklemler, Karmaşık Sayılar); ajan yazdı, 7 Ekim 2026; az veri",Problem · sözel adımları denkleme çevirme,Bir sayıya sırayla işlemler uygulanıp sonuç veriliyorsa sayıya x de ve adımları tek tek ifadeye ekle.
denklemi_ifadeye_yerlestir,"Matematik · İkinci Dereceden Denklemler, Karmaşık Sayılar · 10. Sınıf",Bir denklemin kökleriyle kurulmuş ve içinde x₁² + x₁ gibi denklemin parçaları geçen bir ifade soruluyor,x₁ denklemin köküyse denklemi sağlar: ax₁² + bx₁ + c = 0 → ax₁² + bx₁ = −c; ifadedeki bu parça doğrudan −c ile değiştirilir,Öğrenci kökleri (çoğu kez karmaşık) tek tek hesaplamaya çalışır,İfadede denklemin bir parçasını (ör. x² + x) bul. Kök denklemi sağladığından o parçanın yerine değerini koy ve kalanı hesapla.,Kök denklemi sağladığı için o parçanın değeri kökü bilmeden bellidir.,Simetrik ifadelerde toplam ve çarpım kullanılır (`kokler_toplami_eksi_b_bolu_a`); burada her kökün kendi denklemini sağlaması kullanılır,"x² − 3x − 1 = 0'ın kökleri x₁, x₂ ise (x₁² − 3x₁ + 4)(x₂² − 3x₂ − 2) = (1 + 4)(1 − 2) = −5","MEB 3 Adım TYT Matematik hamle verisi (1 soru: İkinci Dereceden Denklemler, Karmaşık Sayılar); ajan yazdı, 7 Ekim 2026; az veri",İkinci derece denklem · kökü denklemde yerine koyma,"Köklerle kurulmuş bir ifadede denklemin bir parçası görünüyorsa kökleri bulma, o parçayı sayıyla değiştir."
aciortaydan_benzer_ucgen_kur,"Matematik · İkinci Dereceden Denklemler, Karmaşık Sayılar · 10. Sınıf",Tepe açısı 36° (taban açıları 72°) olan ikizkenar üçgende kenarlar arasındaki oran ya da bir kenar uzunluğu soruluyor,"AB = AC ve A = 36° ise B'nin açıortayı AC'yi D'de keser; BCD üçgeni ABC'ye benzer (36°-72°-72°) ve AD = BD = BC olur. Taban a, kol b ise b/a = a/(b − a) → b² − ab − a² = 0 → b/a = (1 + √5)/2",Öğrenci benzerliği kurmadan trigonometriyle uğraşır ya da açıortayla oluşan iki ikizkenar üçgeni görmez,"Taban açısının açıortayını çiz ve oluşan iki ikizkenar üçgeni işaretle. Küçük üçgenle büyük üçgenin benzerliğinden oranı yaz, çıkan ikinci derece denklemin pozitif kökünü al.",Açıortay 72°'yi iki 36°'ye böler; böylece aynı açılı küçük bir üçgen oluşur ve kenarlar arasında bir ikinci derece bağıntı çıkar.,Çıkan denklemin negatif kökü uzunluk olamaz (`kok_disi_cozumu_ele`); tepe açısı 36° değilse bu benzerlik oluşmaz,Tabanı 4 olan 36° tepe açılı ikizkenarda kol b ise b/4 = 4/(b − 4) → b² − 4b − 16 = 0 → b = 2 + 2√5,"MEB 3 Adım TYT Matematik hamle verisi (1 soru: İkinci Dereceden Denklemler, Karmaşık Sayılar); ajan yazdı, 7 Ekim 2026; az veri",İkizkenar üçgen · 36° açıortay benzerliği,36°-72°-72° üçgen görüyorsan taban açısının açıortayını çiz ve oluşan benzer küçük üçgenden oran kur.
kokleri_esle_simetri_merkezi,"Matematik · İkinci Dereceden Denklemler, Karmaşık Sayılar · 10. Sınıf","İki ikinci derece denklemin kökleri aynı; biri (x + a)² = b biçiminde, öbürü çözülebiliyor; a ve b ya da onlarla bir ifade soruluyor","(x + a)² = b (b ≥ 0) denkleminin kökleri −a ± √b'dir; köklerin orta noktası −a, yarı farkı √b. Kökler r₁, r₂ ise −a = (r₁ + r₂)/2 ve b = ((r₁ − r₂)/2)²",Öğrenci kökleri −a ± b sanır (karekökü unutur) ya da −a'nın işaretini karıştırır,"Diğer denklemin köklerini bul. Köklerin orta noktasını −a'ya, yarı farkının karesini b'ye eşitle.","(x + a)² = b, köklerin −a'ya göre simetrik ve ondan √b uzakta olduğunu söyler.",Tam kareye tamamlamayla aynı fikirdir; orta nokta kökler toplamının yarısıdır (`kokler_toplami_eksi_b_bolu_a`),"x² − 2x − 8 = 0'ın kökleri 4 ve −2; (x + a)² = b aynı köklere sahipse −a = 1 → a = −1, √b = 3 → b = 9, a + b = 8","MEB 3 Adım TYT Matematik hamle verisi (1 soru: İkinci Dereceden Denklemler, Karmaşık Sayılar); ajan yazdı, 7 Ekim 2026; az veri",İkinci derece denklem · köklerin orta noktası ve yarı farkı,"(x + a)² = b biçimli bir denklemin kökleri başka bir denklemin kökleriyle aynıysa köklerin ortasını −a, yarı farkının karesini b yap."
katsayilar_toplami_sifir_kok_bir,"Matematik · İkinci Dereceden Denklemler, Karmaşık Sayılar · 10. Sınıf",İkinci derece denklemlerde katsayılar toplamının sıfır olduğu (a + b + c = 0) görülüyor ya da isteniyor; diğer kök ya da onun bir aralıkta olması soruluyor,ax² + bx + c = 0'da a + b + c = 0 ise x = 1 köktür ve diğer kök c/a'dır; a − b + c = 0 ise x = −1 köktür ve diğer kök −c/a'dır,Öğrenci koşullardan yalnız birini kontrol eder; katsayılar toplamı sıfır olanı bulup ikinci kökün istenen aralıkta olup olmadığına bakmaz,a + b + c'yi topla; sıfırsa bir kökü 1 yaz. Diğer kökü c/a olarak bul ve istenen öteki koşulu da kontrol et.,x = 1 konunca denklem a + b + c'ye döner; bu sıfırsa 1 köktür ve kökler çarpımından diğer kök hemen gelir.,Kökler toplamı ve çarpımı (`kokler_toplami_eksi_b_bolu_a`) ile bağlantılıdır; a − b + c = 0 durumunda kök 1 değil −1'dir,5x² − 7x + 2 = 0'da 5 − 7 + 2 = 0 → kökler 1 ve 2/5,"MEB 3 Adım TYT Matematik hamle verisi (1 soru: İkinci Dereceden Denklemler, Karmaşık Sayılar); ajan yazdı, 7 Ekim 2026; az veri",İkinci derece denklem · katsayılar toplamı sıfır,"Denklemin katsayılarını toplayınca sıfır çıkıyorsa bir kökü 1, diğerini c/a yaz."
hipotenus_yuksekliginden_parca_iliskisi_kur,"Matematik · Yamuk, Paralelkenar · 10. Sınıf","Dik üçgende dik köşeden hipotenüse yükseklik inilmiş (yamuk ya da başka bir şeklin içinde de olabilir); hipotenüs parçaları, dik kenarlar ya da yükseklikten biri soruluyor","A = 90° ve AH ⊥ BC ise AB² = BH·BC, AC² = HC·BC ve AH² = BH·HC (Öklid bağıntıları); ayrıca AB·AC = AH·BC","Öğrenci AB² = BH·BC yerine BH·HC kullanır, parçaları yanlış kenarlarla eşler ya da yüksekliğin ayağını yanlış yere koyar","Dik köşeyi, yüksekliğin ayağını ve hipotenüs parçalarını işaretle. Dik kenar için komşu parça × hipotenüs, yükseklik için iki parçanın çarpımı bağıntısını seç.","Yükseklik dik üçgeni, birbirine ve büyük üçgene benzer iki dik üçgene ayırır; bu benzerlik oranları bağıntıları verir.","Yamukta yüksekliğin ayağıyla taban parçalarını bulmak `yukseklik_ayagindan_parcalari_yaz` ile yapılır; hipotenüse çizilen kenarortay ise hipotenüsün yarısıdır, yükseklikle karıştırma",BH = 4 ve HC = 9 ise AH² = 36 → AH = 6 ve AB² = 4·13 = 52 → AB = 2√13,"MEB 3 Adım TYT Matematik hamle verisi (11 soru: Yamuk, Paralelkenar, Kare, Deltoid, İkinci Dereceden Denklemler, Karmaşık Sayılar, Üçgende Temel Kavramlar, Üçgen Eşitsizliği, Üçgenin Yardımcı Elemanları, Dik Üçgen ve Trigonometri, Eşkenar Dörtgen, Dikdörtgen, Dörtgenler); ajan yazdı, 7 Ekim 2026",Dik üçgen · Öklid bağıntıları,Dik üçgende hipotenüse inen bir yükseklik görüyorsan Pisagor'dan önce Öklid bağıntılarını dene.
paralellerde_kirik_aci_topla,"Matematik · Üçgende Temel Kavramlar, Üçgen Eşitsizliği, Üçgenin Yardımcı Elemanları · 9. Sınıf",Paralel iki ya da üç doğru arasında kırık (zikzak) bir çizgi var; kırılma noktasındaki açı ya da paralellerle yapılan açılardan biri soruluyor,"d₁ ∥ d₂ ise aralarındaki kırık çizginin kırılma noktasındaki açısı, iki parçanın paralellerle yaptığı iç ters açıların toplamıdır; kırılma noktasından paralel çizilince bu iki açı ortaya çıkar",Öğrenci zikzak açısının iki yandaki açıların toplamı olduğunu görmez ya da açıyı yanlış tarafta okur,"Her kırılma noktasından paralellere paralel bir doğru çiz. Köşe açısını iki parçaya ayır, her parçayı iç ters açıdan bul ve topla.",Yeni paralel köşe açısını ikiye böler; her parça bir paralelle iç ters açı olduğundan bilinen bir açıya eşittir.,Aynı taraftaki iç açıların toplamı 180°'dir (`karsi_durumlu_acilar_180`); köşe ters yöne açılıyorsa toplam yerine fark kullanılır,"d₁ ∥ d₂; kırık çizgi d₁ ile 35°, d₂ ile 50° iç ters açı yapıyorsa kırılma noktasındaki açı 35° + 50° = 85° olur","MEB 3 Adım TYT Matematik hamle verisi (4 soru: Üçgende Temel Kavramlar, Üçgen Eşitsizliği, Üçgenin Yardımcı Elemanları, Üçgenler, Çokgenlerin ve Dörtgenlerin Özellikleri); ajan yazdı, 7 Ekim 2026",Paralel doğrular · kırık çizgide açı toplama,İki paralel arasında bir köşe görüyorsan o köşeden paralel çiz; köşe açısı iki iç ters açının toplamıdır.
ic_ters_acilar_esit,"Matematik · Yamuk, Paralelkenar · 10. Sınıf","Paralel doğrular (ya da yamuğun tabanları, paralelkenarın kenarları) ve onları kesen bir doğru var; bir açı biliniyor, başka bir açı soruluyor","d₁ ∥ d₂ ise bir kesenle oluşan iç ters açılar (Z biçimi) ve yöndeş açılar (F biçimi) eşittir; tersine, iç ters açılar eşitse doğrular paraleldir","Öğrenci paralel kenarları (yamukta tabanlar, katlamada oluşan paralellik) görmez; köşegenin iki tabanla yaptığı açıları eşitlemeyi akıl etmez",Paralel doğruları ve keseni işaretle. Bilinen açının iç ters ya da yöndeş eşini bul ve aynı ölçüyü yaz.,"Kesen, iki paralel doğruyu aynı eğimle keser; bu yüzden iki kesişimde aynı açılar oluşur.","Aynı taraftaki iç açılar eşit değildir, toplamları 180°'dir; yamukta bu eşitlik çoğu kez `ikizkenarda_taban_acilari_esit` ile birlikte kullanılır",ABCD yamuğunda AB ∥ DC ve ABD = 48° ise köşegen BD için BDC = 48° olur (iç ters açı),"MEB 3 Adım TYT Matematik hamle verisi (16 soru: Yamuk, Paralelkenar, Üçgenler, Kare, Deltoid, Üçgende Temel Kavramlar, Üçgen Eşitsizliği, Üçgenin Yardımcı Elemanları, Eşkenar Dörtgen, Dikdörtgen, Dörtgenler); ajan yazdı, 7 Ekim 2026",Paralel doğrular · iç ters ve yöndeş açılar,Şekilde paralel iki kenar ve onları kesen bir doğru görüyorsan önce eşit iç ters açıları işaretle.
aciortay_kenar_oranini_ver,Matematik · Üçgenin Alanı · 9. Sınıf,"Üçgende bir açıortay (çoğunlukla iç, bazen dış) çizilmiş; karşı kenardaki parçalar ya da komşu kenarlardan biri soruluyor","AD iç açıortay ve D, BC üzerinde ise BD/DC = AB/AC; AE dış açıortay ve E, BC'nin uzantısında ise EB/EC = AB/AC","Öğrenci oranı ters kurar, teoremi yanlış üçgende uygular ya da dış açıortayın kenarı dıştan böldüğünü görmez","Açıortayın çıktığı köşeyi ve kestiği kenarı belirle. Kenar parçalarının oranını, açıortayın iki yanındaki kenarların oranına eşitle.",Açıortay üzerindeki her nokta iki kenara eşit uzaklıktadır; bu yüzden oluşan iki üçgenin alanları hem kenarlarla hem taban parçalarıyla aynı oranda olur.,"Kenarortay karşı kenarı eşit böler, açıortay kenarlarla orantılı böler; aynı yükseklikteki üçgenlerde alan oranı (`ayni_yukseklikte_alan_taban_orani`) aynı mantığa dayanır","AB = 6, AC = 9, BC = 10 ve AD iç açıortay ise BD/DC = 6/9 → BD = 4, DC = 6","MEB 3 Adım TYT Matematik hamle verisi (10 soru: Üçgenin Alanı, Üçgende Temel Kavramlar, Üçgen Eşitsizliği, Üçgenin Yardımcı Elemanları, Üçgenler, Yamuk, Paralelkenar, Kare, Deltoid, Dörtgenler); ajan yazdı, 7 Ekim 2026",Üçgen · açıortay teoremi,Üçgende açıortay görüyorsan karşı kenardaki parçaları komşu kenarlarla orantılı yaz.
karsi_durumlu_acilar_180,"Matematik · Üçgende Temel Kavramlar, Üçgen Eşitsizliği, Üçgenin Yardımcı Elemanları · 9. Sınıf",Paralel doğrular arasında aynı tarafta kalan iki iç açı (U biçimi) var; biri verilip diğeri soruluyor,d₁ ∥ d₂ ise bir kesenin aynı tarafta kalan iki iç açısının toplamı 180°'dir; paralelkenarda ve yamukta aynı kenara komşu iki açı bütünlerdir,Öğrenci bu iki açıyı eşit sanır ya da hangi açıların aynı tarafta kaldığını göremez,"Paralelleri ve keseni bul, aynı taraftaki iki iç açıyı işaretle. Toplamlarını 180°'ye eşitle.",Açılardan birinin iç ters eşi öbürüyle bir doğru üzerinde yan yana gelir; doğru açı 180°'dir.,İç ters açılar ise eşittir; iki paralel arasındaki kırık çizgi açısı için `paralellerde_kirik_aci_topla`,AB ∥ CD ve kesen AB ile 115° iç açı yapıyorsa aynı taraftaki CD'deki iç açı 180° − 115° = 65°,"MEB 3 Adım TYT Matematik hamle verisi (1 soru: Üçgende Temel Kavramlar, Üçgen Eşitsizliği, Üçgenin Yardımcı Elemanları); ajan yazdı, 7 Ekim 2026; az veri",Paralel doğrular · karşı durumlu açılar,"Paralel iki doğru arasında aynı tarafta, U biçiminde iki açı görüyorsan toplamlarını 180° yaz."
kesen_parcalarinin_carpimini_esitle,"Matematik · Üçgende Temel Kavramlar, Üçgen Eşitsizliği, Üçgenin Yardımcı Elemanları · 9. Sınıf","Üçgende iki yükseklik (iki dik açı) çizilmiş; kenarlar üzerindeki parçaların bazıları verilmiş, başka bir parça ya da yükseklik soruluyor","AD ⊥ BC (D, BC üzerinde) ve BE ⊥ AC (E, AC üzerinde) ise A, B, D, E aynı çember üzerindedir (AB çap) ve C'den çıkan parçalar için CD·CB = CE·CA olur; aynı eşitlik C açısını paylaşan ADC ve BEC dik üçgenlerinin benzerliğinden de çıkar",Öğrenci Pisagor'u yanlış dik üçgende uygular ya da ortak açılı iki dik üçgeni ve aynı çemberdeki dört noktayı görmez,"Ortak köşeyi paylaşan iki dik üçgeni bul. O köşeden çıkan parçaların çarpımlarını eşitle, kalan uzunluğu Pisagor'la bul.",Aynı açıyı paylaşan iki dik üçgen benzerdir; oranları çapraz çarpınca kesen parçalarının çarpımları eşit çıkar.,Tek bir dik üçgende hipotenüse yükseklik bağıntılarıyla (Öklid) karışır; burada ortak açılı iki ayrı dik üçgen vardır,"AD ⊥ BC ve BE ⊥ AC; CD = 4, CB = 12, CE = 6 ise 4·12 = 6·CA → CA = 8","MEB 3 Adım TYT Matematik hamle verisi (1 soru: Üçgende Temel Kavramlar, Üçgen Eşitsizliği, Üçgenin Yardımcı Elemanları); ajan yazdı, 7 Ekim 2026; az veri",Üçgen · ortak açılı dik üçgenlerde kesen çarpımı,Bir üçgende iki yükseklik ve kenar parçaları verilmişse ortak köşeden çıkan parçaların çarpımlarını eşitle.
buyuk_aci_karsisinda_buyuk_kenar,"Matematik · Üçgende Temel Kavramlar, Üçgen Eşitsizliği, Üçgenin Yardımcı Elemanları · 9. Sınıf",Bir ya da birkaç üçgende açılar verilmiş veya hesaplanabiliyor; kenarların sıralaması ya da kenarlarla ilgili bir karşılaştırma soruluyor,"Aynı üçgende büyük açının karşısında büyük kenar, küçük açının karşısında küçük kenar bulunur (tersi de doğrudur); farklı üçgenlerdeki kenarlar ancak ortak bir kenar üzerinden zincirlenerek karşılaştırılır",Öğrenci açıları hesaplamadan kenarları şekilden tahmin eder ya da bir açının karşısındaki kenarı yanlış eşler,Her üçgende bütün açıları hesapla ve her açının karşısındaki kenarı yaz. Açıların sırasına göre kenarları sırala; birden çok üçgen varsa ortak kenarla zincirle.,Bir kenarın uzunluğu karşısındaki açıyla birlikte büyür; açılar sıralanınca kenarlar da aynı sırayla dizilir.,"Üçgen eşitsizliği (`ucgen_esitsizligi_aralik`) kenarların hangi aralıkta olabileceğini verir, sırasını vermez; ikisi çoğu kez birlikte kullanılır","ABC'de A = 50°, B = 60°, C = 70° ise C'nin karşısındaki AB en uzun, A'nın karşısındaki BC en kısa: AB > AC > BC","MEB 3 Adım TYT Matematik hamle verisi (4 soru: Üçgende Temel Kavramlar, Üçgen Eşitsizliği, Üçgenin Yardımcı Elemanları); ajan yazdı, 7 Ekim 2026",Üçgen · açı-kenar sıralaması,"Kenarları karşılaştırman isteniyorsa şekle bakarak tahmin etme; önce açıları bul, büyük açının karşısına büyük kenarı koy."
dis_aci_iki_ic_aci_toplami,Matematik · Üçgenler · 9. Sınıf,"Üçgenin bir kenarı uzatılmış ya da bir köşedeki dış açı başka bir şeklin parçası olarak görünüyor (ikizkenar, katlama, açıortay ile); bir açı soruluyor","Üçgende bir dış açı, kendisine komşu olmayan iki iç açının toplamına eşittir",Öğrenci dış açıyı yanlış iç açılarla toplar ya da komşu iç açıyı da hesaba katar,Dış açının bulunduğu köşeyi belirle ve ona komşu olmayan iki iç açıyı işaretle. Dış açıyı bu ikisinin toplamı diye yaz.,"İç açıların toplamı 180°, dış açı ile komşu iç açının toplamı da 180° olduğundan dış açı öbür iki iç açının toplamına eşit çıkar.",Üç iç açının toplamı (`ucgende_aci_toplami_180`) ile karışır; dış açı yalnız komşu olmayan iki iç açıyı toplar,ABC'de A = 40° ve B = 65° ise C köşesindeki dış açı 40° + 65° = 105°,"MEB 3 Adım TYT Matematik hamle verisi (7 soru: Üçgenler, Üçgende Temel Kavramlar, Üçgen Eşitsizliği, Üçgenin Yardımcı Elemanları, Çokgenlerin ve Dörtgenlerin Özellikleri); ajan yazdı, 7 Ekim 2026",Üçgen · dış açı,Üçgenin bir köşesinin dışında oluşan bir açı görüyorsan onu karşıdaki iki iç açının toplamı diye yaz.
ucgen_esitsizligi_aralik,"Matematik · Üçgende Temel Kavramlar, Üçgen Eşitsizliği, Üçgenin Yardımcı Elemanları · 9. Sınıf","Üçgenin kenarları x'li ifadeler ya da sayılarla verilmiş; x'in aralığı ya da çevrenin, bir kenarın en büyük/en küçük tam değeri soruluyor","Kenarları a, b, c olan üçgende |b − c| < a < b + c; her kenar için yazılır ve kesişimleri alınır, ayrıca bütün kenarlar pozitif olmalıdır",Öğrenci x'i tam sayı sanıp çevrenin tam değerini x'e göre bulur ya da eşitsizliklerin bazılarını yazmaz veya hiç kontrol etmez,Her kenar için diğer ikisinin farkı ile toplamı arasında olma koşulunu yaz. Ortak aralığı bul; istenen büyüklüğü (çevre gibi) bu aralıktan hesapla ve tam değeri en sonda seç.,"İki nokta arasındaki en kısa yol doğru parçasıdır; bu yüzden bir kenar diğer ikisinin toplamını aşamaz, farkından da kısa olamaz.",Kenarların sırası için `buyuk_aci_karsisinda_buyuk_kenar`; kenarortayın aralığı için önce `kenarortayi_iki_katina_uzat`,"Kenarları 5, 9 ve x olan üçgende 4 < x < 14 → çevre 18 ile 28 arasında, en büyük tam değeri 27","MEB 3 Adım TYT Matematik hamle verisi (6 soru: Üçgende Temel Kavramlar, Üçgen Eşitsizliği, Üçgenin Yardımcı Elemanları, Üçgende Eşlik ve Benzerlik, Üçgenler); ajan yazdı, 7 Ekim 2026",Üçgen eşitsizliği · kenar aralığı,Üçgenin bir kenarı ya da çevresi için en büyük/en küçük değer soruluyorsa her kenarı diğer ikisinin farkı ile toplamı arasına koy.
katlamada_esit_parcalari_isaretle,"Matematik · Eşkenar Dörtgen, Dikdörtgen · 10. Sınıf","Bir kâğıt, üçgen ya da dikdörtgen bir çizgi boyunca katlanmış; katlanan köşenin yeri, bir uzunluk ya da bir açı soruluyor","Katlamada üst üste gelen kenarlar ve açılar eşittir; katlama çizgisi, birbirinin üzerine gelen iki noktayı birleştiren parçanın orta dikmesidir ve her noktası bu iki noktaya eşit uzaklıktadır",Öğrenci katlanınca eşit olan parçaları (ör. KA = KC) ya da katlamanın oluşturduğu dik açıyı ve yüksekliği görmez; katlanan parçanın tamamını eşit sanar,"Katlamadan önceki ve sonraki şekli eşleştir; üst üste gelen kenar ve açılara aynı harfi ver. Sonra oluşan ikizkenar ya da dik üçgende Pisagor, açı toplamı ya da benzerlik kur.","Katlama bir yansımadır; uzunlukları ve açıları korur, böylece bilinmeyenler bilinen parçalara eşitlenir.",Katlamayla eşitlenen açılar çoğu kez ikizkenar üçgen ya da paralellik doğurur; dikdörtgende kalan alanlar için `dikdortgenden_disaridaki_ucgenleri_cikar` ile karışır,"AB = 8, BC = 6 olan ABCD dikdörtgeninde C köşesi A'nın üzerine katlanıyor; katlama çizgisi AB'yi E'de kesiyorsa EA = EC: x² = (8 − x)² + 36 → AE = 25/4","MEB 3 Adım TYT Matematik hamle verisi (34 soru: Eşkenar Dörtgen, Dikdörtgen, Kare, Deltoid, Üçgenler, Yamuk, Paralelkenar, Dörtgenler, Üçgende Temel Kavramlar, Üçgen Eşitsizliği, Üçgenin Yardımcı Elemanları, Üçgenin Alanı, Çokgenlerin ve Dörtgenlerin Özellikleri, Üçgende Eşlik ve Benzerlik); ajan yazdı, 7 Ekim 2026",Katlama · eş parçaları işaretleme,"Katlama görüyorsan önce birbirine gelen noktaları eşle ve eşit kenar ile açıları işaretle, sonra oluşan üçgende hesap yap."
tam_aciyi_esit_paylastir,"Matematik · Üçgende Temel Kavramlar, Üçgen Eşitsizliği, Üçgenin Yardımcı Elemanları · 9. Sınıf","Eş üçgenler, eş kartonlar ya da eş parçalar bir noktada boşluk kalmadan birleşiyor; bir açı ya da parça sayısı soruluyor",Bir noktada boşluksuz ve üst üste binmeden birleşen n eş açının her biri 360°/n'dir,Öğrenci noktada buluşan açının hangi köşe olduğunu karıştırır ya da dış açıyı iç açı sanır,Ortak noktada hangi köşenin açısının toplandığını belirle. 360°'yi parça sayısına böl ya da parça sayısı soruluyorsa 360°'yi o açıya böl.,Bir nokta etrafındaki tam açı 360°'dir; eş parçalar bu açıyı eşit olarak paylaşır.,Farklı açılar buluşuyorsa tek tek toplanır (`bir_noktada_acilar_360`); bir doğru üzerinde buluşan açılar ise 180° eder,"12 eş ikizkenar üçgen tepe noktalarında boşluksuz birleşiyorsa tepe açısı 360°/12 = 30°, taban açıları (180° − 30°)/2 = 75°","MEB 3 Adım TYT Matematik hamle verisi (2 soru: Üçgende Temel Kavramlar, Üçgen Eşitsizliği, Üçgenin Yardımcı Elemanları); ajan yazdı, 7 Ekim 2026",Açılar · tam açıyı eşit bölme,Eş parçalar bir noktanın çevresini boşluksuz dolduruyorsa 360°'yi parça sayısına böl.
ikizkenarda_taban_acilari_esit,"Matematik · Yamuk, Paralelkenar · 10. Sınıf","Şekilde iki kenarı eşit bir üçgen var ya da bu eşitlik katlama, eş üçgen veya yarıçaptan çıkıyor; açılar soruluyor","AB = AC ise B = C (taban açıları eşit) ve tepe açısı A = 180° − 2B; tersine, iki açısı eşit olan üçgen ikizkenardır","Öğrenci hangi kenarların eşit olduğunu karıştırır, eşit kenarların karşısındaki açıları yanlış eşler ya da şekilde gizli ikizkenarı görmez",Eşit kenarları işaretle ve karşılarındaki açılara aynı harfi ver. Tepe açısını 180° − 2·(taban açısı) diye yaz; gerekirse açı toplamı ya da dış açıyla denklem kur.,İkizkenar üçgen tepeden inen eksene göre simetriktir; bu yüzden taban açıları eşittir.,Paralellerden gelen eşit açılar için `ic_ters_acilar_esit`; eşit açılardan eşit kenara geçmek bu kuralın ters yönüdür,AB = AC ve A = 34° ise B = C = (180° − 34°)/2 = 73°,"MEB 3 Adım TYT Matematik hamle verisi (26 soru: Yamuk, Paralelkenar, Üçgende Temel Kavramlar, Üçgen Eşitsizliği, Üçgenin Yardımcı Elemanları, Üçgenin Alanı, Çokgenlerin ve Dörtgenlerin Özellikleri, Eşkenar Dörtgen, Dikdörtgen, Üçgenler, Kare, Deltoid, Dörtgenler); ajan yazdı, 7 Ekim 2026",İkizkenar üçgen · taban açıları,Şekilde eşit iki kenar görüyorsan karşılarındaki açıları hemen eşit işaretle.
cevre_esitligini_parcalara_bol,"Matematik · Üçgende Temel Kavramlar, Üçgen Eşitsizliği, Üçgenin Yardımcı Elemanları · 9. Sınıf",İki üçgenin çevreleri eşit ya da bir çevre bir uzunluğa eşit verilmiş; şekiller ortak bir doğru üzerindeki parçaları paylaşıyor,Çevre kenarların toplamıdır; çevre eşitliği ortak doğru üzerindeki parçalara bölünerek yazılınca iki tarafta ortak olan parçalar sadeleşir,Öğrenci hangi kenarların eşit olduğunu karıştırır ya da ortak parçaları ayırmadan her kenarı ayrı bir bilinmeyen alır,"Her çevreyi ortak doğru üzerindeki parçalar ve öteki kenarlar cinsinden yaz. İki tarafta aynı olan parçaları sil, kalan eşitliği çöz.",Ortak parçalar eşitliğin iki yanında da bulunduğu için sadeleşir; geriye bilinmeyeni veren kısa bir eşitlik kalır.,"Alan eşitliğinde taban ve yükseklik karşılaştırılır, çevre eşitliğinde ise yalnız uzunluklar toplanır; ikisini karıştırma","D, BC üzerinde; ABD ile ADC'nin çevreleri eşit, AB = 7, AC = 11, BC = 12 ise AD sadeleşir: 7 + BD = 11 + DC ve BD + DC = 12 → BD = 8, DC = 4","MEB 3 Adım TYT Matematik hamle verisi (1 soru: Üçgende Temel Kavramlar, Üçgen Eşitsizliği, Üçgenin Yardımcı Elemanları); ajan yazdı, 7 Ekim 2026; az veri",Üçgen · çevre eşitliğinde ortak parçaları sadeleştirme,İki çevre eşit veriliyorsa her çevreyi parça parça yaz ve iki tarafta ortak olanları hemen sil.
kenarortayi_iki_katina_uzat,"Matematik · Üçgende Temel Kavramlar, Üçgen Eşitsizliği, Üçgenin Yardımcı Elemanları · 9. Sınıf",Üçgende iki kenar ve bunların arasındaki köşeden çıkan kenarortay var; kenarortayın alabileceği değerler ya da en küçük/en büyük tam değeri soruluyor,"AD kenarortay ise D'den öteye DE = AD kadar uzatılınca ABEC paralelkenar olur; ABE üçgeninin kenarları AB, BE = AC ve AE = 2AD olduğundan |AB − AC| < 2AD < AB + AC","Öğrenci kenarortayı doğrudan iki kenarın farkı ile toplamı arasına koyar, iki katına uzatmayı unutur",Kenarortayı kendi uzunluğu kadar uzat ve oluşan üçgeni çiz. Bu üçgende 2m için üçgen eşitsizliğini yaz ve ikiye bölerek m'nin aralığını bul.,Uzatma köşegenleri birbirini ortalayan bir paralelkenar oluşturur; böylece kenarortay iki bilinen kenarla aynı üçgene girer.,Kenarlar için doğrudan üçgen eşitsizliği yazılır (`ucgen_esitsizligi_aralik`); kenarortayda önce uzatma gerekir,"AB = 5 ve AC = 13 ise 8 < 2m < 18 → 4 < m < 9; kenarortayın tam değerleri 5, 6, 7, 8","MEB 3 Adım TYT Matematik hamle verisi (1 soru: Üçgende Temel Kavramlar, Üçgen Eşitsizliği, Üçgenin Yardımcı Elemanları); ajan yazdı, 7 Ekim 2026; az veri",Üçgen eşitsizliği · kenarortayı iki katına uzatma,Kenarortayın alabileceği değerler soruluyorsa onu iki katına uzat ve oluşan üçgende eşitsizliği yaz.
ic_noktayi_iki_kenar_toplamiyla_sinirla,"Matematik · Üçgende Temel Kavramlar, Üçgen Eşitsizliği, Üçgenin Yardımcı Elemanları · 9. Sınıf",Üçgenin içinde bir P noktası alınmış; P'den köşelere uzaklıkların toplamı ya da P ile oluşan parçaların çevreleri için en büyük veya en küçük tam değer soruluyor,"P, ABC'nin içindeyse BP + PC < AB + AC (üst sınır) ve BP + PC > BC; ayrıca her kenar için PA + PB > AB yazılıp toplanınca PA + PB + PC > (AB + BC + CA)/2 (alt sınır) çıkar",Öğrenci BP + PC'nin üst sınırını BC alır ya da PA + PB + PC'nin alt sınırını çevrenin tamamı sanır; üst ve alt sınırı veren eşitsizlikleri karıştırır,Üst sınır için içteki iki parçayı dıştaki iki kenarın toplamından küçük yaz. Alt sınır için her kenarı P'den iki ucuna olan uzaklıkların toplamından küçük yazıp topla; istenen büyüklüğü bu sınırlarla hesapla ve tam değeri seç.,"İçteki kırık yol, aynı uçları birleştiren dıştaki kırık yoldan kısadır; ama her kenar, P'den geçerek giden yoldan daha kısadır.","Kenarlar arasındaki üçgen eşitsizliği (`ucgen_esitsizligi_aralik`) ile karışır; BP + PC için BC alt sınırdır, üst sınır değil","AB = 7, AC = 9, BC = 10 olan üçgenin içindeki P için 10 < BP + PC < 16 ve PA + PB + PC > 26/2 = 13","MEB 3 Adım TYT Matematik hamle verisi (2 soru: Üçgende Temel Kavramlar, Üçgen Eşitsizliği, Üçgenin Yardımcı Elemanları, Üçgenler); ajan yazdı, 7 Ekim 2026",Üçgen eşitsizliği · iç nokta sınırları,"Üçgenin içindeki bir noktadan köşelere uzaklıklar için sınır soruluyorsa üst sınırda dıştaki iki kenarın toplamını, alt sınırda yarı çevreyi düşün."
orta_dikme_kesisimi_cevrel_merkez,"Matematik · Üçgende Temel Kavramlar, Üçgen Eşitsizliği, Üçgenin Yardımcı Elemanları · 9. Sınıf","Üçgenin kenar orta dikmeleri çizilmiş ve kesişim noktası bir kenarın üzerine düşüyor; bir kenar, açı ya da orta noktalar arası uzunluk soruluyor","Kenar orta dikmeleri, köşelere eşit uzaklıktaki çevrel çemberin merkezinde kesişir; bu merkez bir kenarın üzerindeyse o kenar çaptır, merkez o kenarın orta noktasıdır ve karşısındaki açı 90°'dir",Öğrenci kesişim noktasının o kenarın orta noktası olduğunu ve karşı açının dik olduğunu görmez,"Orta dikmelerin kesiştiği noktayı çevrel merkez olarak işaretle. Bu nokta bir kenardaysa o kenarı hipotenüs al, karşı açıyı 90° yaz; orta noktaları birleştiren parçaları kenarların yarısı olarak kullan.","Merkez üç köşeye eşit uzaklıkta olduğundan üzerinde durduğu kenarın iki ucuna da eşit uzaktadır, yani orta noktadır; çapı gören çevre açısı 90°'dir.","Açıortayların kesişimi iç teğet çemberin, kenarortayların kesişimi ağırlık merkezinin yeridir; orta noktaları birleştirmek için `orta_noktalari_birlestir_paralel_yari_bul`","ABC'de orta dikmeler BC üzerindeki O'da kesişiyor; AB = 6, AC = 8 ise A = 90°, BC = 10 ve OA = OB = OC = 5","MEB 3 Adım TYT Matematik hamle verisi (1 soru: Üçgende Temel Kavramlar, Üçgen Eşitsizliği, Üçgenin Yardımcı Elemanları); ajan yazdı, 7 Ekim 2026; az veri",Üçgen · çevrel merkez,Orta dikmelerin kesişimi bir kenarın üzerine düşüyorsa o kenarın karşısındaki açıyı hemen 90° yaz.
orta_noktalari_birlestir_paralel_yari_bul,"Matematik · Üçgende Temel Kavramlar, Üçgen Eşitsizliği, Üçgenin Yardımcı Elemanları · 9. Sınıf","Üçgende iki kenarın orta noktaları ya da bir orta nokta ile bir kenara paralel doğru verilmiş; aradaki parça, üçüncü kenar ya da bir yükseklik soruluyor","D ve E sırasıyla AB ve AC'nin orta noktalarıysa DE ∥ BC ve DE = BC/2 (orta taban); tersine, bir kenarın orta noktasından başka bir kenara paralel çizilen doğru üçüncü kenarı ortalar",Öğrenci şekil değişince bir noktanın hâlâ orta nokta kalacağını sanır ya da orta noktadan geçen parçanın karşı uzunluğun yarısı olduğunu görmez,Orta noktaları birleştir; bu parçanın üçüncü kenara paralel ve onun yarısı olduğunu yaz. Nokta artık orta nokta değilse genel benzerlik oranını (DE/BC = AD/AB) kullan.,"ADE ile ABC, oranı 1/2 olan benzer üçgenlerdir; bu yüzden DE hem paralel hem de BC'nin yarısıdır.","Yamukta orta taban iki tabanın ortalamasıdır, yarısı değil; çevrel merkez bir kenardaysa orta nokta için `orta_dikme_kesisimi_cevrel_merkez`","ABC'de BC = 18; D ve E, AB ile AC'nin orta noktalarıysa DE ∥ BC ve DE = 9","MEB 3 Adım TYT Matematik hamle verisi (3 soru: Üçgende Temel Kavramlar, Üçgen Eşitsizliği, Üçgenin Yardımcı Elemanları, Üçgende Eşlik ve Benzerlik, Yamuk, Paralelkenar); ajan yazdı, 7 Ekim 2026",Üçgen · orta taban,Bir üçgende iki orta nokta görüyorsan onları birleştir; çıkan parça üçüncü kenara paralel ve onun yarısıdır.
bir_noktada_acilar_360,"Matematik · Üçgende Temel Kavramlar, Üçgen Eşitsizliği, Üçgenin Yardımcı Elemanları · 9. Sınıf","Birden çok şeklin (üçgen, kare, düzgün çokgen) köşesi tek bir noktada buluşuyor; o noktadaki bir açı ya da şekillerin bir açısı soruluyor",Bir noktanın çevresindeki bütün açıların toplamı 360°'dir; o noktada buluşan her açı tek tek doğru sayılırsa toplamları 360°'ye eşitlenir,Öğrenci noktada buluşan açıları yanlış sayar; bir taban açısını ya da iki şekil arasındaki boşluk açısını unutur,Ortak noktadaki her açıyı tek tek listele ve bilinmeyenle yaz. Toplamlarını 360°'ye eşitleyip çöz.,Bir nokta etrafında tam bir dönüş 360°'dir; buluşan açılar bu dönüşü boşluksuz doldurur.,Buluşan açılar eşitse doğrudan 360°/n (`tam_aciyi_esit_paylastir`); bir doğru üzerinde buluşan açıların toplamı ise 180°'dir,"Bir noktada bir karenin köşesi (90°), bir düzgün altıgenin köşesi (120°) ve x açısı buluşuyorsa x = 360° − 210° = 150°","MEB 3 Adım TYT Matematik hamle verisi (3 soru: Üçgende Temel Kavramlar, Üçgen Eşitsizliği, Üçgenin Yardımcı Elemanları, Çokgenlerin ve Dörtgenlerin Özellikleri, Kare, Deltoid); ajan yazdı, 7 Ekim 2026",Açılar · bir noktada tam açı,Birkaç şeklin köşeleri tek noktada buluşuyorsa o noktadaki bütün açıları yaz ve toplamlarını 360° yap.
kenarlari_kosula_gore_dene,"Matematik · Üçgende Temel Kavramlar, Üçgen Eşitsizliği, Üçgenin Yardımcı Elemanları · 9. Sınıf",Kenarları özel bir koşulla tanımlanmış yeni bir üçgen türü verilmiş; seçeneklerden hangilerinin böyle bir üçgen olabileceği soruluyor,Bir seçenek ancak tanımdaki koşulu sağlıyorsa ve ortaya çıkan kenarlar üçgen eşitsizliğini (|b − c| < a < b + c) sağlıyorsa olabilir; ikisinden biri bozulursa o üçgen yoktur,Öğrenci tanım koşulunu uygulayıp üçgen eşitsizliğini kontrol etmeyi unutur,Her seçenekte tanıma göre eksik kenarı bul. Bulduğun kenarlarla üçgen eşitsizliğini kontrol et; ikisini de sağlayanları seç.,"Tanım kenarları belirler, ama o kenarlarla gerçekten bir üçgen kurulabilmesi ayrıca üçgen eşitsizliğine bağlıdır.","Bir kenarın aralığını bulmak (`ucgen_esitsizligi_aralik`) ile karışır; burada aralık değil, her seçenek tek tek denetlenir","Üçüncü kenarı diğer iki kenarın farkının 2 katı olan üçgende kenarlar 3 ve 7 ise üçüncü kenar 8 olur (4 < 8 < 10, üçgen olur); kenarlar 2 ve 8 ise üçüncü kenar 12 olur (12 > 10, olamaz)","MEB 3 Adım TYT Matematik hamle verisi (2 soru: Üçgende Temel Kavramlar, Üçgen Eşitsizliği, Üçgenin Yardımcı Elemanları, Çokgenlerin ve Dörtgenlerin Özellikleri); ajan yazdı, 7 Ekim 2026",Üçgen · tanıma göre kenar denetimi,Yeni tanımlanmış bir üçgen türü için seçenek eleniyorsa her seçenekte kenarları bul ve mutlaka üçgen eşitsizliğine bak.
onermelerin_birbirini_gerektirdigini_bul,"Matematik · Üçgende Temel Kavramlar, Üçgen Eşitsizliği, Üçgenin Yardımcı Elemanları · 9. Sınıf",Bir şekil ya da durum hakkında birkaç önerme verilmiş ve bunlardan belli sayıda olanın doğru olduğu söylenmiş; hangilerinin doğru olabileceği soruluyor,"Bir önerme diğerini gerektiriyorsa (p ⇒ q), p doğruyken q yanlış olamaz; tam k tanesinin doğru olduğu koşulda, doğru sayılınca başka önermeleri de doğru yapıp sayıyı aşan seçimler elenir",Öğrenci bir önermenin bir başkasını her zaman gerektirdiğini görmez; bu yüzden olanaksız seçimleri mümkün sanar,Önermeleri ikişer ikişer incele ve hangisinin hangisini gerektirdiğini yaz. Her seçimde gerektirilenleri de doğru say; doğru sayısı verilen sayıyı aşıyorsa o seçimi ele.,"Gerektirme, bir önermeyi doğru kabul edince başkalarını da doğru olmaya zorlar; doğru sayısı bu zincirle denetlenir.",p ⇒ q olması q ⇒ p demek değildir; seçenekleri tek tek eleme mantığı `kenarlari_kosula_gore_dene` ile benzerdir,"Bir dörtgen için I: kare, II: dikdörtgen, III: paralelkenar önermelerinden tam ikisi doğruysa I olamaz (I doğruysa üçü de doğru olur); doğru olanlar II ve III'tür","MEB 3 Adım TYT Matematik hamle verisi (1 soru: Üçgende Temel Kavramlar, Üçgen Eşitsizliği, Üçgenin Yardımcı Elemanları); ajan yazdı, 7 Ekim 2026; az veri",Mantık · önermelerin birbirini gerektirmesi,"""Önermelerden tam ikisi doğru"" gibi bir koşul varsa önce hangi önermenin hangisini gerektirdiğini yaz."
ozel_acidan_kenar_oranini_yaz,Matematik · Dik Üçgen ve Trigonometri · 9. Sınıf,"Dik üçgende ya da şeklin içinde gizli bir dik üçgende 30°, 45°, 60° (ya da 120°) açısı ve bir uzunluk verilmiş; başka bir uzunluk soruluyor",30°-60°-90° üçgeninde 30°'nin karşısı : 60°'nin karşısı : hipotenüs = 1 : √3 : 2; 45°-45°-90° üçgeninde 1 : 1 : √2. Tepe açısı 120° olan ikizkenar üçgende taban = kol·√3,"Öğrenci açıyı bulmadan Pisagor dener, hangi kenarın hangi açının karşısında olduğunu karıştırır ya da yatay uzaklığı eğik uzunluk sanır","Şekildeki özel açıyı bul; gerekirse kenarlardan tanı (hipotenüs kısa kenarın iki katıysa açı 30°'dir). Kenarları k, k√3, 2k ya da k, k, k√2 diye yaz ve verilen uzunluktan k'yi bul.",Özel açılı dik üçgenlerin hepsi aynı biçimdedir; bir kenar bilinince oran öteki kenarları hemen verir.,Açı verilmeyip kenarlar tam sayıysa `pisagor_ucluyu_tani`; hipotenüse çizilen kenarortay için `hipotenuse_kenarortay_yarisi`,"Hipotenüsü 14 olan 30°-60°-90° üçgeninde 30°'nin karşısı 7, 60°'nin karşısı 7√3 olur","MEB 3 Adım TYT Matematik hamle verisi (19 soru: Dik Üçgen ve Trigonometri, Kare, Deltoid, Üçgende Eşlik ve Benzerlik, Eşkenar Dörtgen, Dikdörtgen, Üçgende Temel Kavramlar, Üçgen Eşitsizliği, Üçgenin Yardımcı Elemanları, Üçgenler, Üçgenin Alanı, Çokgenlerin ve Dörtgenlerin Özellikleri, Dörtgenler, Katı Cisimler - Prizmalar); ajan yazdı, 7 Ekim 2026",Dik üçgen · özel açı oranları,"Dik üçgende 30°, 45° ya da 60° görüyorsan Pisagor yerine kenar oranlarını doğrudan yaz."
benzer_ucgen_oranini_kur,Matematik · Üçgende Eşlik ve Benzerlik · 9. Sınıf,"Ortak ya da eşit bir açıyı paylaşan iki dik üçgen var (direk ve gölge, tahterevalli, iki lamba, birbirinden uzaklaşan araçlar gibi); bir uzunluk soruluyor",İki açısı eşit üçgenler benzerdir (dik üçgenlerde bir dar açının eşit olması yeter); benzer üçgenlerde karşılık gelen kenarların oranları eşittir,"Öğrenci karşılık gelen kenarları yanlış eşler, gölgeyi ya da uzaklığı yanlış noktadan ölçer ya da ortalama almak gibi kestirmeler kullanır",Eşit açıyı paylaşan iki dik üçgeni ayrı çiz ve köşelerini sırayla eşle. Karşılık gelen kenarların oranlarını eşitleyip bilinmeyeni çöz.,Aynı açılı üçgenlerden biri ötekinin büyütülmüş hâlidir; bütün kenarlar aynı oranla büyür.,Paralel doğrularla kurulan oranlar için `paralelde_kenar_oranlari_esit`; köşeleri doğru eşlemek için `benzerlikte_kose_sirasini_esle`,2 m'lik bir çubuğun gölgesi 3 m iken aynı anda bir ağacın gölgesi 12 m ise ağacın boyu 2·12/3 = 8 m,"MEB 3 Adım TYT Matematik hamle verisi (11 soru: Üçgende Eşlik ve Benzerlik, Üçgenler, Üçgende Temel Kavramlar, Üçgen Eşitsizliği, Üçgenin Yardımcı Elemanları, Dik Üçgen ve Trigonometri, Üçgenin Alanı, Kare, Deltoid, Katı Cisimler - Prizmalar); ajan yazdı, 7 Ekim 2026",Benzerlik · ortak açılı dik üçgenler,Aynı açıyı paylaşan iki dik üçgen görüyorsan uzunluğu Pisagor'la değil benzerlik oranıyla bul.
paralelde_kenar_oranlari_esit,Matematik · Üçgende Eşlik ve Benzerlik · 9. Sınıf,"Üçgende bir kenara (tabana) paralel bir doğru parçası çizilmiş; kenar parçaları x'li ya da paralel parçanın uzunluğu, küçük üçgenin çevresi soruluyor","DE ∥ BC ise ADE ~ ABC: AD/AB = AE/AC = DE/BC; oran, tepeden ölçülen parçanın bütün kenara oranıdır (AD/DB = AE/EC de doğrudur ama DE/BC'ye eşit değildir)",Öğrenci oranı bütün kenar yerine alt parçayla (AD/DB) kurar ve bunu DE/BC'ye eşitler; paralel parçayı tabanın yarısı sanar,Küçük üçgeni büyük üçgenden ayır. Tepeden başlayan parçayı bütün kenara oranla ve bu oranı paralel parçanın tabana oranına eşitle,"Paralellik yöndeş açıları eşitler; küçük ve büyük üçgen benzer olur, tüm karşılık gelen kenarlar aynı oranda büyür","Yamukta tabanlara paralel parça tek bir üçgende değil, iki tabanın ağırlıklı ortalaması olarak bulunur: `yamukta_paralel_agirlikli_ortalama`","AD = 3, DB = 6, BC = 12 ve DE ∥ BC ise DE/12 = 3/9 → DE = 4","MEB 3 Adım TYT Matematik hamle verisi (18 soru: Üçgende Eşlik ve Benzerlik, Üçgenler, Dik Üçgen ve Trigonometri, Üçgenin Alanı, Dörtgenler, Çokgenlerin ve Dörtgenlerin Özellikleri); ajan yazdı, 7 Ekim 2026",Benzerlik · tabana paralel doğru,"Üçgende tabana paralel bir parça görüyorsan tepeden ölçülen parçayı bütün kenara oranla, alt parçaya değil"
benzerlikte_kose_sirasini_esle,Matematik · Üçgende Eşlik ve Benzerlik · 9. Sınıf,İki üçgenin benzer (ya da eş) olduğu harf sırasıyla yazılmış (ABC ~ DEF gibi) ya da iki benzer üçgen ters/döndürülmüş duruyor; karşılık gelen kenar veya açı soruluyor,"ABC ~ DEF yazılışında A↔D, B↔E, C↔F; buna göre AB/DE = BC/EF = AC/DF = k ve karşılık gelen açılar eşittir",Öğrenci kenarları şekildeki görünüşe ya da aynı konuma göre eşler; harf sırasını izlemediği için yanlış kenarı ya da açıyı eşitler,"Yazılıştaki harfleri alt alta yaz ve köşeleri sırayla eşle. Kenarları ikişer harfle eşleştir, oranı bilinen çiftten bul ve istenen kenara uygula",Benzerlik yazılışı hangi köşenin hangisine karşılık geldiğini kesin söyler; şekil ise döndürülmüş ya da ters çizilmiş olabilir,Benzerliği kendin kurman gerekiyorsa önce eşit açıları bulursun: `iki_esit_aciyi_bul_oran_kur`,"ABC ~ KLM, AB = 4, KL = 6, AC = 10 ise k = 3/2 ve KM = 10·3/2 = 15","MEB 3 Adım TYT Matematik hamle verisi (7 soru: Üçgende Eşlik ve Benzerlik); ajan yazdı, 7 Ekim 2026",Benzerlik · köşe sırasıyla eşleme,"""ABC ~ DEF"" gibi bir yazılış görüyorsan şekle bakmadan önce harfleri sırayla eşle"
esit_acinin_kenarlarini_oranla,Matematik · Üçgende Eşlik ve Benzerlik · 9. Sınıf,İki üçgende birer açı eşit (ortak açı ya da eşit dış açılar) ve bu açıyı oluşturan kenarların uzunlukları verilmiş; düz eşleyince oranlar tutmuyor,Kenar-Açı-Kenar benzerliği: bir açı eşit ve o açıyı oluşturan kenarlar orantılıysa (a/d = b/e) iki üçgen benzerdir,Öğrenci kenarları aynı sırayla eşleyip oranların tutmadığını görünce vazgeçer; çapraz eşlemeyi denemez ya da olmayan bir dikliği varsayar,Eşit açıyı belirle ve iki yanındaki kenarları her iki üçgende yaz. Oranları düz ve çapraz eşleyerek dene; tutan eşlemeyle benzerliği kur ve istenen kenarı bul,Eşit açı ve orantılı komşu kenarlar üçgenin biçimini tek türlü belirler; bu yüzden üçüncü kenarlar da aynı oranda olur,İki açı eşitliğinden benzerlik kurmak (Açı-Açı) farklı bir yoldur: `iki_esit_aciyi_bul_oran_kur`,"C açısı ortak, CD = 3, CA = 6, CB = 12 ise CD/CA = CA/CB = 1/2 → ACD ~ BCA; AD = 4 ise AB = 8","MEB 3 Adım TYT Matematik hamle verisi (2 soru: Üçgende Eşlik ve Benzerlik); ajan yazdı, 7 Ekim 2026",Benzerlik · kenar-açı-kenar,Ortak bir açının iki yanındaki kenarlar verilmiş ama oranlar düz eşlemede tutmuyorsa çapraz eşlemeyi dene
kelebek_benzerligi,Matematik · Üçgende Eşlik ve Benzerlik · 9. Sınıf,"İki paralel doğru (yamuk tabanları, karenin karşı kenarları) arasında iki doğru parçası çapraz kesişiyor ya da bir doğru uzatılınca böyle bir kesişim oluşuyor; kesişim noktasının parçaları ayırma oranı soruluyor","AB ∥ DC ve AC ile BD, E'de kesişirse EAB ~ ECD (ters duran üçgenler): AE/EC = BE/ED = AB/CD",Öğrenci oranı ters kurar (küçük tabanı büyük tabanın tarafındaki parçaya bağlar) ya da kelebeği oluşturmak için gereken uzatmayı yapmaz,Paralel iki parçayı ve kesişim noktasını belirle; gerekiyorsa bir doğruyu uzatıp ikinci paraleli oluştur. Her parçayı kendi tarafındaki paralel kenarla eşleyip oranı yaz,Ters açılar ve paralellikten gelen iç ters açılar eşit olduğu için iki üçgen benzerdir; benzerlik oranı paralel kenarların oranıdır,Paralel parça tepeyi paylaşan iç içe üçgenler oluşturuyorsa oran bütün kenarla kurulur: `paralelde_kenar_oranlari_esit`,"Yamukta AB = 6, DC = 15, köşegenler E'de kesişiyor ve AC = 14 ise AE/EC = 6/15 = 2/5 → AE = 4","MEB 3 Adım TYT Matematik hamle verisi (4 soru: Üçgende Eşlik ve Benzerlik, Yamuk, Paralelkenar, Kare, Deltoid); ajan yazdı, 7 Ekim 2026",Benzerlik · kelebek (ters duran üçgenler),İki paralel arasında çapraz kesişen doğrular görüyorsan kesişim noktasındaki ters duran üçgenleri eşle
yamukta_paralel_agirlikli_ortalama,Matematik · Üçgende Eşlik ve Benzerlik · 9. Sınıf,Yamukta tabanlara paralel bir ya da birkaç parça kolları belli oranda bölüyor (ya da uç uzunlukları eşit adımlarla değişen paralel raflar var); parçanın uzunluğu veya bölme oranı soruluyor,"Üst taban DC = a, alt taban AB = b, EF ∥ AB ve DE : EA = m : n ise EF = (a·n + b·m)/(m + n); orta taban yalnız m = n olduğunda (a + b)/2'dir",Öğrenci her paralel parçayı orta taban sanıp (a + b)/2 alır; kolun bölünme oranını hesaba katmaz,"Kolun bölünme oranını yaz. Parçanın uzunluğunu, yakın olduğu tabana daha çok ağırlık verecek biçimde ağırlıklı ortalama olarak hesapla",Tabanlara paralel parça kol boyunca doğrusal değişir; bir tabandan öbürüne giderken uzunluk eşit adımlarla artar,Tek üçgende paralel parça benzerlikle bulunur: `paralelde_kenar_oranlari_esit`; orta taban ise bunun yalnız ortadaki özel hâlidir,"DC = 6, AB = 14, DE : EA = 1 : 3 ise EF = (6·3 + 14·1)/4 = 8","MEB 3 Adım TYT Matematik hamle verisi (3 soru: Üçgende Eşlik ve Benzerlik, Yamuk, Paralelkenar); ajan yazdı, 7 Ekim 2026",Yamuk · tabana paralel parça (ağırlıklı ortalama),"Yamukta tabanlara paralel parça orta noktadan geçmiyorsa orta taban formülünü bırak, kol oranıyla ağırlıklı ortalama al"
iki_esit_aciyi_bul_oran_kur,Matematik · Üçgende Eşlik ve Benzerlik · 9. Sınıf,"İki üçgende ortak bir açı (ya da ters açı) ve ayrıca verilen bir eşit açı, dik açı veya eşkenar üçgenden gelen 60°/120° var; bir kenar soruluyor",İki açısı eşit üçgenler benzerdir (Açı-Açı); eşit açıların karşısındaki kenarlar birbirine karşılık gelir ve oranları eşittir. Oran 1 çıkarsa üçgenler eştir,Öğrenci benzer üçgenleri görse de kenarları yanlış eşler (eşit açının karşısını değil komşusunu alır) ya da bir parçayı (DB) bütün kenar (AB) sanır,Ortak açıyı ve verilen eşit açıyı işaretle; iki üçgeni eşit açılar aynı sırada olacak biçimde yaz. Eşit açıların karşısındaki kenarları oranlayıp istenen uzunluğu bul,"İki açısı eşit olan üçgenlerin üçüncü açısı da eşittir; biçimleri aynı, yalnız büyüklükleri farklıdır",Açı yerine bir açı ve onu oluşturan kenarların oranı veriliyorsa `esit_acinin_kenarlarini_oranla` kullanılır,"ABC'de D, AB üzerinde ve ACD = ABC; AD = 4, AC = 6 ise ACD ~ ABC: AD/AC = AC/AB → AB = 36/4 = 9","MEB 3 Adım TYT Matematik hamle verisi (8 soru: Üçgende Eşlik ve Benzerlik, Üçgenler, Üçgenin Alanı); ajan yazdı, 7 Ekim 2026",Benzerlik · açı-açı,"İki üçgende ortak açıya ek bir eşit açı görüyorsan hemen benzerlik yaz, sonra eşit açıların karşısındaki kenarları oranla"
kareli_duzlemde_kenarlari_hesapla,Matematik · Üçgende Eşlik ve Benzerlik · 9. Sınıf,"Kareli ya da noktalı kâğıtta köşeleri ızgara noktalarında olan üçgenler veya çokgenler verilmiş; eşlik-benzerlik, bir uzunluk ya da alan soruluyor","Izgarada iki nokta arası uzaklığın karesi (yatay fark)² + (düşey fark)²'dir; alan, kareleri sayarak ya da şekli saran dikdörtgenden dıştaki dik üçgenleri çıkararak bulunur. Birim, iki nokta aralığıdır; ölçek verilmişse uzunluğu ölçekle, alanı ölçeğin karesiyle çarp","Öğrenci eğik kenarı ya da yüksekliği gözle tahmin eder, nokta aralığını her zaman 1 birim sanar; eşlikte köşe sırasına bakmadan kenar kümelerini karşılaştırır",Her köşenin ızgaradaki yerini oku. Kenarlar için yatay ve düşey farkların karelerini topla; alan için saran dikdörtgenden dıştaki dik üçgenleri çıkar ve sonucu ölçekle düzelt,Izgara noktaları tam sayılı konum verir; Pisagor ve dik üçgen alanları tahmine gerek bırakmadan kesin sonuç verir,Kenar kareleri aynı çıksa da eşlik yazarken köşeleri harf sırasıyla eşlemek gerekir: `benzerlikte_kose_sirasini_esle`,"Köşeleri (0, 0), (4, 0), (1, 3) olan üçgenin kenar kareleri 16, 18, 10; alanı ½·4·3 = 6 kare","MEB 3 Adım TYT Matematik hamle verisi (5 soru: Üçgende Eşlik ve Benzerlik, Üçgenler, Çokgenlerin ve Dörtgenlerin Özellikleri, Dörtgenler, Katı Cisimler - Prizmalar); ajan yazdı, 7 Ekim 2026",Kareli düzlem · kenar kareleri ve alan,Köşeler ızgara noktalarındaysa hiçbir uzunluğu gözle tahmin etme; yatay ve düşey kare sayılarından hesapla
donmede_es_ucgenleri_bul,Matematik · Üçgende Eşlik ve Benzerlik · 9. Sınıf,Ortak bir köşeyi paylaşan iki eşkenar üçgen ya da iki kare var; ortak köşeden çıkmayan iki parça arasındaki açı veya uzunluk soruluyor,"Ortak köşe C'de CA = CB ve CD = CE ise, ACD ve BCE açıları da (60° ya da 90°'ye aynı açı eklendiği için) eşittir; KAK ile ACD ≅ BCE olur. Biri öbürünün C etrafında 60° (karede 90°) döndürülmüş hâlidir",Öğrenci aranan açıyı tek bir üçgende açı toplamıyla bulmaya çalışır; ortak köşedeki dönmeyle oluşan eş üçgen çiftini görmez,Ortak köşeden çıkan eşit kenar çiftlerini işaretle ve ortak açıyı içeren iki üçgeni KAK ile eş yaz. Aranan açıyı ya da kenarı eş üçgendeki karşılığına taşı,"Eş üçgenlerde karşılık gelen açılar ve kenarlar eşittir; bilinmeyen açı, bilinen açıların toplamına dönüşür",Kenarlar eşit değil de orantılıysa eşlik yerine benzerlik gerekir: `iki_esit_aciyi_bul_oran_kur`,C köşesi ortak olan eşkenar ABC ve eşkenar DCE'de ACD ≅ BCE olduğundan AD = 7 ise BE = 7 ve AD ile BE arasındaki açı 60°,"MEB 3 Adım TYT Matematik hamle verisi (2 soru: Üçgende Eşlik ve Benzerlik, Kare, Deltoid); ajan yazdı, 7 Ekim 2026",Eşlik · ortak köşede dönme (KAK),Ortak köşeli iki eşkenar üçgen ya da iki kare görüyorsan önce ortak köşeden çıkan eşit kenarlarla iki eş üçgen ara
simetride_uzaklik_korunur,Matematik · Üçgende Eşlik ve Benzerlik · 9. Sınıf,"Bir noktanın bir doğruya (açının kolu, köşegen, kenar) göre simetriği alınmış; simetrik noktalar arası uzaklık, açı ya da oluşan şeklin türü soruluyor","P'nin d doğrusuna göre simetriği P' ise d, PP'nin orta dikmesidir: d üzerindeki her A için AP = AP' ve d ile yapılan açılar eşittir. Açının iki koluna göre simetriklerde AK = AL = AP ve KAL = 2·(açı)",Öğrenci simetriyle açının iki katına çıktığını görmez (KAL'yi asıl açıya eşit sanır) ya da simetri ekseninin her durumda açıortay olduğunu varsayar,Simetri eksenini orta dikme olarak işaretle; eksen üzerindeki noktaları iki görüntüye eşit uzaklıkta yaz ve açıları taşı. Oluşan ikizkenar üçgende istenen uzunluğu hesapla,"Yansıma uzunlukları ve açıları korur; eksen, nokta ile görüntüsünü birleştiren parçayı dik keser ve ortalar",Döndürmede de uzunluk korunur ama eksen yerine bir merkez vardır: `donmede_es_ucgenleri_bul`,"45°'lik açının içinde, köşeye 6 uzaklıktaki P'nin iki kola göre simetrikleri K ve L ise AK = AL = 6, KAL = 90° → KL = 6√2","MEB 3 Adım TYT Matematik hamle verisi (2 soru: Üçgende Eşlik ve Benzerlik, Dörtgenler); ajan yazdı, 7 Ekim 2026",Simetri · orta dikme ve eşit uzaklık,Bir noktanın doğruya göre simetriği verilmişse eksen üzerindeki noktaları iki görüntüye eşit uzaklıkta yaz
yansimada_gelen_giden_esit,Matematik · Üçgenler · 9. Sınıf,"Aynadan yansıyan ışın, duvara çarpan top ya da bilardo topu var; ışınlar arasındaki açı ya da yansıyan en kısa yolun uzunluğu soruluyor","Gelen ışının aynayla yaptığı açı yansıyan ışının aynayla yaptığı açıya eşittir. En kısa yol için hedefi aynaya göre yansıt; yol, başlangıçtan görüntüye giden düz parçanın uzunluğudur","Öğrenci açıyı aynanın normaline göre ölçüp karıştırır, yansıma noktasını ortada sanır ya da çok yansımalı yolu parça parça hesaplar",Ayna doğrusuyla yapılan açıları eşit işaretle ve aynalarla ışınların oluşturduğu üçgenlerde açıları tamamla. Yol uzunluğu isteniyorsa hedefin aynaya göre görüntüsünü al ve düz uzaklığı hesapla,"Yansıyan ışın, görüntüye giden doğrunun devamıdır; iki nokta arasındaki en kısa yol da düz doğru parçasıdır",Açıları tamamlarken dış açının komşu olmayan iki iç açının toplamı olması sık gerekir: `dis_aci_iki_ic_aci_toplami`,"A noktası duvara 3, B noktası 5 uzaklıkta ve duvar boyunca aralarında 6 birim varsa duvara değen en kısa yol √(6² + 8²) = 10","MEB 3 Adım TYT Matematik hamle verisi (3 soru: Üçgenler, Dik Üçgen ve Trigonometri, Eşkenar Dörtgen, Dikdörtgen); ajan yazdı, 7 Ekim 2026",Açılar · yansıma (gelen = giden),"Ayna, duvar ya da bilardo görüyorsan aynayla yapılan açıları eşitle; en kısa yol soruluyorsa hedefi yansıt"
ucgende_aci_toplami_180,Matematik · Üçgenler · 9. Sınıf,"Şekilde iki açısı bilinen ya da katlama, açıortay, yansıma gibi adımlardan bulunabilen bir üçgen var; üçüncü açı soruluyor",Her üçgende iç açıların toplamı 180°'dir: A + B + C = 180°,"Öğrenci yanlış üçgeni seçer ya da önceki adımda bir açıyı (komşu açıyı, paralelkenarın öbür açısını) yanlış alır",Aranan açıyı içeren ve öbür iki açısı bilinen üçgeni seç; bilinmeyen açıyı 180°'den iki açının toplamını çıkararak yaz,Üçgende açıların toplamı her zaman sabit olduğundan iki açı üçüncüyü tek türlü belirler,Üçgenin dışındaki bir açı soruluyorsa doğrudan `dis_aci_iki_ic_aci_toplami` daha kısadır,Bir üçgende açılar 48° ve 75° ise üçüncü açı 180 − 123 = 57°,"MEB 3 Adım TYT Matematik hamle verisi (4 soru: Üçgenler, Yamuk, Paralelkenar); ajan yazdı, 7 Ekim 2026",Üçgende açılar · iç açılar toplamı,Zincirin son adımında iki açısı belli bir üçgen kaldıysa üçüncüyü 180'den çıkararak yaz
donmede_uzunluk_korunur,Matematik · Dörtgenler · 10. Sınıf,"Bir parça, direk, tablo ya da dikdörtgen bir nokta etrafında döndürülüyor veya yuvarlanıyor; yeni konumdaki uzaklık ya da yükseklik soruluyor",Dönme uzunlukları ve açıları korur; dönme merkezine olan uzaklık değişmez. Art arda yuvarlanmada her adımın merkezi yere değen yeni köşedir,Öğrenci döndürülen parçanın uzunluğunu yeni konumda farklı alır ya da ikinci yuvarlanmada dönme merkezini değiştirmez,"Döndürülen parçanın uzunluğunu sabit yaz ve yeni konumu bu uzunlukla, koordinat ya da dik üçgen kurarak yerleştir. Birden çok dönme varsa her adımda merkezi güncelle","Dönme katı bir harekettir; şeklin biçimi ve boyutu korunur, yalnız yeri değişir",Basamaklı şekillerde kenarları kaydırarak çevre bulmak farklı bir hamledir: `cevreyi_yatay_dikey_topla`,10 m'lik direk dibi etrafında devrilip ucu 6 m yükseklikte duvara dayanırsa dibinin duvara uzaklığı √(100 − 36) = 8 m,"MEB 3 Adım TYT Matematik hamle verisi (3 soru: Dörtgenler, Üçgenler); ajan yazdı, 7 Ekim 2026",Dönüşüm · dönmede uzunluk korunur,Bir şey döndürülüyor ya da yuvarlanıyorsa döndürülen parçanın uzunluğunu yeni konumda aynen kullan
dikdortgenden_disaridaki_ucgenleri_cikar,"Matematik · Eşkenar Dörtgen, Dikdörtgen · 10. Sınıf",Köşeleri bir dikdörtgenin kenarlarında ya da kareli/noktalı zeminin ızgara noktalarında olan bir üçgen veya dörtgen var; alanı ya da eğik bir kenara ait yüksekliği soruluyor,İçteki şeklin alanı = saran dikdörtgenin alanı − dışarıda kalan dik üçgenlerin (gerekirse dikdörtgenlerin) alanları; her dik üçgen ½·yatay·düşey,Öğrenci yüksekliği gözle ya da kare sayarak tahmin eder; noktalı kâğıtta ölçeği hesaba katmaz,Şekli saran dikdörtgeni çiz ve alanını yaz; köşelerden dışarıda kalan dik üçgenlerin alanlarını tek tek çıkar. Yükseklik soruluyorsa bulunan alanı ½·taban·h'ye eşitle,Dışarıda kalan parçaların kenarları yatay ve düşeydir; alanları sayarak kesin bulunur,Paralelkenarda bir kenara dayanıp karşı kenarda biten üçgen ise doğrudan alanın yarısıdır: `kosegen_paralelkenari_ikiye_boler`,"5 × 4 dikdörtgende köşeleri (0, 0), (5, 1), (2, 4) olan üçgen: 20 − (2,5 + 4,5 + 4) = 9","MEB 3 Adım TYT Matematik hamle verisi (6 soru: Eşkenar Dörtgen, Dikdörtgen, Üçgenler, Çokgenlerin ve Dörtgenlerin Özellikleri); ajan yazdı, 7 Ekim 2026",Alan · saran dikdörtgenden çıkarma,Eğik kenarlı bir üçgenin köşeleri dikdörtgenin kenarlarında ya da ızgarada ise yüksekliği arama; saran dikdörtgenden dıştakileri çıkar
ayni_yukseklikte_alan_taban_orani,Matematik · Üçgenin Alanı · 9. Sınıf,Bir üçgenin tabanı bir ya da birkaç noktayla parçalara bölünmüş (veya kenar oranları verilmiş) ve tepesi ortak alt üçgenler var; alanlar ya da alan oranı soruluyor,"Tepesi aynı, tabanları aynı doğru üzerinde olan üçgenlerin yükseklikleri eşittir; alanları tabanlarıyla orantılıdır: BD : DC = A(ABD) : A(ADC)","Öğrenci oranı ters kurar, alan oranını kenar oranının karesi sanır ya da hangi üçgenlerin aynı yüksekliği paylaştığını görmez",Ortak tepeyi ve tabanların durduğu doğruyu belirle; taban parçalarının oranını alanlara aynen aktar. Gerekirse oranı birkaç kez art arda uygula,Alan ½·taban·yükseklik olduğundan yükseklik ortakken alanları yalnız tabanlar belirler,Benzer üçgenlerde alan oranı kenar oranının karesidir: `alan_orani_kenar_oraninin_karesi`,"ABC'nin alanı 40, D BC üzerinde ve BD : DC = 3 : 5 ise A(ABD) = 15, A(ADC) = 25","MEB 3 Adım TYT Matematik hamle verisi (11 soru: Üçgenin Alanı, Yamuk, Paralelkenar, Dörtgenler, Üçgenler, Eşkenar Dörtgen, Dikdörtgen); ajan yazdı, 7 Ekim 2026",Üçgenin alanı · ortak yükseklikte taban oranı,Aynı tepeden aynı doğruya inen üçgenler varsa alanları taban parçalarıyla oranla
ic_dis_aciortay_dikligini_kullan,Matematik · Üçgenler · 9. Sınıf,Bir köşede hem iç hem dış açıortay var ya da iç açıortaya dik bir doğru çizilmiş; bir açı ya da karşı kenarın uzantısındaki parça soruluyor,"Aynı köşenin iç ve dış açıortayları diktir. C'deki dış açıortay AB'nin uzantısını E'de keserse E, AB'yi dıştan böler: EA/EB = CA/CB (CA ≠ CB olmalı)","Öğrenci dış açıortayı iç açıortay sanır, iç açıortaya dik doğrunun dış açıortay olduğunu görmez ya da dıştan bölmeyi içten bölme gibi yazar",Köşedeki iç ve dış açıortay arasına 90° yaz. Dış açıortay için uzantıdaki noktayla EA/EB = CA/CB oranını kur ve parçayı x ile çöz,Bir köşedeki iç ve komşu dış açının toplamı 180° olduğundan yarılarının toplamı 90°'dir,İç açıortay karşı kenarı içten aynı oranda böler; dış açının iki iç açının toplamı olması da bu sorularda gerekir: `dis_aci_iki_ic_aci_toplami`,"ABC'de CA = 6, CB = 4, AB = 5; C'deki dış açıortay AB uzantısını E'de keserse (x + 5)/x = 3/2 → EB = 10","MEB 3 Adım TYT Matematik hamle verisi (3 soru: Üçgenler, Yamuk, Paralelkenar); ajan yazdı, 7 Ekim 2026",Açıortay · iç ve dış açıortay,Bir köşede iç açıortaya dik bir doğru ya da dış açıortay görüyorsan 90°'yi ve dıştan bölme oranını yaz
dikme_uzunluklarindan_kesisim_yuksekligi_kur,Matematik · Üçgenler · 9. Sınıf,"Aynı zemine dik iki direk (ya da paralel iki dikme) var, her birinin tepesi öbürünün dibine bağlanmış; çaprazların kesiştiği noktanın yerden yüksekliği soruluyor",Boyları a ve b olan iki paralel dikmenin çaprazları h = a·b/(a + b) yükseklikte kesişir (1/h = 1/a + 1/b); dikmeler arası uzaklık sonucu etkilemez,Öğrenci iki yüksekliğin ortalamasını alır ya da aradaki uzaklığı hesaba sokmaya çalışır,İki dikmenin boylarını yaz ve kesişim yüksekliğini h = a·b/(a + b) ile hesapla; gerekiyorsa birimi çevir,İki çift benzer üçgenden h/a ve h/b oranlarının toplamı 1 çıkar; aradaki uzaklık sadeleşip gider,"Yamukta köşegenlerin kesişiminden geçen ve tabanlara paralel olan parça ise 2ab/(a + b) uzunluğundadır, yani bu yüksekliğin iki katı",Boyları 3 m ve 6 m olan iki direğin çaprazları 3·6/9 = 2 m yükseklikte kesişir,"MEB 3 Adım TYT Matematik hamle verisi (1 soru: Üçgenler); ajan yazdı, 7 Ekim 2026; az veri",Benzerlik · çapraz dikmeler (ab/(a + b)),İki dikmenin uçları çapraz bağlanmışsa aradaki uzaklığa bakma; doğrudan ab/(a + b) yaz
alani_iki_kenar_sinus_ile_yaz,Matematik · Üçgenin Alanı · 9. Sınıf,"Üçgende (ya da köşegenle üçgenlere bölünmüş dörtgende) iki kenar ve aralarındaki açı belli, açı çoğunlukla 30°, 60°, 120° gibi özel bir açı; alan soruluyor","Alan = ½·a·b·sin C; a ve b, C açısını oluşturan iki kenardır. sin(180° − C) = sin C olduğundan geniş açıda da kullanılır",Öğrenci yüksekliği ayrıca bulmaya uğraşır ya da eğik kenarı yükseklik sanar; açının o iki kenarın arasındaki açı olduğunu kontrol etmez,Açıyı oluşturan iki kenarı belirle. Alanı ½·kenar·kenar·sin(açı) diye yaz ve özel açının sinüs değerini koy,Kenarlardan birinin sinüsle çarpımı öbür kenara ait yüksekliği verir; böylece yükseklik ayrıca aranmaz,Taban ve ona dik yükseklik doğrudan belliyse `alani_taban_yukseklikle_yaz` daha kısadır,"Kenarları 8 ve 5, aralarındaki açı 30° olan üçgenin alanı ½·8·5·½ = 10","MEB 3 Adım TYT Matematik hamle verisi (11 soru: Üçgenin Alanı, Kare, Deltoid, Üçgenler, Katı Cisimler - Prizmalar); ajan yazdı, 7 Ekim 2026",Üçgenin alanı · iki kenar ve sinüs,İki kenar ve aralarındaki özel açı verilmişse yükseklik arama; ½·a·b·sin(açı) yaz
eskenarda_yuksekligi_3e_bol,Matematik · Üçgenin Alanı · 9. Sınıf,"Eşkenar üçgenin içinde ya da dışında kenarlarına paralel, belli uzaklıkta çizilmiş başka bir eşkenar üçgen (şerit, bant, çerçeve) var; iç/dış üçgenin kenarı ya da aradaki alan soruluyor","Kenarı a olan eşkenar üçgende yükseklik h = a√3/2, iç teğet çemberin yarıçapı r = h/3 = a/(2√3). Aynı merkezli, kenarları paralel iki eşkenar üçgende paralel kenarlar arası uzaklık r farkıdır",Öğrenci paralel kenarlar arası uzaklığı kenar farkına eşitler ya da kenarı bu uzaklık kadar uzatır; uzaklığın merkeze olan uzaklıktan (r) gittiğini görmez,"Dış üçgenin r'sini kenar/(2√3) ile bul. Paralel uzaklığı r'ye ekle ya da r'den çıkar, yeni r'yi 2√3 ile çarpıp yeni kenarı bul","Eşkenar üçgenin merkezi her kenara r uzaklıktadır; paralel kaydırma her kenarı merkezden aynı miktarda uzaklaştırır, kenar da r ile orantılı değişir",Kenarlar bulunduktan sonra iki üçgenin alan oranı kenar oranının karesidir: `alan_orani_kenar_oraninin_karesi`,Kenarı 12√3 olan eşkenar üçgende r = 6; kenarlara 2 içeriden paralel çizilen üçgende r = 4 → kenar 2√3·4 = 8√3,"MEB 3 Adım TYT Matematik hamle verisi (5 soru: Üçgenin Alanı, Üçgenler, Yamuk, Paralelkenar, Katı Cisimler - Prizmalar); ajan yazdı, 7 Ekim 2026",Eşkenar üçgen · iç teğet yarıçap (yüksekliğin üçte biri),"Eşkenar üçgenin kenarlarına paralel sabit genişlikte şerit görüyorsan kenarlarla değil, merkeze uzaklık r = h/3 ile çalış"
ayni_acili_ucgen_alan_kenar_carpimi,Matematik · Üçgenler · 9. Sınıf,"Bir köşedeki açıyı paylaşan (ya da bütünler açılı) küçük ve büyük üçgen var, açıyı oluşturan kenarların oranları verilmiş; alan oranı veya alan soruluyor",A açısı ortak ise A(ADE)/A(ABC) = (AD·AE)/(AB·AC). Açılar bütünler olsa da sinüsleri eşit olduğundan oran aynı kalır,Öğrenci oranları ters kurar (parça yerine kalan parçayı alır) ya da yalnız bir kenar oranını kullanır,Ortak açıyı oluşturan iki kenarı her üçgende yaz. Kenar çarpımlarını oranla ve bu oranı bilinen alana uygula,Alan ½·a·b·sin A olduğundan ortak açıda sinüs sadeleşir; geriye yalnız kenar çarpımları kalır,Yalnız bir kenar bölünmüşse ortak yükseklikten alan oranı taban oranıdır; benzer üçgenlerde ise kenar oranının karesidir,"AB = 10, AC = 12, AD = 4, AE = 9 ve A(ABC) = 60 ise A(ADE) = 60·(4·9)/(10·12) = 18","MEB 3 Adım TYT Matematik hamle verisi (2 soru: Üçgenler, Eşkenar Dörtgen, Dikdörtgen); ajan yazdı, 7 Ekim 2026",Üçgenin alanı · ortak açıda kenar çarpımları,Köşede ortak açılı iki üçgen ve iki kenarın oranı verilmişse alan oranını kenar çarpımlarıyla yaz
hipotenuse_kenarortay_yarisi,Matematik · Dik Üçgen ve Trigonometri · 9. Sınıf,"Dik üçgende hipotenüsün orta noktası verilmiş ya da dik köşeden hipotenüse kenarortay çizilmiş; bir uzunluk, açı ya da alan soruluyor",Dik üçgende hipotenüse ait kenarortay hipotenüsün yarısıdır: M orta nokta ise MA = MB = MC. Böylece iki ikizkenar üçgen oluşur ve AMC dış açısı 2B olur,"Öğrenci hipotenüsün orta noktasını görmez, kenarortayı ayrıca Pisagor'la bulmaya çalışır ya da oluşan ikizkenar üçgenleri kullanmaz",Hipotenüsün orta noktasını işaretle ve onu üç köşeye eşit uzaklıkta (hipotenüs/2) yaz. Oluşan ikizkenar üçgenlerdeki eşit açılarla devam et,Dik üçgenin çevrel çemberinin merkezi hipotenüsün orta noktasıdır; üç köşe de bu merkeze yarıçap kadar uzaktır,Ağırlık merkezi bu kenarortayı 2 : 1 böler ve dik köşeye uzaklığı hipotenüs/3 olur: `agirlik_merkezi_kenarortayi_2_1_boler`,"Dik kenarları 9 ve 12 olan üçgende hipotenüs 15, hipotenüse ait kenarortay 7,5","MEB 3 Adım TYT Matematik hamle verisi (5 soru: Dik Üçgen ve Trigonometri, Üçgenler, Üçgenin Alanı, Çokgenlerin ve Dörtgenlerin Özellikleri); ajan yazdı, 7 Ekim 2026",Dik üçgen · hipotenüse kenarortay,Dik üçgende hipotenüsün orta noktası geçiyorsa oradan üç köşeye eşit uzunlukları hemen yaz
koordinat_yerlestir_dogru_kesistir,Matematik · Çokgenlerin ve Dörtgenlerin Özellikleri · 10. Sınıf,"Dik açılı bir şekil (dikdörtgen, kare, dik üçgen, düzgün çokgen) içinde iki doğru parçası kesişiyor; kesişim noktasının yeri, oluşan küçük üçgenin alanı ya da bir parça oranı soruluyor","Dik köşeyi orijine, dik kenarları eksenlere koy; iki noktadan geçen doğru y − y₁ = m(x − x₁), m = (y₂ − y₁)/(x₂ − x₁). İki denklemi eşitleyince kesişim noktası çıkar",Öğrenci noktaların koordinatlarını yanlış yerleştirir (ağırlık merkezini kenarortayın ortasına koymak gibi) ya da uzunluğu yanlış kenara verir,Şekli eksenlere oturt ve köşelerle verilen noktaların koordinatlarını yaz. İki doğrunun denklemini kurup eşitle; bulunan noktayla alanı ya da uzunluğu hesapla,Koordinatlar benzer üçgen aramayı gereksiz kılar; kesişim noktası iki denklemin ortak çözümüdür,Aynı sorular çoğu kez benzer üçgenlerle (ters duran üçgenlerin oranıyla) da çözülür; koordinat yolu oranları görmek zorlaşınca seçilir,"Kenarı 6 olan karede A(0, 0), B(6, 0), C(6, 6); AC: y = x, B ile CD'nin orta noktası (3, 6) arası: y = −2x + 12 → K(4, 4), A(ABK) = ½·6·4 = 12","MEB 3 Adım TYT Matematik hamle verisi (9 soru: Çokgenlerin ve Dörtgenlerin Özellikleri, Kare, Deltoid, Üçgenler, Dik Üçgen ve Trigonometri, Üçgenin Alanı, Eşkenar Dörtgen, Dikdörtgen, Dörtgenler); ajan yazdı, 7 Ekim 2026",Analitik geometri · doğruların kesişimi,Dik açılı bir şekilde kesişen doğrular varsa ve benzerlik hemen görünmüyorsa şekli eksenlere yerleştirip denklemleri eşitle
ortak_hipotenusle_pisagor_topla,Matematik · Dik Üçgen ve Trigonometri · 9. Sınıf,Dörtgende karşılıklı iki açı dik ve bu iki köşeyi ayırmayan köşegen iki dik üçgenin ortak hipotenüsü; kenarlardan bazıları verilip başka bir kenar ya da köşegen soruluyor,A ve C açıları dik ise BD her iki üçgenin hipotenüsüdür: AB² + AD² = BD² = CB² + CD²,Öğrenci köşegeni hiç yazmadan kenarları tek tek bulmaya çalışır ya da iki üçgeni ayrı ayrı çözmeye uğraşır,Ortak hipotenüsün karesini iki üçgende ayrı ayrı yaz ve iki ifadeyi eşitle. Bilinmeyen kenarı bu eşitlikten çöz,Ortak hipotenüs iki Pisagor eşitliğini birbirine bağlar; köşegenin kendisini bulmak gerekmez,Hipotenüs² − dik kenar² farkını çarpanlara ayırmak ayrı bir hamledir: `hipotenus_kare_farki_ac`,"A ve C dik, AB = 4, AD = 7, BC = 1 ise 16 + 49 = 1 + CD² → CD = 8","MEB 3 Adım TYT Matematik hamle verisi (2 soru: Dik Üçgen ve Trigonometri, Çokgenlerin ve Dörtgenlerin Özellikleri); ajan yazdı, 7 Ekim 2026",Dik üçgen · ortak hipotenüste Pisagor,Bir köşegen iki dik üçgenin ortak hipotenüsüyse kenar karelerini iki yoldan yazıp eşitle
hipotenus_kare_farki_ac,Matematik · Dik Üçgen ve Trigonometri · 9. Sınıf,Dik üçgende bir dik kenar ile hipotenüsün toplamı (ya da farkı) ve öbür dik kenar biliniyor; hipotenüs veya kenar soruluyor,c² − a² = b² olduğundan (c − a)(c + a) = b²; c + a biliniyorsa c − a = b²/(c + a) bulunur,Öğrenci kareleri açıp ikinci dereceden denklem kurar ya da toplam/fark bilgisini iki ayrı uzunluk sanıp birimleri karıştırır,"Pisagor'u c² − a² = b² diye yaz ve sol tarafı (c − a)(c + a) olarak aç. Bilinen toplamla farkı bul, iki denklemi toplayıp çıkararak kenarları çöz",Kare farkı çarpanlara ayrılınca bilinen toplam doğrudan yerine konur; denklem birinci dereceye iner,Ortak hipotenüslü iki üçgen varsa kareleri eşitlemek gerekir: `ortak_hipotenusle_pisagor_topla`,"Dik kenar b = 15 ve c + a = 25 ise c − a = 225/25 = 9 → c = 17, a = 8","MEB 3 Adım TYT Matematik hamle verisi (1 soru: Dik Üçgen ve Trigonometri); ajan yazdı, 7 Ekim 2026; az veri",Dik üçgen · kare farkı,Dik üçgende hipotenüsle bir dik kenarın toplamı verilmişse kare farkını (c − a)(c + a) diye aç
birim_cemberde_koordinat_cos_sin,Matematik · Dik Üçgen ve Trigonometri · 9. Sınıf,"Birim çember üzerinde bir nokta ya da açı verilmiş, noktanın bir koordinatı biliniyor; sin, cos, tan veya bunlarla kurulmuş bir ifade soruluyor","Birim çemberde açının bitim noktası (cos α, sin α)'dır; cos²α + sin²α = 1, tan α = sin α / cos α. İşaret, noktanın bulunduğu bölgeden okunur","Öğrenci apsisi sinüs, ordinatı kosinüs sanır; tan'ı cos/sin alır ya da II. bölgede kosinüsü pozitif yazar","Noktayı (cos, sin) diye etiketle. Eksik bileşeni x² + y² = 1'den bul, işaretini bölgeye göre ver ve ifadede yerine koy","Birim çemberde yarıçap 1 olduğu için dik üçgenin yatay kenarı cos, düşey kenarı sin olur",Açı özel bir açıysa değerleri doğrudan yazmak daha kısadır: `ozel_aci_degerlerini_yaz`,"α II. bölgede ve sin α = 3/5 ise cos α = −4/5, tan α = −3/4","MEB 3 Adım TYT Matematik hamle verisi (3 soru: Dik Üçgen ve Trigonometri); ajan yazdı, 7 Ekim 2026",Trigonometri · birim çemberde koordinat,"Birim çemberde bir nokta görüyorsan x'i cos, y'yi sin diye yaz ve işareti bölgeden kontrol et"
agirlik_merkezi_kenarortayi_2_1_boler,Matematik · Dik Üçgen ve Trigonometri · 9. Sınıf,"Üçgende ağırlık merkezi (kenarortayların kesişimi) verilmiş ya da ondan geçen tabana paralel bir parça çizilmiş; bir uzaklık, parça ya da alan soruluyor","Ağırlık merkezi her kenarortayı köşeden 2, kenardan 1 oranında böler; tabana uzaklığı yüksekliğin 1/3'üdür. Dik üçgende hipotenüs kenarortayı hipotenüs/2 olduğundan G'nin dik köşeye uzaklığı hipotenüs/3'tür","Öğrenci G'yi kenarortayın ortasına koyar, parçayı kenarortayın tamamı sanır ya da dik üçgende hipotenüsün yarısını alır","İlgili kenarortayı bul ve 2 : 1 böl; köşe tarafını 2k, kenar tarafını k yaz. G'den geçen paralel varsa yüksekliğin 1/3'ünde olduğunu kullan",Kenarortaylar tek noktada kesişir ve bu nokta her kenarortayın köşeden üçte iki uzaklığındadır,Önce kenarortay uzunluğu gerekiyorsa dik üçgende `hipotenuse_kenarortay_yarisi` kullanılır,"Dik kenarları 6 ve 8 olan üçgende hipotenüs 10, kenarortay 5, G'nin dik köşeye uzaklığı 10/3","MEB 3 Adım TYT Matematik hamle verisi (7 soru: Dik Üçgen ve Trigonometri, Üçgenin Alanı, Çokgenlerin ve Dörtgenlerin Özellikleri, Dörtgenler); ajan yazdı, 7 Ekim 2026",Ağırlık merkezi · kenarortayda 2 : 1,Ağırlık merkezi geçiyorsa ilgili kenarortayı hemen 2k ve k diye ikiye ayır
ozel_aci_degerlerini_yaz,Matematik · Dik Üçgen ve Trigonometri · 9. Sınıf,"İfadede 30°, 45°, 60° (ya da 120°, 150° gibi bunlarla ilişkili) açıların trigonometrik oranları var; sayısal değer soruluyor","sin30 = cos60 = 1/2, sin60 = cos30 = √3/2, sin45 = cos45 = √2/2, tan30 = √3/3, tan45 = 1, tan60 = √3; cot = 1/tan. Geniş açılarda değer 180° − açıdan, işaret bölgeden gelir","Öğrenci tan60 ile tan30'u karıştırır, tan'ı cos/sin alır ya da geniş açıda işareti unutur",Her oranın değerini özel açı tablosundan yaz. Kesirleri sadeleştirip işlemi sayılarla tamamla,Özel açıların oranları sabit sayılardır; ifadeyi sayılara çevirince geriye yalnız aritmetik kalır,Açı birim çemberde nokta olarak verildiyse `birim_cemberde_koordinat_cos_sin` ile işareti oradan oku,sin30·tan60 + sin45·cos45 = (1/2)·√3 + 1/2 = (√3 + 1)/2,"MEB 3 Adım TYT Matematik hamle verisi (4 soru: Dik Üçgen ve Trigonometri); ajan yazdı, 7 Ekim 2026",Trigonometri · özel açı değerleri,"İfadede yalnız 30°, 45°, 60° gibi açılar varsa formül arama; değerleri tablodan yazıp hesapla"
ozel_aci_parcala_15_75,Matematik · Dik Üçgen ve Trigonometri · 9. Sınıf,Dik üçgende ya da düzgün çokgen şeklinde 15° veya 75°'lik bir açı çıkıyor; bu açının karşısındaki ya da komşusundaki kenar soruluyor,"tan75 = 2 + √3, tan15 = 2 − √3, sin75 = cos15 = (√6 + √2)/4. Bunları bilmiyorsan 15°'lik köşeden 30° oluşturacak bir doğru çiz: bir ikizkenar üçgen ve bir 30-60-90 üçgeni oluşur",Öğrenci 75°'yi tablodaki bir açı sanmadığı için takılır ya da 30° ve 45° değerlerini toplayıp sinüsü yanlış bulur,75°'nin tanjantını 2 + √3 diye yaz ve kenarı bununla çarp. İstersen 15°'lik köşede 30° açı yapan doğruyu çizip ikizkenar ve 30-60-90 parçalarından kenarları topla,"15° ve 75°, 30° ile 45°/60°'tan türeyen açılardır; parçalama ya da hazır değer onları bilinen oranlara indirir","30°, 45°, 60° gibi açılarda doğrudan tablo yeter: `ozel_aci_degerlerini_yaz`",Dik üçgende 75°'lik açıya komşu dik kenar 2 ise karşı dik kenar 2(2 + √3) = 4 + 2√3,"MEB 3 Adım TYT Matematik hamle verisi (2 soru: Dik Üçgen ve Trigonometri, Çokgenlerin ve Dörtgenlerin Özellikleri); ajan yazdı, 7 Ekim 2026",Trigonometri · 15° ve 75° açılar,15° ya da 75° görüyorsan ya tan75 = 2 + √3 değerini kullan ya da 30° oluşturan bir doğruyla şekli parçala
tumler_acida_sin_cos_degisir,Matematik · Dik Üçgen ve Trigonometri · 9. Sınıf,"İfadede toplamı 90° (π/2) olan ya da toplamı başka açılar cinsinden yazılınca 90° çıkan açıların sin, cos, tan, cot değerleri var; ifadenin değeri soruluyor","α + β = 90° ise sin α = cos β, cos α = sin β, tan α = cot β; dolayısıyla tan α·tan β = 1","Öğrenci hangi iki açının tümler olduğunu yanlış belirler (verilen bağıntıdan değil, harflerin toplamından sanır) ve dönüşümü yanlış açıya uygular",Verilen bağıntıdan tümler çiftleri bul. Birinin sinüsünü öbürünün kosinüsü (tan'ı öbürünün cot'u) diye yaz ve ifadede sadeleştir,Dik üçgende bir dar açının karşı kenarı öbür dar açının komşu kenarıdır; oranlar yer değiştirir,Açı değerleri özel açıysa doğrudan tablo kullanılır: `ozel_aci_degerlerini_yaz`,sin20°/cos70° = 1 ve tan35°·tan55° = 1,"MEB 3 Adım TYT Matematik hamle verisi (1 soru: Dik Üçgen ve Trigonometri); ajan yazdı, 7 Ekim 2026; az veri",Trigonometri · tümler açılar,Toplamı 90° olan iki açı görüyorsan birinin sin'ini öbürünün cos'una çevirip sadeleştir
alani_taban_yukseklikle_yaz,Matematik · Üçgenin Alanı · 9. Sınıf,Üçgenin bir kenarı ve o kenara dik uzaklık (yükseklik) verilmiş ya da dik üçgende dik kenarlar bulunabiliyor; alan soruluyor,Alan = ½·taban·yükseklik; yükseklik tabana dik olmalı. Dik üçgende dik kenarlardan biri öbürüne ait yüksekliktir,"Öğrenci eğik kenarı yükseklik alır, tabanın hangi parçası olduğunu karıştırır ya da her kenarı ayrı ayrı bulmaya uğraşır",Yüksekliği bilinen ya da kolay bulunan kenarı taban seç. Gerekirse Pisagor'la eksik uzunluğu bul ve ½·taban·yükseklik yaz,"Yükseklik tabana dik olduğu için üçgen, aynı taban ve yükseklikteki dikdörtgenin yarısı kadardır",Dik yükseklik değil de iki kenar ve aradaki açı verilmişse `alani_iki_kenar_sinus_ile_yaz` kullanılır,"Hipotenüsü 13, bir dik kenarı 5 olan dik üçgende öbür dik kenar 12, alan ½·5·12 = 30","MEB 3 Adım TYT Matematik hamle verisi (9 soru: Üçgenin Alanı, Eşkenar Dörtgen, Dikdörtgen, Dörtgenler); ajan yazdı, 7 Ekim 2026",Üçgenin alanı · taban ve yükseklik,Bir kenar ve ona dik bir uzunluk görüyorsan (dik üçgende dik kenarlar dahil) ½·taban·yükseklik yaz
esit_acilardan_esit_kenar_cikar,Matematik · Üçgenin Alanı · 9. Sınıf,"Dik açılar ve bir açıortay (ya da ters açılar) iç içe; iki açının aynı ifadeye (90° − θ gibi) eşit çıktığı küçük bir üçgen var, bir uzunluk ya da alan soruluyor",Bir dik üçgende dar açılar tümlerdir; ters açılar eşittir. Bir üçgende iki açı eşitse karşılarındaki kenarlar eşittir (ikizkenar),Öğrenci açıları tek tek yazar ama iki açının eşit çıktığını fark etmez; eksik kenarı bulmadan alana geçmeye çalışır,"Bilinmeyen açıya θ de ve her dik üçgende öbür dar açıyı 90° − θ diye yaz. Aynı ifadeyi alan iki açıyı bul, karşılarındaki kenarları eşitle","Tümler ve ters açılar farklı yerlerdeki açıları aynı ifadeye bağlar; eşit açılar ikizkenarlığı, o da eşit kenarı verir",Eşit kenar bulunduktan sonra alan için `alani_taban_yukseklikle_yaz` ya da tabanı ortalayan yükseklik için `ikizkenar_yukseklik_tabani_ortalar` gerekir,"A = 90° olan üçgende B açıortayı AC'yi E'de, A'dan BC'ye inen dikme açıortayı D'de keserse AED = ADE = 90° − B/2; AE = 5 ise AD = 5","MEB 3 Adım TYT Matematik hamle verisi (1 soru: Üçgenin Alanı); ajan yazdı, 7 Ekim 2026; az veri",Üçgende açılar · eşit açıdan ikizkenar,Dik açılar ve açıortay bir arada ise açıları θ ile yaz; aynı ifadeyi alan iki açı ikizkenar üçgen verir
tumleyen_alani_cikar,"Matematik · Kare, Deltoid · 10. Sınıf","Boyalı bölgeler birden çok, düzensiz ya da tek tek hesaplanamıyor; bütün şeklin alanı ve boyasız kalan parça kolayca bulunabiliyor","İstenen alan = toplam alan − kalan (boyasız) bölgenin alanı; katlamada katlanan parça bir yerden düşülür, öbür yere eklenir",Öğrenci boyalı parçaları ayrı ayrı hesaplamaya uğraşır ya da katlamada katlanan parçayı iki kez düşer,Bütün şeklin alanını yaz. Boyasız bölgeyi tek parça olarak hesapla ve toplamdan çıkar,Tek bir boyasız parça çoğu kez birçok boyalı parçadan daha basit bir şekildir; toplamdan çıkarmak tüm parçaları aynı anda verir,Parçalar üst üste biniyorsa ortak kısmı bir kez saymak gerekir: `ortak_kenari_bir_kez_say`,Kenarı 8 olan karenin içinde köşeleri kenar orta noktalarında olan kare boyasız ise dört köşedeki boyalı üçgenler 64 − 32 = 32,"MEB 3 Adım TYT Matematik hamle verisi (15 soru: Kare, Deltoid, Dörtgenler, Üçgenin Alanı, Çokgenlerin ve Dörtgenlerin Özellikleri, Eşkenar Dörtgen, Dikdörtgen, Yamuk, Paralelkenar, Katı Cisimler - Prizmalar); ajan yazdı, 7 Ekim 2026",Alan · toplamdan çıkarma,Boyalı bölgeleri tek tek bulamıyorsan bütün alandan boyasız kısmı çıkar
dikmeleri_toplayip_yuksekligi_bul,Matematik · Üçgenin Alanı · 9. Sınıf,"İkizkenar üçgenin tabanı üzerindeki bir noktadan iki eşit kenara dikmeler inmiş, dikmelerin uzunlukları verilmiş; kenar ya da alan soruluyor","AB = AC ve P, BC üzerinde ise P'den AB ve AC'ye inen dikmelerin toplamı, B'den AC'ye inen yüksekliğe eşittir",Öğrenci dikmeleri ayrı ayrı alan hesabına koyar ya da P'nin yerini bulmaya uğraşır,İki dikmeyi topla ve bu toplamı eşit kenara ait yükseklik diye yaz. Bu yükseklikle eşit kenarı ya da alanı hesapla,A(ABP) + A(APC) = ½·AB·d₁ + ½·AC·d₂; AB = AC olduğundan bu ½·AC·(d₁ + d₂) olur ve ½·AC·h'ye eşittir,Bu kural alanı iki yoldan yazmanın sonucudur: `alani_iki_yoldan_esitle`; eşkenar üçgende iç noktadan üç kenara dikmelerin toplamı yüksekliktir,"AB = AC = 10, tabandaki noktadan kenarlara dikmeler 3 ve 5 ise yükseklik 8, alan ½·10·8 = 40","MEB 3 Adım TYT Matematik hamle verisi (1 soru: Üçgenin Alanı); ajan yazdı, 7 Ekim 2026; az veri",Üçgenin alanı · ikizkenarda dikmeler toplamı,İkizkenar üçgenin tabanından iki eşit kenara dikme görüyorsan bunları topla; toplam yan kenara ait yüksekliktir
alani_iki_yoldan_esitle,Matematik · Üçgenin Alanı · 9. Sınıf,Üçgende bir kenara ait yükseklik (ya da bir noktanın bir kenara uzaklığı) soruluyor; başka bir taban-yükseklik çifti veya köşe koordinatları biliniyor,Aynı üçgenin alanı her taban için ½·taban·o tabana ait yüksekliktir: a·hₐ = b·h_b = c·h_c. Eşit kenarlara ait yükseklikler de eşittir,"Öğrenci istenen yüksekliği gözle ya da kare sayarak tahmin eder, alanı başka bir kenarla bulabileceğini görmez",Alanı kolay bulunan taban ve yükseklikle (ya da saran dikdörtgenle) hesapla. Bu alanı ½·istenen kenar·h'ye eşitleyip h'yi çöz,Alan bir sayıdır ve hangi kenar taban seçilirse seçilsin aynı çıkar; bu eşitlik bilinmeyen yüksekliği verir,İkizkenar üçgende tabandan dikmeler toplamı bu eşitlikten gelir: `dikmeleri_toplayip_yuksekligi_bul`,"Dik kenarları 6 ve 8 olan üçgende alan 24, hipotenüs 10 → hipotenüse ait yükseklik 48/10 = 4,8","MEB 3 Adım TYT Matematik hamle verisi (3 soru: Üçgenin Alanı, Eşkenar Dörtgen, Dikdörtgen, Dörtgenler); ajan yazdı, 7 Ekim 2026",Üçgenin alanı · iki yoldan alan,"Eğik bir kenara ait yükseklik soruluyorsa önce alanı başka yoldan bul, sonra o kenarla eşitle"
ikizkenar_yukseklik_tabani_ortalar,Matematik · Üçgenin Alanı · 9. Sınıf,"İkizkenar üçgende eşit kenarlar ve taban verilmiş, tepeden tabana yükseklik çizilmiş; yükseklik, bir parça ya da alt üçgenin alanı soruluyor",AB = AC ise A'dan BC'ye inen yükseklik BC'yi ortalar; aynı zamanda açıortay ve kenarortaydır,Öğrenci yüksekliği eşit kenara eşit alır ya da tabanın yarısını kullanmadan Pisagor kurmaya çalışır,Tabanı ikiye böl ve yarısıyla eşit kenardan Pisagor'la yüksekliği bul. Alt üçgenin alanında tabandaki parçayı bu yükseklikle çarp,Yükseklik ikizkenar üçgeni iki eş dik üçgene ayırır; bu yüzden taban iki eşit parçaya bölünür,Eşit kenar yerine iki eşit açı verilmişse önce `esit_acilardan_esit_kenar_cikar` ile ikizkenarlığı göster,"AB = AC = 10, BC = 12 ise BH = 6, yükseklik √(100 − 36) = 8, alan ½·12·8 = 48","MEB 3 Adım TYT Matematik hamle verisi (1 soru: Üçgenin Alanı); ajan yazdı, 7 Ekim 2026; az veri",İkizkenar üçgen · yükseklik tabanı ortalar,İkizkenar üçgende tepeden inen yükseklik varsa tabanı hemen ikiye böl
yeterli_bilgi_kontrol_et,Matematik · Üçgenin Alanı · 9. Sınıf,"Soruda birkaç kişi ya da birkaç öncül farklı bilgiler veriyor; ""hangileri alanı (ya da üçgeni) bulmak için yeterlidir"" soruluyor","Alan tek türlü bulunabilmesi için üçgen belirlenmeli ya da alan formülünün tüm parçaları bilinmeli: taban ve ona ait yükseklik, veya iki kenar ve aralarındaki açı (ya da üç kenar)",Öğrenci tek bir uzunluk ya da açısı belirsiz iki kenarın yeteceğini sanır; noktayı belirlemeyen bilgileri yeterli sayar,Her bilgiyi ayrı ayrı ele al ve hangi alan formülünü tamamladığına bak. Formülün eksik bir parçası kalıyorsa ya da şekil oynayabiliyorsa o bilgiyi yetersiz say,Bir bilgi yeterliyse alan tek bir sayı çıkar; şekil bozulup alan değişebiliyorsa bilgi eksiktir,İki kenar ve aradaki açı verilmişse alan `alani_iki_kenar_sinus_ile_yaz` ile hemen bulunur,AB = 6 ve AC = 8 tek başına yetmez; A = 30° de verilirse alan ½·6·8·½ = 12 olarak belirlenir,"MEB 3 Adım TYT Matematik hamle verisi (1 soru: Üçgenin Alanı); ajan yazdı, 7 Ekim 2026; az veri",Üçgenin alanı · bilgi yeterliliği,"""Hangi bilgiler yeterli"" sorusunda her bilgiyle bir alan formülünü eksiksiz doldurmayı dene"
paralel_tabanda_alan_tasima,Matematik · Üçgenin Alanı · 9. Sınıf,"Üçgenin tepesi, tabana paralel bir doğru üzerinde; üçgenin alanı doğrudan hesaplanamıyor ama aynı taban ve paralel doğru üzerinde başka bir köşe var","Tabanı ortak ve tepesi tabana paralel bir doğru üzerinde olan üçgenlerin yükseklikleri, dolayısıyla alanları eşittir",Öğrenci eğik duran üçgenin alanını doğrudan hesaplamaya çalışır; tepeyi paralel doğru boyunca kaydırabileceğini görmez,Tabanı ve ona paralel doğruyu belirle. Tepeyi bu doğru üzerinde alanı kolay hesaplanan bir noktaya taşı ve yeni üçgenin alanını yaz,Paralel doğrular arası uzaklık her yerde aynıdır; taban da değişmediği için alan değişmez,Taban ortak ama tepeler paralel doğruda değilse alanlar yüksekliklerle orantılıdır: `ortak_tabanda_alan_yukseklik_orani`,"Yamukta AB ∥ DC, AB = 10 ve yükseklik 6 ise A(ABC) = A(ABD) = ½·10·6 = 30","MEB 3 Adım TYT Matematik hamle verisi (1 soru: Üçgenin Alanı); ajan yazdı, 7 Ekim 2026; az veri",Üçgenin alanı · paralelde tepe kaydırma,Tepesi tabana paralel bir doğru üzerindeki üçgen hesaplanamıyorsa tepeyi o doğruda uygun köşeye kaydır
ortak_tabanda_alan_yukseklik_orani,Matematik · Üçgenin Alanı · 9. Sınıf,"Aynı tabanı paylaşan iki üçgen var, tepeleri birleştiren doğru tabanı (ya da uzantısını) bir noktada kesiyor; alan oranı veya alanlardan biri soruluyor",Ortak tabanlı üçgenlerin alanları yükseklikleriyle orantılıdır. A ve E tepeleri olan doğru tabanı D'de keserse yükseklikler oranı ED/AD olur: A(EBC)/A(ABC) = ED/AD,Öğrenci oranı ters kurar ya da AE parçasını ED yerine kullanır; yüksekliklerin tabana dik ölçüldüğünü unutup eğik parçaların oranını alamayacağını sanır,Tepeleri birleştiren doğrunun tabanı kestiği noktayı bul. Her tepenin bu noktaya uzaklığını yaz ve alanları bu uzaklıkların oranında böl,"Aynı doğru üzerindeki iki noktanın tabana dik uzaklıkları, benzer dik üçgenler yüzünden tabana olan eğik uzaklıklarıyla orantılıdır",Tepe ortak ve tabanlar aynı doğrudaysa oran taban parçalarından gelir: `ayni_yukseklikte_alan_taban_orani`,"D, BC üzerinde, E de AD üzerinde; AD = 12, ED = 4 ve A(ABC) = 36 ise A(EBC) = 36·4/12 = 12","MEB 3 Adım TYT Matematik hamle verisi (1 soru: Üçgenin Alanı); ajan yazdı, 7 Ekim 2026; az veri",Üçgenin alanı · ortak tabanda yükseklik oranı,İki üçgen aynı tabanı paylaşıyor ve tepeleri bir doğru üzerindeyse alan oranını o doğrudaki parçalardan oku
dis_acilar_toplami_360,Matematik · Çokgenlerin ve Dörtgenlerin Özellikleri · 10. Sınıf,"Çokgenin bazı iç açıları verilmiş, kalan açılar eşit ya da düzgün çokgenin kenar uzantıları kesişiyor; kenar sayısı veya bir açı soruluyor",Her dışbükey çokgende dış açıların toplamı 360°'dir; her köşede dış açı = 180° − iç açı. Düzgün n-gende bir dış açı 360°/n,Öğrenci iç açılar toplamı (n − 2)·180° ile iki bilinmeyenli denklem kurup uğraşır ya da uzantılar arasında kaç dış açının döndüğünü yanlış sayar,Verilen iç açıları 180'den çıkarıp dış açılara çevir. Dış açıların toplamını 360'a eşitle ve kenar sayısını ya da açıyı çöz,Çokgenin çevresinde bir tur dönen kişi toplam 360° döner; bu toplam kenar sayısına bağlı değildir,Kenar sayısı belliyse iç açılar toplamından gitmek daha doğrudandır: `kenar_sayisindan_ic_acilari_topla`,"Üç iç açı 100°, 120°, 140°, kalanların her biri 150° ise 80 + 60 + 40 + 30k = 360 → k = 6, çokgen 9 kenarlı","MEB 3 Adım TYT Matematik hamle verisi (4 soru: Çokgenlerin ve Dörtgenlerin Özellikleri); ajan yazdı, 7 Ekim 2026",Çokgenler · dış açılar toplamı,Kenar sayısı bilinmiyor ve açılar veriliyse dış açılara geçip toplamı 360'a eşitle
dik_kosegenlerden_kenar_karelerini_eslestir,Matematik · Çokgenlerin ve Dörtgenlerin Özellikleri · 10. Sınıf,Köşegenleri dik kesişen bir dörtgende üç kenar verilmiş; dördüncü kenar ya da ona bağlı bir uzunluk soruluyor,Köşegenleri dik olan dörtgende karşılıklı kenarların kareleri toplamı eşittir: AB² + CD² = AD² + BC²,Öğrenci köşegen parçalarını tek tek bulmaya çalışır ya da kareleri komşu kenarlarla eşleştirir,Kenarları karşılıklı çiftlere ayır. İki çiftin kareleri toplamını eşitle ve bilinmeyen kenarı çöz,Köşegenler kesişim noktasında dört dik üçgen oluşturur; her kenar iki köşegen parçasının Pisagor'udur ve karşılıklı çiftlerde aynı dört parça toplanır,Kenar orta noktalarıyla kurulan dörtgende ise köşegenlerin yarısı kullanılır: `orta_noktalar_dortgeni_kosegen_yarisi`,"Köşegenleri dik ABCD'de AB = 5, BC = 1, CD = 5 ise AD² = 25 + 25 − 1 = 49 → AD = 7","MEB 3 Adım TYT Matematik hamle verisi (1 soru: Çokgenlerin ve Dörtgenlerin Özellikleri); ajan yazdı, 7 Ekim 2026; az veri",Dörtgen · dik köşegenlerde kenar kareleri,"Köşegenler dik ve üç kenar verilmişse karşı kenarların karelerini topla, eşitle"
kenar_sayisindan_ic_acilari_topla,Matematik · Çokgenlerin ve Dörtgenlerin Özellikleri · 10. Sınıf,"Dörtgende ya da çokgende açıların bir kısmı verilmiş (açıortaylar, oranlar, ardışık azalan açılar); eksik açı ya da kenar sayısı soruluyor","n kenarlı çokgenin iç açıları toplamı (n − 2)·180°; dörtgende 360°, beşgende 540°, altıgende 720°","Öğrenci açının parçalarını yanlış toplar, deltoid gibi şekillerde eşit açıları görmez ya da çözümün dışbükey çokgen şartını (her iç açı 180°'den küçük) kontrol etmez",Kenar sayısından iç açılar toplamını yaz. Bilinen açıları ve x'li açıları bu toplama eşitleyip eksik açıyı çöz,Bir köşeden çizilen köşegenler çokgeni n − 2 üçgene ayırır; her üçgen 180° katar,Kenar sayısı bilinmiyorsa dış açıların toplamı (360°) daha kolay yoldur: `dis_acilar_toplami_360`,"Altıgende beş açı 110°, 120°, 125°, 130°, 135° ise altıncı açı 720 − 620 = 100°","MEB 3 Adım TYT Matematik hamle verisi (3 soru: Çokgenlerin ve Dörtgenlerin Özellikleri, Kare, Deltoid); ajan yazdı, 7 Ekim 2026",Çokgenler · iç açılar toplamı,Kenar sayısı belli ve bir açı eksikse (n − 2)·180 yazıp bilinenleri çıkar
orta_noktalar_dortgeni_kosegen_yarisi,Matematik · Çokgenlerin ve Dörtgenlerin Özellikleri · 10. Sınıf,"Bir dörtgenin kenar orta noktaları (ya da iki kenarın orta noktası) verilmiş; bu noktaların oluşturduğu dörtgenin çevresi, bir kenarı ya da köşegenler arası açı soruluyor","Kenar orta noktalarını birleştiren dörtgen paralelkenardır; kenarları köşegenlere paralel ve onların yarısıdır, çevresi köşegenlerin toplamıdır. Köşegenler dikse dikdörtgen, eşitse eşkenar dörtgen olur",Öğrenci çevreyi köşegenlerin toplamının yarısı alır ya da iki orta noktaya üçüncü bir orta nokta ekleyip üçgen kurmayı düşünmez,Her orta nokta parçasını ilgili köşegenin yarısı diye yaz ve köşegene paralel olduğunu işaretle. Çevre ya da açı için bu parçaları köşegenlerle ilişkilendir,"Her parça, köşegeni taban alan bir üçgende iki kenarın orta noktalarını birleştirir; orta taban kuralı yarısını ve paralelliği verir",Köşegenler dikse kenar kareleri için `dik_kosegenlerden_kenar_karelerini_eslestir` de kullanılabilir,"Köşegenleri 10 ve 14 olan dörtgenin orta noktalar dörtgeninin çevresi 24; köşegenler dikse bu dörtgen 5 × 7 dikdörtgendir, alanı 35","MEB 3 Adım TYT Matematik hamle verisi (3 soru: Çokgenlerin ve Dörtgenlerin Özellikleri); ajan yazdı, 7 Ekim 2026",Dörtgen · orta noktalar dörtgeni,Dörtgende kenar orta noktaları birleştirilmişse her parçayı karşısındaki köşegenin yarısı diye yaz
merkezden_aciyi_bul_uzunlugu_hesapla,Matematik · Çokgenlerin ve Dörtgenlerin Özellikleri · 10. Sınıf,"Düzgün çokgen (ya da kenarlarına eklenmiş kareler, üçgenler) var; birbirine komşu olmayan iki köşe arasındaki uzaklık soruluyor",Düzgün çokgenin köşeleri merkezden R uzaklıktadır ve ardışık köşeler arası merkez açı 360°/n'dir. Merkezden θ açıyla ayrılan iki köşe arası uzaklık 2R·sin(θ/2),Öğrenci köşelerin merkezden kaç derece ayrıldığını yanlış sayar ya da karşılıklı köşeleri yanlış eşler; ek şekillerin köşelerinin merkeze uzaklığını hesaplamaz,İki köşenin merkeze uzaklığını (R) ve aralarındaki merkez açıyı bul. Uzaklığı 2R·sin(θ/2) ile ya da tepe açısı θ olan ikizkenar üçgenden hesapla,"Merkez ve iki köşe, eşit kenarları R olan ikizkenar üçgen oluşturur; tabanı bu iki kenar ve tepe açısı belirler",Açı soruluyorsa çevrel çemberde yay yarısı kuralı daha kısadır: `cevrel_cemberde_cevre_aci_yay_yarisi`,Kenarı 6 olan düzgün altıgende R = 6; bir köşe atlanarak alınan iki köşe arasındaki merkez açı 120° → 2·6·sin60° = 6√3,"MEB 3 Adım TYT Matematik hamle verisi (2 soru: Çokgenlerin ve Dörtgenlerin Özellikleri, Katı Cisimler - Prizmalar); ajan yazdı, 7 Ekim 2026",Düzgün çokgen · merkez açı ve kiriş,Düzgün çokgende uzak iki köşe arası soruluyorsa merkezden açılarını say ve ikizkenar üçgen kur
cevrel_cemberde_cevre_aci_yay_yarisi,Matematik · Çokgenlerin ve Dörtgenlerin Özellikleri · 10. Sınıf,Düzgün çokgende iki köşegen arasındaki açı ya da kesişen iki köşegenin oluşturduğu açı soruluyor,Düzgün n-genin köşeleri bir çember üzerindedir; her kenar 360°/n'lik yay gerer. Çevre açı gördüğü yayın yarısıdır; çember içinde kesişen iki kiriş arasındaki açı karşı yayların toplamının yarısıdır,Öğrenci iç açıyı köşegen sayısına eşit böler ya da kesişim açısını tek bir yaya bağlar,"Köşelerin oturduğu çemberi düşün ve her kenarı 360°/n'lik yay say. Açının gördüğü yayları kenar sayarak bul, çevre açı için yarısını, kesişim açısı için karşı yayların toplamının yarısını al",Düzgün çokgende eşit kenarlar eşit yaylar gerer; açılar yaylardan doğrudan okunur,Kenar sayısını bulmak için dış açı 360°/n ilişkisi de kullanılır: `dis_acilar_toplami_360`,"Düzgün onikigende A₁A₄ ile A₁A₆ arasındaki açı, iki kenarlık yayı (60°) görür → 30°","MEB 3 Adım TYT Matematik hamle verisi (4 soru: Çokgenlerin ve Dörtgenlerin Özellikleri); ajan yazdı, 7 Ekim 2026",Düzgün çokgen · çevrel çemberde yay,Düzgün çokgende köşegenler arası açı soruluyorsa kenarları yay olarak say ve yayın yarısını al
aci_farkini_ikizkenar_tepe_acisi_yap,Matematik · Çokgenlerin ve Dörtgenlerin Özellikleri · 10. Sınıf,Kenarları eşit iki düzgün çokgen ortak bir kenarı paylaşıyor ve aynı tarafta üst üste duruyor; ortak köşedeki küçük üçgende bir açı soruluyor,"Ortak köşede iki çokgenin öbür kenarları eşit uzunluktadır; aralarındaki açı iç açıların farkıdır. Bu açı, eşit kenarlı ikizkenar üçgenin tepe açısıdır: taban açıları (180° − fark)/2",Öğrenci aranan açıyı ikizkenar üçgenin taban açısı sanır ya da iki kenarın eşit olduğunu görmez,"İki çokgenin iç açılarını hesapla ve ortak köşedeki farkı bul. Bu farkı ikizkenar üçgenin tepe açısı yap, taban açılarını bulup istenen açıya taşı",Düzgün çokgenlerin kenarları eşit olduğu için ortak köşeden çıkan iki kenar ikizkenar üçgen kurar,İç açıların hesabı için `kenar_sayisindan_ic_acilari_topla`; çokgenler ortak kenarın iki yanındaysa aradaki açı 360° − (iki iç açının toplamı) olur,Ortak kenarlı düzgün altıgen (120°) ve kare (90°) aynı tarafta ise ortak köşede 30° → ikizkenar üçgenin taban açıları 75°,"MEB 3 Adım TYT Matematik hamle verisi (1 soru: Çokgenlerin ve Dörtgenlerin Özellikleri); ajan yazdı, 7 Ekim 2026; az veri",Düzgün çokgen · iç açı farkından ikizkenar,Ortak kenarlı iki düzgün çokgen iç içe duruyorsa ortak köşedeki farkı ikizkenar üçgenin tepe açısı yap
eskenar_kose_kesip_altigen,Matematik · Çokgenlerin ve Dörtgenlerin Özellikleri · 10. Sınıf,Eşkenar üçgenin köşeleri kesilip altıgen yapılıyor ya da bütün açıları 120° olan bir altıgen (kenarlarına paralel kesimler) var; kenar ya da çevre soruluyor,"Tüm açıları 120° olan altıgenin üç kenarı (birer atlayarak) uzatılırsa eşkenar üçgen oluşur; kesilen köşeler eşkenar üçgendir. Büyük üçgenin bir kenarı = o doğrudaki altıgen kenarı + iki yanındaki altıgen kenarı. Düzgün altıgen için kenar, büyük kenarın üçte biridir",Öğrenci kesilen üçgenlerin kenarını altıgen kenarından farklı sanır ya da kesilen yamuğun kolunu yanlış hesaplar,Altıgenin kenarlarını uzatıp eşkenar üçgeni tamamla ve köşe üçgenlerini eşkenar işaretle. Büyük kenarı üç parçanın toplamı olarak yazıp bilinmeyeni çöz,"120°'lik iç açının bütünleri 60° olduğundan köşede kalan üçgenlerin iki açısı 60°, yani üçgen eşkenardır",Düzgün altıgenin karşı kenarları arası uzaklık ise s√3'tür: `duzgun_altigen_genislik_yukseklik`,"Açıları 120° olan altıgenin ardışık kenarları 2, 5, 3 ise 5'lik kenarın doğrusu boyunca eşkenar üçgenin kenarı 2 + 5 + 3 = 10","MEB 3 Adım TYT Matematik hamle verisi (3 soru: Çokgenlerin ve Dörtgenlerin Özellikleri, Yamuk, Paralelkenar); ajan yazdı, 7 Ekim 2026",Altıgen · eşkenar üçgene tamamlama,Açıları 120° olan bir altıgen ya da köşesi kesilmiş eşkenar üçgen görüyorsan kenarları uzatıp eşkenar üçgeni tamamla
duzgun_altigen_genislik_yukseklik,Matematik · Çokgenlerin ve Dörtgenlerin Özellikleri · 10. Sınıf,"Düzgün altıgen bir dikdörtgenin ya da kutunun içine yerleştirilmiş; genişlik, yükseklik ya da bunların oranı soruluyor","Kenarı s olan düzgün altıgende karşı köşeler arası 2s, karşı kenarlar arası s√3; alanı 6·(√3/4)s²",Öğrenci altıgenin kenarını bulmaya çalışırken genişlik ve yüksekliği aynı sanır ya da yüksekliği 2s alır,"Altıgenin hangi yönde köşe köşe, hangi yönde kenar kenar ölçüldüğünü belirle. Genişliği 2s, yüksekliği s√3 diye yaz ve diğer uzaklıkları ekle","Düzgün altıgen altı eşkenar üçgenden oluşur; köşe köşe ölçüm iki kenar, kenar kenar ölçüm iki eşkenar üçgen yüksekliğidir",Altıgen eşkenar üçgenden köşe kesilerek elde ediliyorsa `eskenar_kose_kesip_altigen` kullanılır,"Kenarı 4 olan düzgün altıgenin karşı köşeleri arası 8, karşı kenarları arası 4√3","MEB 3 Adım TYT Matematik hamle verisi (2 soru: Çokgenlerin ve Dörtgenlerin Özellikleri, Katı Cisimler - Prizmalar); ajan yazdı, 7 Ekim 2026",Düzgün altıgen · genişlik ve yükseklik,"Düzgün altıgenin kapladığı en ve boy soruluyorsa köşe köşe 2s, kenar kenar s√3 yaz"
yamukta_kenara_paralel_cizip_paralelkenar_ayir,"Matematik · Yamuk, Paralelkenar · 10. Sınıf","Dik olmayan bir yamukta iki kol, tabanlar ya da taban açıları verilmiş; bir taban, yükseklik ya da alan soruluyor","Üst tabanın bir köşesinden karşı kola paralel çizilirse yamuk bir paralelkenar ve bir üçgene ayrılır; üçgenin kenarları iki kol ve taban farkıdır (B − b), açıları yamuğun taban açılarıdır",Öğrenci yamuğu dik yamuk sanıp Pisagor dener ya da yüksekliği kollardan birine eşit alır,Üst tabanın bir köşesinden öbür kola paralel çiz. Oluşan üçgende kolları ve taban farkını yerleştir; açıları ya da yüksekliği bu üçgende bul,Paralelkenarda karşı kenarlar eşit olduğundan bütün bilinmeyenler tek bir üçgende toplanır,Yamuk ikizkenarsa yüksekliğin ayağından parçaları yazmak daha kısadır: `yukseklik_ayagindan_parcalari_yaz`,"AB ∥ DC, DC = 5, AB = 15, AD = 6, BC = 8 ise oluşan üçgen 6-8-10 dik üçgen; yükseklik 6·8/10 = 4,8, alan (5 + 15)/2·4,8 = 48","MEB 3 Adım TYT Matematik hamle verisi (2 soru: Yamuk, Paralelkenar, Dörtgenler); ajan yazdı, 7 Ekim 2026",Yamuk · kola paralel çizme,Yamukta kollar ve tabanlar verilmiş ama yükseklik yoksa bir köşeden karşı kola paralel çizip üçgen elde et
yukseklik_ayagindan_parcalari_yaz,"Matematik · Yamuk, Paralelkenar · 10. Sınıf","İkizkenar yamukta tabanlar verilmiş, üst köşeden alt tabana yükseklik iniyor (çoğu kez köşegen kola dik); yükseklik, köşegen, kol ya da alan soruluyor","İkizkenar yamukta (alt taban B, üst taban b) üst köşeden inen yüksekliğin ayağı alt tabanı (B − b)/2 ve (B + b)/2 parçalarına ayırır","Öğrenci yüksekliğin ayağını yanlış yere koyar, parçaları ters yazar ya da Öklid bağıntısında çarpımı kenar sanır","Kısa parçayı (B − b)/2, uzun parçayı (B + b)/2 diye yaz. Kolla kısa parçadan, ya da köşegen kola dikse h² = kısa·uzun ile yüksekliği bul",İki yan dik üçgen eş olduğundan taban farkı iki yana eşit paylaşılır; yüksekliğin ayağından öbür köşeye kalan parça (B + b)/2 olur,Köşegen kola dikse yükseklik dik üçgende hipotenüse yüksekliktir: `hipotenus_yuksekliginden_parca_iliskisi_kur`,"Alt taban 14, üst taban 6, kol 5 olan ikizkenar yamukta parçalar 4 ve 10, yükseklik 3, alan (14 + 6)/2·3 = 30","MEB 3 Adım TYT Matematik hamle verisi (5 soru: Yamuk, Paralelkenar, Dörtgenler); ajan yazdı, 7 Ekim 2026",İkizkenar yamuk · yükseklik ayağı,İkizkenar yamukta yükseklik çizilmişse alt tabanı hemen (B − b)/2 ve (B + b)/2 diye böl
kosegen_paralelkenari_ikiye_boler,"Matematik · Eşkenar Dörtgen, Dikdörtgen · 10. Sınıf","Paralelkenar (dikdörtgen, eşkenar dörtgen) bir köşegenle ya da tepesi karşı kenarda olan üçgenlerle parçalara ayrılmış; parça alanları veya alan oranı soruluyor","Paralelkenarın köşegeni onu eş iki üçgene böler, her biri S/2'dir. Tabanı bir kenar, tepesi karşı kenar üzerinde olan her üçgenin alanı da S/2'dir",Öğrenci alanları uzunluk oranlarıyla doğrudan karşılaştırır ya da küçük üçgeni yanlış parçanın kesri sanır,Paralelkenarın alanına S de ve köşegenle ayrılan yarıları S/2 yaz. Diğer parçaları bu yarılardan taban oranlarıyla bul,Köşegenin iki yanındaki üçgenler eştir; karşı kenara tepesi değen üçgenin yüksekliği de paralelkenarınkine eşittir,Dikdörtgende köşegenlerin eşit olup birbirini ortalaması ayrı bir hamledir: `kosegenler_esit_ve_ortalar`,"Alanı 60 olan ABCD'de E, AC üzerinde ve AE : EC = 1 : 2 ise A(ABE) = 30·1/3 = 10","MEB 3 Adım TYT Matematik hamle verisi (3 soru: Eşkenar Dörtgen, Dikdörtgen, Yamuk, Paralelkenar); ajan yazdı, 7 Ekim 2026",Paralelkenar · köşegen alanı ikiye böler,"Paralelkenar parçalara bölünmüşse önce köşegenin ayırdığı yarıları S/2 yaz, sonra parçaları oranla"
orta_dikme_uclara_esit_uzak,"Matematik · Yamuk, Paralelkenar · 10. Sınıf",Bir parçanın orta noktasından ona dik bir doğru çizilmiş (kenarı ortalayan dikme); bu doğru üzerindeki bir noktanın uzaklığı ya da bir açı soruluyor,Bir parçanın orta dikmesi üzerindeki her nokta parçanın iki ucuna eşit uzaklıktadır: P orta dikmede ise PA = PB,"Öğrenci dikmenin aynı zamanda kenarı ortaladığını görmez, onu yalnız yükseklik sanıp açı ya da Pisagor ile uğraşır",Doğrunun hem dik hem ortalayıcı olduğunu işaretle. Üzerindeki noktayı parçanın iki ucuna birleştir ve bu iki uzunluğu eşit yaz,Orta dikme parçayı iki eş dik üçgene ayırır; bu yüzden üzerindeki nokta iki uca eşit uzaklıktadır,Eşit uzunluklar ikizkenar üçgen verir; ardından taban açıları eşitlenir: `ikizkenarda_taban_acilari_esit`,"AB = 10 ve P, AB'nin orta dikmesi üzerinde AB'ye 12 uzaklıkta ise PA = PB = √(25 + 144) = 13","MEB 3 Adım TYT Matematik hamle verisi (2 soru: Yamuk, Paralelkenar, Eşkenar Dörtgen, Dikdörtgen); ajan yazdı, 7 Ekim 2026",Orta dikme · uçlara eşit uzaklık,Bir kenarı hem ortalayan hem dik kesen doğru görüyorsan üzerindeki noktayı iki uca eşit uzaklıkta yaz
paralelkenarda_karsi_ucgenler_yarim,"Matematik · Yamuk, Paralelkenar · 10. Sınıf",Paralelkenarın içinde bir nokta var ve bu nokta dört köşeye birleştirilmiş; bazı üçgenlerin alanları verilip öbürü ya da toplam alan soruluyor,Paralelkenar içindeki P noktası için karşılıklı kenarlara dayanan iki üçgenin alanları toplamı paralelkenarın yarısıdır: A(PAB) + A(PCD) = A(PBC) + A(PDA) = S/2,"Öğrenci karşılıklı üçgenlerin toplamının sabit olduğunu bilmez, P'nin yerini bulmaya çalışır",Karşılıklı kenarlara dayanan üçgenleri çiftle ve her çiftin toplamını S/2 diye yaz. Bilinen alanlarla denklemi kurup eksik alanı bul,Karşılıklı iki üçgenin yükseklikleri toplamı paralelkenarın yüksekliğidir ve tabanları eşittir,Yamukta köşegenlerle oluşan yan üçgenlerin eşitliği farklı bir kuraldır: `kosegenlerden_yan_ucgenleri_eslestir`,Alanı 48 olan paralelkenarın içindeki noktada A(PAB) = 10 ise A(PCD) = 24 − 10 = 14,"MEB 3 Adım TYT Matematik hamle verisi (1 soru: Yamuk, Paralelkenar); ajan yazdı, 7 Ekim 2026; az veri",Paralelkenar · iç noktada karşılıklı üçgenler,Paralelkenarın içindeki bir nokta köşelere bağlanmışsa karşılıklı üçgenlerin toplamını alanın yarısı yaz
kosegenlerden_yan_ucgenleri_eslestir,"Matematik · Yamuk, Paralelkenar · 10. Sınıf","Yamukta köşegenler çizilmiş, oluşan dört üçgenden bazılarının alanı verilmiş; diğer üçgenlerin ya da yamuğun alanı soruluyor",AB ∥ DC yamuğunda köşegenler E'de kesişirse kollara bitişik iki üçgenin alanları eşittir: A(AED) = A(BEC). Ayrıca A(AED)² = A(AEB)·A(DEC),Öğrenci yan üçgenlerin eşit olduğunu görmez ya da iç içe yamuklarda bu eşitliği yanlış üçgene uygular,Köşegenlerin kesişimindeki dört üçgeni işaretle; kollara bitişik ikisini eşit yaz. Tabanlara bitişik üçgenlerin alanlarından yan üçgenleri çarpımın karekökü olarak bul,A(ABD) ve A(ABC) aynı taban ve paralel doğrular arasında olduğundan eşittir; ortak A(AEB) çıkarılınca yan üçgenler eşit kalır,Paralelkenarda iç noktaya göre karşılıklı üçgenler ise alanın yarısını verir: `paralelkenarda_karsi_ucgenler_yarim`,"Yamukta A(DEC) = 4, A(AEB) = 9 ise yan üçgenler √36 = 6'şar, yamuğun alanı 4 + 9 + 6 + 6 = 25","MEB 3 Adım TYT Matematik hamle verisi (1 soru: Yamuk, Paralelkenar); ajan yazdı, 7 Ekim 2026; az veri",Yamuk · köşegenlerle oluşan yan üçgenler,Yamukta köşegenlerin oluşturduğu üçgenler varsa kollara bitişik ikisini hemen eşit yaz
kosegenler_esit_ve_ortalar,"Matematik · Eşkenar Dörtgen, Dikdörtgen · 10. Sınıf","Dikdörtgende köşegenler çizilmiş ya da köşegene eşit bir parça var; açı, uzunluk ya da kesişim noktasıyla ilgili bir değer soruluyor","Dikdörtgenin köşegenleri eşittir ve birbirini ortalar; kesişim noktası dört köşeye eşit uzaklıktadır, bu yüzden köşegenler dört ikizkenar üçgen oluşturur",Öğrenci köşegen parçalarının eşitliğinden çıkan ikizkenar üçgenleri görmez ya da kesişim noktasını yanlış yere koyar,Kesişim noktasından dört köşeye eşit uzunlukları işaretle. Oluşan ikizkenar üçgenlerde eşit açıları yaz ve istenen açıyı ya da uzunluğu bul,Köşegenler eşit ve birbirini ortaladığı için yarıları da eşittir; eşit kenarlar eşit taban açıları verir,Köşegenin alanı ikiye bölmesi alan sorularında kullanılır: `kosegen_paralelkenari_ikiye_boler`,"Kenarları 6 ve 8 olan dikdörtgende köşegen 10, kesişim noktası her köşeye 5; AOB üçgeninin çevresi 5 + 5 + 6 = 16","MEB 3 Adım TYT Matematik hamle verisi (5 soru: Eşkenar Dörtgen, Dikdörtgen, Kare, Deltoid); ajan yazdı, 7 Ekim 2026",Dikdörtgen · köşegenler eşit ve ortalar,Dikdörtgende köşegenler varsa kesişim noktasından köşelere eşit uzunlukları yaz ve ikizkenar üçgenleri ara
kat_sayisini_bolge_bolge_say,"Matematik · Eşkenar Dörtgen, Dikdörtgen · 10. Sınıf",Kâğıt art arda katlanmış ya da iki katman (ön ve arka yüz) üst üste geliyor; katlanmış şeklin bölgeleri verilip ilk alan veya ortak bölge soruluyor,"İlk alan = Σ (bölge alanı × o bölgedeki kat sayısı). Her katlama, üstüne kapanan bölgelerin kat sayısını iki katına çıkarır",Öğrenci her bölgeyi tek kat sayar ya da ikinci katlamada kat sayısının iki katına çıktığını unutur; iki yüzü olan şekilde arka yüzü ön yüze oranlamaz,Katlanmış şekli bölgelere ayır ve her bölgede kaç kat üst üste geldiğini yaz. Bölge alanlarını kat sayılarıyla çarpıp topla,"Katlama alanı yok etmez, yalnız üst üste koyar; her bölgedeki katların toplamı ilk alanı verir",Katlamada eşit parçaları (katlanan ile üstüne geldiği yer) işaretlemek ayrı bir hamledir: `katlamada_esit_parcalari_isaretle`,"Alanı 40 olan kâğıt bir kez katlanınca iki kat olan bölge 12 ise tek kat bölge 40 − 24 = 16, görünen şeklin alanı 16 + 12 = 28","MEB 3 Adım TYT Matematik hamle verisi (2 soru: Eşkenar Dörtgen, Dikdörtgen, Kare, Deltoid); ajan yazdı, 7 Ekim 2026",Katlama · bölgelere göre kat sayısı,Kâğıt birden çok kez katlanmışsa her bölgede kaç kat olduğunu yaz ve alanı katlarla çarparak topla
deltoidde_simetri_ekseni_aciyi_tasir,"Matematik · Kare, Deltoid · 10. Sınıf","Bir şeklin içinde iki çift eşit komşu kenarı olan dörtgen (deltoid) var; bir açı, açıortay oranı ya da kenar soruluyor","AB = AD ve CB = CD olan deltoidde AC simetri eksenidir: A ve C açılarını ikiye böler, B ve D açıları eşittir. Ekseni açıortay olarak kullanmak açıortay oranını da verir",Öğrenci B ve D açılarının eşit olduğunu ya da eksenin açıortay olduğunu görmez; deltoidin açısını şekildeki başka açıyla eşleştirmez,"Eşit kenarların birleştiği köşeleri bul ve aralarındaki köşegeni simetri ekseni say. Eşit açıları işaretle, gerekirse ekseni açıortay olarak kullanıp oran kur","Eksen boyunca katlanınca deltoidin iki yarısı üst üste gelir; bu yüzden karşılıklı açılar eşit, eksen köşelerinde açılar yarılanır",Köşegenlerin dikliği ve alan için `deltoidde_kosegenler_dik` kullanılır,"AB = AD, CB = CD, A = 70°, C = 50° ise B = D = (360 − 120)/2 = 120°, AC ekseni A'yı 35°'lik iki açıya böler","MEB 3 Adım TYT Matematik hamle verisi (5 soru: Kare, Deltoid); ajan yazdı, 7 Ekim 2026",Deltoid · simetri ekseni,Deltoid görüyorsan eşit kenarların birleştiği köşegeni eksen al; öbür iki açıyı eşitle ve eksen köşelerinde açıları yarıla
deltoidde_kosegenler_dik,"Matematik · Kare, Deltoid · 10. Sınıf","Deltoidde kenarlar ya da köşegen parçaları verilmiş, köşegenlerin kesişim noktası kullanılıyor; alan, bir köşegen ya da bir uzunluk soruluyor","Deltoidin köşegenleri diktir; simetri ekseni olan köşegen öbür köşegeni ortalar. Alan = ½·e·f (e, f köşegenler)",Öğrenci köşegen parçalarını bulmadan alan arar ya da kısa köşegenin ortalandığını kullanmaz,"Köşegenlerin kesişiminde dik açıyı ve ortalanan köşegenin iki eşit yarısını işaretle. Oluşan dik üçgenlerde Pisagor ya da benzerlikle parçaları bul, alanı ½·e·f ile yaz",Simetri ekseni öbür köşegenin iki ucunu birbirine yansıtır; yansıyan noktaları birleştiren parça eksene diktir ve eksen onu ortalar,Açı soruları için eksenin açıları yarılaması kullanılır: `deltoidde_simetri_ekseni_aciyi_tasir`,"AB = AD = 10, CB = CD = 17, BD = 16 ise BE = 8, AE = 6, EC = 15 → AC = 21, alan ½·21·16 = 168","MEB 3 Adım TYT Matematik hamle verisi (4 soru: Kare, Deltoid); ajan yazdı, 7 Ekim 2026",Deltoid · dik köşegenler ve alan,Deltoidde alan ya da köşegen parçası soruluyorsa köşegenleri dik kesiştir ve kısa köşegeni ortala
ortak_kenari_bir_kez_say,"Matematik · Kare, Deltoid · 10. Sınıf",Birkaç kare ya da dikdörtgen yan yana veya üst üste birleştirilmiş; toplam tel uzunluğu ya da birleşik şeklin çevresi soruluyor,Tel uzunluğunda (bütün çizgiler) çakışan kenar bir kez sayılır: toplamdan bir kez düşülür. Çevrede ise ortak kenar dışarıda kalmadığından iki şeklin çevresinden de düşülür (iki kez),Öğrenci parçaların çevrelerini olduğu gibi toplar; çakışan kenarı ya hiç düşmez ya da tel ile çevreyi karıştırıp yanlış sayıda düşer,"Her parçanın kenar uzunluklarını topla. Çakışan kenarları bul; tel soruluyorsa her birini bir kez, çevre soruluyorsa iki kez çıkar",Üst üste gelen iki kenar tek bir çizgidir; çevrede ise bu çizgi şeklin içinde kalır,Kenarları dışarıda kalan şekillerde alan için ortak bölgeyi toplamdan çıkarmak benzer bir fikirdir: `tumleyen_alani_cikar`,"Kenarı 5 olan iki kare bir kenarı çakışacak biçimde yan yana: tel 8·5 − 5 = 35, çevre 40 − 2·5 = 30","MEB 3 Adım TYT Matematik hamle verisi (2 soru: Kare, Deltoid, Dörtgenler); ajan yazdı, 7 Ekim 2026",Birleşik şekil · ortak kenarı sayma,"Parçalar birleşiyorsa çakışan kenarları bul; tel için bir kez, çevre için iki kez düş"
cevreyi_yatay_dikey_topla,Matematik · Dörtgenler · 10. Sınıf,"Basamaklı, birleşik ya da kesilip yeniden düzenlenmiş dik açılı bir şeklin çevresi verilmiş ya da soruluyor","Dik açılı bir şekilde girinti (içe oyuk) yoksa yatay kenarların toplamı en geniş genişliğin 2 katı, dikey kenarların toplamı toplam yüksekliğin 2 katıdır: Çevre = 2·genişlik + 2·yükseklik",Öğrenci basamak kenarlarını tek tek toplarken bazılarını unutur ya da parçaların çevrelerini toplayıp ortak kısımları düşmez,"Bütün yatay kenarları en alttaki (ya da en geniş) genişliğe, bütün dikey kenarları toplam yüksekliğe kaydır. Çevreyi 2·(genişlik + yükseklik) diye yaz; girinti varsa iç kenarları ayrıca ekle","Basamakların yatay parçaları üst üste kaydırılınca tam genişliği, dikey parçaları yan yana kaydırılınca tam yüksekliği verir",Girintili şekillerde içe doğru giden kenarlar iki kez sayılır; parçaların kesilip yeniden yerleştirilmesinde kenarların uzunluğu değişmez: `donmede_uzunluk_korunur`,"Kenarları 2, 3, 5 olan kareler tabanları aynı doğruda sırayla dizilirse genişlik 10, yükseklik 5, çevre 2·10 + 2·5 = 30","MEB 3 Adım TYT Matematik hamle verisi (3 soru: Dörtgenler); ajan yazdı, 7 Ekim 2026",Çevre · yatay ve dikey kaydırma,Basamaklı dik açılı bir şeklin çevresinde kenarları tek tek toplama; genişlik ve yüksekliğin ikişer katını al
prizma_hacmi_taban_carpi_yukseklik,Matematik · Katı Cisimler - Prizmalar · 10. Sınıf,"Prizma, küp, bardak, kova ya da piramit biçimli kaplar var; hacim, hacimler arası oran veya kaç kap gerektiği soruluyor",Prizmanın hacmi = taban alanı × yükseklik; aynı taban ve yükseklikteki piramidin hacmi bunun üçte biridir. Kap sayısı gibi sorularda sonuç tam sayıya yukarı yuvarlanır,"Öğrenci taban alanını yanlış kenarlarla hesaplar, piramitte 1/3'ü unutur ya da gereken kap sayısını aşağı yuvarlar",Önce taban şeklini belirleyip alanını bul. Yükseklikle çarparak hacmi yaz; karşılaştırma varsa hacimleri eşitle ya da oranla,"Prizma, tabanının yükseklik boyunca üst üste dizilmesidir; hacim tabanın yükseklik kadar tekrarıdır",Sıvı başka bir kaba aktarılıyor ya da kap yatırılıyorsa hacim sabit kalır: `hacim_sabit_yukseklik_tabana_bolunur`,"Tabanı dik kenarları 3 ve 4 olan dik üçgen, yüksekliği 10 olan prizmanın hacmi 6·10 = 60; aynı taban ve yükseklikteki piramidinki 20","MEB 3 Adım TYT Matematik hamle verisi (9 soru: Katı Cisimler - Prizmalar); ajan yazdı, 7 Ekim 2026",Katı cisimler · prizma hacmi,"Hacim soruluyorsa önce tabanın alanını bul, sonra yükseklikle çarp; piramitse üçe böl"
piramit_yuksekligi_pisagor,Matematik · Katı Cisimler - Prizmalar · 10. Sınıf,"Kare (ya da düzgün) piramitte taban kenarı ile yükseklik ya da yan yüz yüksekliğinden biri verilmiş; öbürü, yüzey alanı veya sığacağı kutu soruluyor","Düzgün piramitte yükseklik h, taban apotemi a (karede kenarın yarısı) ve yan yüz yüksekliği k bir dik üçgen kurar: k² = h² + a²",Öğrenci yan yüz yüksekliğini piramidin yüksekliği sanır ya da apotem yerine taban kenarının tamamını alır,"Tabanın merkezinden bir kenarın ortasına apotemi çiz. Yükseklik, apotem ve yan yüz yüksekliğinden dik üçgeni kurup eksik olanı Pisagor'la bul","Tepe, tabanın merkezinin tam üstündedir; tepeden kenar ortasına inen yan yüz yüksekliği bu dik üçgenin hipotenüsüdür",Hacim gerekiyorsa bulunan yükseklikle `prizma_hacmi_taban_carpi_yukseklik` kuralının üçte biri alınır,"Taban kenarı 12, yüksekliği 8 olan kare piramitte apotem 6, yan yüz yüksekliği √(64 + 36) = 10","MEB 3 Adım TYT Matematik hamle verisi (2 soru: Katı Cisimler - Prizmalar); ajan yazdı, 7 Ekim 2026",Piramit · yükseklik-apotem-yan yüz üçgeni,Piramitte yükseklik ile yan yüz yüksekliğinden biri isteniyorsa tabanın merkezinden kenar ortasına apotemi çizip Pisagor kur
uc_boyut_farklarini_pisagorla_birlestir,Matematik · Katı Cisimler - Prizmalar · 10. Sınıf,Küplerden oluşan bir yapıda ya da dikdörtgenler prizmasında iki köşe arasındaki düz (havadan) uzaklık soruluyor,"İki nokta arasındaki uzaklık √(x² + y² + z²); x, y, z üç dik yöndeki farklardır. Dikdörtgenler prizmasında cisim köşegeni √(a² + b² + c²)",Öğrenci yönlerden birindeki farkı yanlış sayar (yapının kaç katlı olduğunu karıştırır) ya da yalnız iki boyutu kullanır,"Bir köşeyi başlangıç al ve öbür köşeye en, boy ve yükseklik yönünde kaç birim gidildiğini ayrı ayrı say. Üç farkın karelerini toplayıp karekök al","Önce taban düzlemindeki köşegen bulunur, sonra o köşegen ile yükseklik ikinci bir dik üçgen kurar; iki Pisagor tek formülde birleşir",Yol cismin yüzeyi üzerinden gidiyorsa uzaklık açınımda düz çizgiyle bulunur: `acinimda_en_kisa_yol_dogru`,2 × 3 × 6 boyutlu prizmanın cisim köşegeni √(4 + 9 + 36) = 7,"MEB 3 Adım TYT Matematik hamle verisi (1 soru: Katı Cisimler - Prizmalar); ajan yazdı, 7 Ekim 2026; az veri",Katı cisimler · üç boyutta uzaklık,İki köşe arası düz uzaklık soruluyorsa üç yöndeki farkları ayrı say ve kareleri toplamının kökünü al
acinimda_en_kisa_yol_dogru,Matematik · Katı Cisimler - Prizmalar · 10. Sınıf,"Bir karınca ya da ip cismin (prizma, piramit, silindir) yüzeyi üzerinden bir noktadan öbürüne gidiyor; en kısa yol soruluyor","Yüzey üzerindeki en kısa yol, yolun geçtiği yüzler düzleme açıldığında iki noktayı birleştiren doğru parçasıdır",Öğrenci yolu kenarlar ya da taban üzerinden parça parça ölçer veya cismin içinden geçen köşegeni hesaplar,Yolun geçeceği yüzleri yan yana açıp düzleme ser. Başlangıç ve bitiş noktalarını birleştiren düz parçayı Pisagor ya da üçgen kurallarıyla hesapla,Açınım uzunlukları değiştirmez; düzlemde iki nokta arasındaki en kısa yol da doğru parçasıdır,Yol cismin içinden geçebiliyorsa üç boyutta uzaklık kullanılır: `uc_boyut_farklarini_pisagorla_birlestir`,Ayrıtı 2 olan küpte karşı köşeye yüzey üzerinden en kısa yol: açınımda 2 × 4 dikdörtgenin köşegeni √(4 + 16) = 2√5,"MEB 3 Adım TYT Matematik hamle verisi (1 soru: Katı Cisimler - Prizmalar); ajan yazdı, 7 Ekim 2026; az veri",Katı cisimler · açınımda en kısa yol,Yüzey üzerinde en kısa yol soruluyorsa yüzleri aç ve iki noktayı düz çizgiyle birleştir
hacim_sabit_yukseklik_tabana_bolunur,Matematik · Katı Cisimler - Prizmalar · 10. Sınıf,İçinde sıvı olan kap farklı bir yüzü üstüne yatırılıyor ya da sıvı başka kaba aktarılıyor; yeni sıvı yüksekliği veya kabın boyutları soruluyor,Kap döndürülünce ya da sıvı aktarılınca sıvının hacmi değişmez: yeni yükseklik = hacim / yeni taban alanı (dikdörtgenler prizması biçimli kaplarda),"Öğrenci hacmi her konum için yeniden hesaplamaya çalışır, yükseklikleri toplar ya da hangi yüzün taban olduğunu karıştırır",İlk konumda sıvının hacmini taban alanı × yükseklik diye yaz. Yeni konumdaki taban alanını belirle ve hacmi bu alana bölerek yeni yüksekliği bul,Sıvının miktarı korunur; yalnız onu taşıyan tabanın alanı değiştiği için yükseklik ters orantılı değişir,Parçalar kesilip birleştirildiğinde de hacim korunur ama yüzey alanı değişir: `parcalar_birlesince_hacim_korunur`,10 × 20 × 30 kapta 10 × 20 tabanında su 15 cm ise hacim 3000; 20 × 30 yüzü üstüne yatırılınca yükseklik 3000/600 = 5 cm,"MEB 3 Adım TYT Matematik hamle verisi (2 soru: Katı Cisimler - Prizmalar); ajan yazdı, 7 Ekim 2026","Katı cisimler · sabit hacim, değişen taban","Kap yatırılıyor ya da sıvı aktarılıyorsa hacmi bir kez bul, sonra yeni taban alanına böl"
parcalar_birlesince_hacim_korunur,Matematik · Katı Cisimler - Prizmalar · 10. Sınıf,Bir cisim kesilip parçalar başka bir biçimde birleştiriliyor ya da iki cisim yapıştırılıyor; yeni cismin hacmi veya yüzey alanı soruluyor,"Kesip birleştirmede toplam hacim değişmez. Yüzey alanında ise kesimle açılan yüzler eklenir, yapıştırılan yüzler (her iki cisimden de) düşülür",Öğrenci kesimin hangi doğrultuda yapıldığını görmez ya da yapışan temas yüzeyini yalnız bir cisimden düşer,"Parçaların hacimlerini toplayarak yeni cismin hacmini yaz. Yüzey alanı için ayrı yüzeyleri topla, temas eden her yüzü iki kez (iki cisimden) çıkar ya da kesimle açılan yüzleri ekle",Hacim malzemenin miktarıdır ve korunur; yüzey ise hangi yüzlerin dışarıda kaldığına bağlıdır,Sıvı aktarmada da hacim korunur ama soru yeni yüksekliktir: `hacim_sabit_yukseklik_tabana_bolunur`,"2 × 3 × 4 kutu, 4'lük ayrıt ortadan kesilip iki 2 × 3 × 2 kutuya ayrılırsa hacim 24 kalır; yüzey 52'den 2·32 = 64'e çıkar (2·6 eklenir)","MEB 3 Adım TYT Matematik hamle verisi (2 soru: Katı Cisimler - Prizmalar); ajan yazdı, 7 Ekim 2026",Katı cisimler · kesip birleştirmede hacim,"Cisim kesilip yeniden birleştiriliyorsa hacmi koru, yüzey alanında açılan ve yapışan yüzleri ayrıca hesapla"
